patch_number,patch_filename,sentinel2_id,satellite_date,station,cwc_datetime,latitude,longitude,turbidity_NTU,days_difference,cloud_percentage,B2,B3,B4,B8,B11,B12,NDWI,MNDWI,sentinel_patch_count,candidate_cwc_records,duplicate_sentinel_id,linkage_status,patch,patch_file,patch_width,patch_height,num_bands,crs,B2_mean,B2_median,B2_std,B2_min,B2_max,B3_mean,B3_median,B3_std,B3_min,B3_max,B4_mean,B4_median,B4_std,B4_min,B4_max,B8_mean,B8_median,B8_std,B8_min,B8_max,B11_mean,B11_median,B11_std,B11_min,B11_max,B12_mean,B12_median,B12_std,B12_min,B12_max,NDWI_mean,NDWI_median,NDWI_std,NDWI_min,NDWI_max,MNDWI_mean,MNDWI_median,MNDWI_std,MNDWI_min,MNDWI_max,water_fraction,has_turbidity_label,has_patch_features
1,Etawah_1_20210101T052219_20210101T052222_T44RKQ.tif,20210101T052219_20210101T052222_T44RKQ,2021-01-01,ETAWAH,01-01-2021 08:00,26.74972222,78.98333333,1.0,0.103102037037037,0.001948,0.1002675814413558,0.0995498036898605,0.0813770271346879,0.0995831789673297,0.0400851629155285,0.023399915513142,-0.000175604936885,0.4264642591378442,2,1,True,OK,1,Etawah_1_20210101T052219_20210101T052222_T44RKQ.tif,13,14,9,EPSG:32644,0.10536042600870132,0.10305000096559525,0.007166426628828049,0.09359999746084213,0.1340000033378601,0.10934121161699295,0.10584999620914459,0.01101015042513609,0.09390000253915787,0.14740000665187836,0.09136868268251419,0.08775000274181366,0.011562362313270569,0.07639999687671661,0.1379999965429306,0.17395438253879547,0.125,0.07849407941102982,0.09709999710321426,0.3986999988555908,0.10078296810388565,0.07950000464916229,0.06034243106842041,0.03709999844431877,0.22139999270439148,0.06353681534528732,0.05139999836683273,0.04135366901755333,0.019600000232458115,0.17180000245571136,-0.17878223955631256,-0.08871613442897797,0.16963966190814972,-0.5300271511077881,0.013013009913265705,0.12811122834682465,0.1154661625623703,0.2822459638118744,-0.2364072948694229,0.48002803325653076,0.5494505494505495,True,True
2,Etawah_2_20210131T052039_20210131T052539_T44RKQ.tif,20210131T052039_20210131T052539_T44RKQ,2021-01-31,ETAWAH,01-02-2021 08:15,26.74972222,78.98333333,9.0,1.113502974537037,0.001931,0.0182047155318647,0.0230014075929936,0.0151139075666202,0.0226987754340862,0.0142322918396235,0.0106446791142917,0.0062981905551472,0.2454706472239818,2,1,True,OK,2,Etawah_2_20210131T052039_20210131T052539_T44RKQ.tif,13,14,9,EPSG:32644,0.02818351797759533,0.02185000106692314,0.013015433214604855,0.01549999974668026,0.09130000323057175,0.042047254741191864,0.03020000085234642,0.021342985332012177,0.020999999716877937,0.121799997985363,0.032519228756427765,0.023499999195337296,0.020333480089902878,0.013399999588727951,0.11879999935626984,0.12354999780654907,0.04969999939203262,0.11358080059289932,0.020899999886751175,0.4097999930381775,0.07964341342449188,0.058250002562999725,0.06551622599363327,0.009800000116229057,0.21209999918937683,0.05329066142439842,0.04399999976158142,0.04267292842268944,0.006599999964237213,0.17870000004768372,-0.2974672317504883,-0.2448279857635498,0.26371458172798157,-0.7532608509063721,0.035343050956726074,-0.1044662669301033,-0.21207919716835022,0.32990574836730957,-0.5461200475692749,0.42553189396858215,0.41208791208791207,True,True
3,Etawah_3_20210302T051729_20210302T052733_T44RKQ.tif,20210302T051729_20210302T052733_T44RKQ,2021-03-02,ETAWAH,01-03-2021 08:10,26.74972222,78.98333333,10.0,0.8899603703703703,0.00653,0.0249581926031382,0.0353287162331587,0.0212601915553531,0.0339667652033558,0.0216777030709472,0.0175754223147361,0.0199532581170166,0.246392207793883,2,1,True,OK,3,Etawah_3_20210302T051729_20210302T052733_T44RKQ.tif,13,14,9,EPSG:32644,0.03545878827571869,0.03175000101327896,0.013632621616125107,0.021299999207258224,0.10459999740123749,0.05228131636977196,0.045500002801418304,0.01925266720354557,0.031700000166893005,0.1370999962091446,0.0396527461707592,0.031050000339746475,0.021494513377547264,0.017500000074505806,0.13699999451637268,0.14222528040409088,0.06650000065565109,0.11517952382564545,0.03060000017285347,0.4000999927520752,0.08918461203575134,0.07119999825954437,0.06625741720199585,0.01549999974668026,0.22010000050067902,0.06165603920817375,0.055299997329711914,0.043328482657670975,0.013000000268220901,0.1817999929189682,-0.2844495177268982,-0.19884595274925232,0.27993491291999817,-0.7953780293464661,0.06306307017803192,-0.09410572052001953,-0.1624845713376999,0.31464359164237976,-0.521041214466095,0.3737373948097229,0.44505494505494503,True,True
4,Etawah_4_20210322T051649_20210322T052843_T44RKQ.tif,20210322T051649_20210322T052843_T44RKQ,2021-03-22,ETAWAH,22-03-2021 08:30,26.74972222,78.98333333,8.0,0.1239266203703703,9.910906,0.0666223673521214,0.0755822639031386,0.064375197704722,0.0918483244420893,0.0660862340570872,0.0495098680672068,-0.09711592260702,0.0677355557270054,2,1,True,OK,4,Etawah_4_20210322T051649_20210322T052843_T44RKQ.tif,13,14,9,EPSG:32644,0.07225879281759262,0.06960000097751617,0.008220124058425426,0.06239999830722809,0.1062999963760376,0.08559669554233551,0.08049999922513962,0.012462608516216278,0.07129999995231628,0.13050000369548798,0.07773186266422272,0.07150000333786011,0.017490100115537643,0.061799999326467514,0.13570000231266022,0.15722912549972534,0.11129999905824661,0.0681132897734642,0.0892999991774559,0.2797999978065491,0.12502911686897278,0.10565000027418137,0.05966958403587341,0.06260000169277191,0.24940000474452972,0.08827966451644897,0.0754999965429306,0.042004264891147614,0.04529999941587448,0.19779999554157257,-0.24805279076099396,-0.1703760027885437,0.15409184992313385,-0.5223068594932556,-0.08009421825408936,-0.12906517088413239,-0.1190895289182663,0.18523356318473816,-0.3840177655220032,0.10604982078075409,0.4340659340659341,True,True
5,Etawah_5_20210406T051651_20210406T052529_T44RKQ.tif,20210406T051651_20210406T052529_T44RKQ,2021-04-06,ETAWAH,05-04-2021 08:00,26.74972222,78.98333333,2.0,0.8968722685185185,2.423715,0.0401551245936184,0.0738486342975316,0.0749406530154734,0.1183406808256247,0.1305999290932238,0.1004455117666087,-0.2315825475149091,-0.2776991854304331,2,1,True,OK,5,Etawah_5_20210406T051651_20210406T052529_T44RKQ.tif,13,14,9,EPSG:32644,0.056044504046440125,0.04490000009536743,0.02460188791155815,0.035100001841783524,0.13279999792575836,0.09412802010774612,0.0815500020980835,0.028221644461154938,0.0697999969124794,0.18610000610351562,0.10137032717466354,0.08444999903440475,0.038969554007053375,0.07320000231266022,0.23680000007152557,0.19240109622478485,0.13929998874664307,0.0778091549873352,0.1136000007390976,0.32179999351501465,0.1882159411907196,0.16260001063346863,0.06209149584174156,0.12690000236034393,0.3499000072479248,0.13894174993038177,0.12025000154972076,0.04637204855680466,0.09769999980926514,0.28369998931884766,-0.3171278238296509,-0.2650231420993805,0.11101125180721283,-0.5604450106620789,-0.20252496004104614,-0.32580259442329407,-0.3083440065383911,0.0570795051753521,-0.4460245668888092,-0.23961004614830017,0.0,True,True
6,Etawah_6_20210411T051649_20210411T052917_T44RKQ.tif,20210411T051649_20210411T052917_T44RKQ,2021-04-11,ETAWAH,12-04-2021 08:05,26.74972222,78.98333333,17.0,1.1065938310185186,0.827834,0.0349425958948805,0.0492270552623505,0.0404779280788634,0.0678820094504804,0.0569473818817117,0.0458099519139625,-0.1592963270901761,-0.0718342508055659,2,1,True,OK,6,Etawah_6_20210411T051649_20210411T052917_T44RKQ.tif,13,14,9,EPSG:32644,0.055153291672468185,0.043549999594688416,0.027174105867743492,0.03229999914765358,0.13510000705718994,0.07600439339876175,0.06024999916553497,0.03431219980120659,0.04639999940991402,0.17649999260902405,0.07554945349693298,0.053599998354911804,0.04862410947680473,0.03889999911189079,0.2264000028371811,0.16369065642356873,0.09350000321865082,0.09980157762765884,0.06520000100135803,0.3303000032901764,0.14189615845680237,0.101500004529953,0.09180054813623428,0.05350000038743019,0.36820000410079956,0.10682637244462967,0.08139999955892563,0.07200390845537186,0.043299999088048935,0.33059999346733093,-0.3012907803058624,-0.22806493937969208,0.15488548576831818,-0.6175339221954346,-0.1418803185224533,-0.23493777215480804,-0.21754923462867737,0.15245375037193298,-0.48166605830192566,-0.033816419541835785,0.0,True,True
7,Etawah_7_20210421T051649_20210421T053100_T44RKQ.tif,20210421T051649_20210421T053100_T44RKQ,2021-04-21,ETAWAH,21-04-2021 08:10,26.74972222,78.98333333,21.0,0.1100911111111111,56.752861,0.616246002902453,0.5758819288473476,0.5370391913404403,0.5899291142133308,0.4583056151304764,0.4200075474559323,-0.0130136352820766,0.1119706932641985,2,1,True,OK,7,Etawah_7_20210421T051649_20210421T053100_T44RKQ.tif,13,14,9,EPSG:32644,0.5095582604408264,0.5586000084877014,0.1537935733795166,0.18950000405311584,0.7336000204086304,0.5031285285949707,0.5371000170707703,0.13235951960086823,0.15299999713897705,0.6868000030517578,0.48363402485847473,0.5161000490188599,0.12870702147483826,0.1356000006198883,0.6542999744415283,0.5115384459495544,0.5534999966621399,0.1207764595746994,0.22020000219345093,0.6894999742507935,0.4129164516925812,0.4444500207901001,0.09114793688058853,0.16200000047683716,0.527899980545044,0.3654137849807739,0.39424997568130493,0.0917692631483078,0.12479999661445618,0.4839000105857849,-0.013948017731308937,-0.006870640441775322,0.043985191732645035,-0.18006432056427002,0.1268613636493683,0.0915287584066391,0.1059018224477768,0.07985717803239822,-0.22807016968727112,0.3385675847530365,0.8956043956043956,True,True
8,Etawah_8_20210521T051649_20210521T053105_T44RKQ.tif,20210521T051649_20210521T053105_T44RKQ,2021-05-21,ETAWAH,21-05-2021 08:00,26.74972222,78.98333333,14.0,0.1030838310185185,62.963474,0.4625312510567407,0.413742229636121,0.3552724131559198,0.3317995203851915,0.2146325630979059,0.1521873606215776,0.1135651440687922,0.329552407770812,2,1,True,OK,8,Etawah_8_20210521T051649_20210521T053105_T44RKQ.tif,13,14,9,EPSG:32644,0.5241439342498779,0.48865002393722534,0.08792759478092194,0.43309998512268066,0.7523999810218811,0.4820670783519745,0.443450003862381,0.09296352416276932,0.384799987077713,0.7289999723434448,0.4366148114204407,0.38865000009536743,0.10740120708942413,0.3248000144958496,0.7218999862670898,0.4230928421020508,0.3695000112056732,0.12385755032300949,0.2840999960899353,0.746399998664856,0.3410225212574005,0.2681500017642975,0.17123763263225555,0.15530000627040863,0.7781000137329102,0.26843294501304626,0.20464999973773956,0.15837642550468445,0.11110000312328339,0.6887999773025513,0.07548214495182037,0.08439311385154724,0.04691794887185097,-0.011976047419011593,0.150737464427948,0.2130584716796875,0.2265997678041458,0.14280344545841217,-0.045068297535181046,0.4286239743232727,0.9175824175824175,True,True
9,Etawah_9_20210531T051649_20210531T052809_T44RKQ.tif,20210531T051649_20210531T052809_T44RKQ,2021-05-31,ETAWAH,01-06-2021 08:00,26.74972222,78.98333333,17.0,1.1030734259259258,2.697526,0.0513129786945888,0.0705720589764684,0.0609986906460075,0.0848586287355755,0.0806510277587484,0.0655304475840567,-0.0934871165926131,-0.0688007761837562,2,1,True,OK,9,Etawah_9_20210531T051649_20210531T052809_T44RKQ.tif,13,14,9,EPSG:32644,0.07072032988071442,0.062300000339746475,0.025699786841869354,0.04610000178217888,0.16279999911785126,0.09554561227560043,0.08969999849796295,0.029920578002929688,0.06599999964237213,0.21170000731945038,0.08992527425289154,0.07654999941587448,0.03988867253065109,0.05480000004172325,0.24469999969005585,0.16789177060127258,0.12280000001192093,0.08304767310619354,0.07970000058412552,0.34360000491142273,0.16163131594657898,0.12189999967813492,0.08265825361013412,0.07580000162124634,0.37369999289512634,0.12851373851299286,0.10289999842643738,0.07247313112020493,0.06030000001192093,0.36239999532699585,-0.22579967975616455,-0.16718558967113495,0.16268613934516907,-0.5689497590065002,-0.03714151307940483,-0.2103116810321808,-0.20187118649482727,0.14871641993522644,-0.44376012682914734,0.026052096858620644,0.016483516483516484,True,True
10,Etawah_10_20210610T051649_20210610T053106_T44RKQ.tif,20210610T051649_20210610T053106_T44RKQ,2021-06-10,ETAWAH,11-06-2021 08:00,26.74972222,78.98333333,19.0,1.1030702546296296,32.074681,0.8012977494262497,0.7468568719000563,0.7083793379584548,0.7222186922607524,0.5834345477255616,0.5750650534456647,0.0167652148749996,0.1228350781382539,2,1,True,OK,10,Etawah_10_20210610T051649_20210610T053106_T44RKQ.tif,13,14,9,EPSG:32644,0.7230522036552429,0.7633500099182129,0.1293635368347168,0.3783999979496002,0.90420001745224,0.6778659224510193,0.7145000100135803,0.10804717242717743,0.37929999828338623,0.8281999826431274,0.6405681371688843,0.6684999465942383,0.09421548992395401,0.37720000743865967,0.7753000259399414,0.6681153774261475,0.6991499662399292,0.09652235358953476,0.3921999931335449,0.8169999718666077,0.5395780205726624,0.5521000027656555,0.05467807501554489,0.3880000114440918,0.625,0.5203269124031067,0.5319000482559204,0.05701374262571335,0.3693000078201294,0.6146000027656555,0.0058958339504897594,0.010592414066195488,0.014301616698503494,-0.056936848908662796,0.027903085574507713,0.10898424685001373,0.127830371260643,0.05360693112015724,-0.07345717400312424,0.1960185170173645,0.9505494505494505,True,True
11,Etawah_11_20210620T051649_20210620T053110_T44RKQ.tif,20210620T051649_20210620T053110_T44RKQ,2021-06-20,ETAWAH,21-06-2021 07:50,26.74972222,78.98333333,28.0,1.0961295601851853,28.629676,0.3662996056892381,0.3539987019649162,0.3355478895576418,0.3762721519262806,0.3863888795084848,0.3765853028282993,-0.0304769069482866,-0.0437989768244143,2,1,True,OK,11,Etawah_11_20210620T051649_20210620T053110_T44RKQ.tif,13,14,9,EPSG:32644,0.372618705034256,0.36409997940063477,0.02628742903470993,0.335999995470047,0.44690001010894775,0.3602527678012848,0.354449987411499,0.022315973415970802,0.33169999718666077,0.4237000048160553,0.3403450548648834,0.3349999785423279,0.020746398717164993,0.30959999561309814,0.39989998936653137,0.3859483599662781,0.3817499876022339,0.018590860068798065,0.3560999929904938,0.4352000057697296,0.39144229888916016,0.3894500136375427,0.012836051173508167,0.3580999970436096,0.4268999993801117,0.37795770168304443,0.37770000100135803,0.01343774888664484,0.34470000863075256,0.4058000147342682,-0.03478623554110527,-0.03531491756439209,0.00942207034677267,-0.05913307145237923,-0.010624623857438564,-0.04213143140077591,-0.04704972729086876,0.01873062737286091,-0.07804343104362488,0.0050263614393770695,0.02197802197802198,True,True
12,Etawah_12_20210630T051649_20210630T051915_T44RKQ.tif,20210630T051649_20210630T051915_T44RKQ,2021-06-30,ETAWAH,01-07-2021 08:00,26.74972222,78.98333333,30.0,1.1030700925925927,68.552062,0.2201563063023092,0.2287543066798265,0.2150443412556505,0.2770006217582672,0.2159185553858946,0.2021453828584437,-0.0953916754932268,0.028861681600353,2,1,True,OK,12,Etawah_12_20210630T051649_20210630T051915_T44RKQ.tif,13,14,9,EPSG:32644,0.22054120898246765,0.2195500135421753,0.00869097001850605,0.20649999380111694,0.24950000643730164,0.22980327904224396,0.22859999537467957,0.009839391335844994,0.21490000188350677,0.2639000117778778,0.21817855536937714,0.21559999883174896,0.01350922416895628,0.19869999587535858,0.26570001244544983,0.2985835373401642,0.288100004196167,0.0219442006200552,0.27090001106262207,0.34599998593330383,0.231962651014328,0.22529999911785126,0.017679285258054733,0.21359999477863312,0.2874000072479248,0.21217744052410126,0.20614999532699585,0.01553996279835701,0.2003999948501587,0.2687999904155731,-0.12905451655387878,-0.11089349538087845,0.04125309735536575,-0.22629804909229279,-0.08533655107021332,-0.003743849927559495,0.006594957783818245,0.03173022344708443,-0.05147863179445267,0.033288341015577316,0.5384615384615384,True,True
13,Etawah_13_20210710T051649_20210710T053111_T44RKQ.tif,20210710T051649_20210710T053111_T44RKQ,2021-07-10,ETAWAH,12-07-2021 07:40,26.74972222,78.98333333,41.0,2.089172349537037,67.810458,0.0813602342717098,0.0776647525411602,0.0255042792217667,0.061943834697878,0.0549574467853794,0.0661453278473083,0.1463727723680717,0.1717411475292793,2,1,True,OK,13,Etawah_13_20210710T051649_20210710T053111_T44RKQ.tif,13,14,9,EPSG:32644,0.13427911698818207,0.1197500005364418,0.06703275442123413,0.020500000566244125,0.2971999943256378,0.14279945194721222,0.12595000863075256,0.06134839355945587,0.047600001096725464,0.3100000023841858,0.11012473702430725,0.08374999463558197,0.075231172144413,0.00570000009611249,0.337799996137619,0.22657251358032227,0.2284500002861023,0.12236935645341873,0.02590000070631504,0.5213000178337097,0.2013917714357376,0.18870000541210175,0.11333271861076355,0.026000000536441803,0.4916999936103821,0.1648489087820053,0.14544999599456787,0.10014423727989197,0.023900000378489494,0.4733000099658966,-0.15810975432395935,-0.07541987299919128,0.26922211050987244,-0.7149974703788757,0.39273151755332947,-0.12266372889280319,-0.16760003566741943,0.24693849682807922,-0.6059249043464661,0.4796460270881653,0.34615384615384615,True,True
14,Etawah_14_20210725T051651_20210725T052751_T44RKQ.tif,20210725T051651_20210725T052751_T44RKQ,,,,,,,,,,,,,,,,,2,0,True,NO_CWC_METADATA,14,Etawah_14_20210725T051651_20210725T052751_T44RKQ.tif,13,14,9,EPSG:32644,0.48705384135246277,0.4724000096321106,0.1005747839808464,0.20800000429153442,0.7279000282287598,0.4712659418582916,0.46324998140335083,0.09406594187021255,0.20630000531673431,0.6933000087738037,0.4454796314239502,0.4399999976158142,0.09389184415340424,0.1972000002861023,0.6600000262260437,0.486378014087677,0.4855499863624573,0.07847023755311966,0.2442999929189682,0.6672000288963318,0.4925406277179718,0.49549999833106995,0.07573352009057999,0.25929999351501465,0.6395999789237976,0.429828017950058,0.4312500059604645,0.07970653474330902,0.16599999368190765,0.5770999789237976,-0.019571194425225258,-0.015570545569062233,0.026312032714486122,-0.11014831066131592,0.02495143562555313,-0.026495005935430527,-0.018011964857578278,0.0593591146171093,-0.306671142578125,0.07418859004974365,0.36813186813186816,False,True
15,Etawah_15_20210814T051651_20210814T053104_T44RKQ.tif,20210814T051651_20210814T053104_T44RKQ,,,,,,,,,,,,,,,,,2,0,True,NO_CWC_METADATA,15,Etawah_15_20210814T051651_20210814T053104_T44RKQ.tif,13,14,9,EPSG:32644,0.14205989241600037,0.12889999151229858,0.03653402626514435,0.10000000149011612,0.2418999969959259,0.16501152515411377,0.15240000188350677,0.035286761820316315,0.1193000003695488,0.257999986410141,0.15748625993728638,0.14710000157356262,0.03070935234427452,0.10440000146627426,0.24420000612735748,0.24140825867652893,0.2150000035762787,0.07412123680114746,0.14010000228881836,0.37380000948905945,0.20139504969120026,0.21040000021457672,0.06701511889696121,0.0828000009059906,0.3278000056743622,0.15492306649684906,0.15680000185966492,0.054063569754362106,0.05640000104904175,0.26510000228881836,-0.17447978258132935,-0.17179203033447266,0.07817214727401733,-0.42229872941970825,0.10322125256061554,-0.07709836214780807,-0.10754525661468506,0.13356700539588928,-0.38110747933387756,0.2641429305076599,0.2692307692307692,False,True
16,Etawah_16_20210824T051651_20210824T052626_T44RKQ.tif,20210824T051651_20210824T052626_T44RKQ,2021-08-24,ETAWAH,23-08-2021 09:20,26.74972222,78.98333333,15.0,0.8413855555555556,46.873043,0.1527165820096359,0.157842088262089,0.125277702600133,0.1546369098328255,0.0793349378939449,0.0534676803996459,0.0102046248959087,0.3309505533611587,2,1,True,OK,16,Etawah_16_20210824T051651_20210824T052626_T44RKQ.tif,13,14,9,EPSG:32644,0.18034614622592926,0.15154999494552612,0.07200508564710617,0.1251000016927719,0.47040000557899475,0.18591371178627014,0.15810000896453857,0.06411094218492508,0.13899999856948853,0.46000000834465027,0.15006978809833527,0.12530000507831573,0.06321712583303452,0.09600000083446503,0.42750000953674316,0.26911041140556335,0.2280000001192093,0.12028137594461441,0.14069999754428864,0.5383999943733215,0.17682857811450958,0.1599999964237213,0.09923802316188812,0.07360000163316727,0.4860999882221222,0.11113957315683365,0.09479999542236328,0.07203614711761475,0.04749999940395355,0.3763999938964844,-0.1469031721353531,-0.08839450776576996,0.18592630326747894,-0.5176708102226257,0.03245440497994423,0.07784255594015121,0.08483528345823288,0.21907085180282593,-0.2514808773994446,0.34692177176475525,0.5769230769230769,True,True
17,Etawah_17_20210903T051651_20210903T052534_T44RKQ.tif,20210903T051651_20210903T052534_T44RKQ,2021-09-03,ETAWAH,01-09-2021 08:30,26.74972222,78.98333333,33.0,1.8760952546296297,59.455585,0.2745007864275092,0.2509446251290003,0.2170016031275999,0.2683605020026769,0.1565585585839644,0.1358724655709355,-0.0335537202853965,0.2315887134975276,2,1,True,OK,17,Etawah_17_20210903T051651_20210903T052534_T44RKQ.tif,13,14,9,EPSG:32644,0.276359885931015,0.2761000096797943,0.007397415116429329,0.2635999917984009,0.29580000042915344,0.2587999999523163,0.25644999742507935,0.009567090310156345,0.2410999983549118,0.2782999873161316,0.22405385971069336,0.2222999930381775,0.011932413093745708,0.20080000162124634,0.2540999948978424,0.29729393124580383,0.2869499921798706,0.02991516701877117,0.2621000111103058,0.3610999882221222,0.1710318624973297,0.16565001010894775,0.014512467198073864,0.15389999747276306,0.22130000591278076,0.14329339563846588,0.1412000060081482,0.008262104354798794,0.13300000131130219,0.1784999966621399,-0.06693442910909653,-0.04271466284990311,0.05187370628118515,-0.18550248444080353,-0.011296399869024754,0.20515915751457214,0.214430570602417,0.040775977075099945,0.11302605271339417,0.2707997262477875,1.0,True,True
18,Etawah_18_20210913T051651_20210913T053059_T44RKQ.tif,20210913T051651_20210913T053059_T44RKQ,2021-09-13,ETAWAH,13-09-2021 08:00,26.74972222,78.98333333,35.0,0.1030720138888888,29.700629,0.6689439188554749,0.6639480279540424,0.6435077746927338,0.6700916550885719,0.6588673625091042,0.5827718107365407,-0.0050659787490354,0.0032516683078594,2,1,True,OK,18,Etawah_18_20210913T051651_20210913T053059_T44RKQ.tif,13,14,9,EPSG:32644,0.45452746748924255,0.45389997959136963,0.2489752322435379,0.07639999687671661,0.9124000072479248,0.46802088618278503,0.4713999927043915,0.22434371709823608,0.10670000314712524,0.8730000257492065,0.45705825090408325,0.4657999873161316,0.21467676758766174,0.09880000352859497,0.8338000178337097,0.5126109719276428,0.5604000091552734,0.1991020292043686,0.08219999819993973,0.8248999714851379,0.5064796805381775,0.5550999641418457,0.19002680480480194,0.04490000009536743,0.7846999764442444,0.442717581987381,0.4945000112056732,0.1769624501466751,0.03669999912381172,0.7103999853134155,-0.06178058311343193,-0.04605504125356674,0.08392169326543808,-0.3555689752101898,0.1296982765197754,-0.0532117523252964,-0.05483889579772949,0.11527472734451294,-0.27516552805900574,0.40765172243118286,0.3516483516483517,True,True
19,Etawah_19_20210923T051651_20210923T053101_T44RKQ.tif,20210923T051651_20210923T053101_T44RKQ,2021-09-23,ETAWAH,21-09-2021 08:30,26.74972222,78.98333333,26.0,1.876120601851852,37.094069,0.1179673991686253,0.1410339520782702,0.1350458606213398,0.121847198158083,0.0419424126057902,0.0286345580246127,0.0730504989629267,0.5417419901738565,2,1,True,OK,19,Etawah_19_20210923T051651_20210923T053101_T44RKQ.tif,13,14,9,EPSG:32644,0.11247965693473816,0.11640000343322754,0.01717204600572586,0.07840000092983246,0.15950000286102295,0.13572198152542114,0.13989999890327454,0.018152663484215736,0.09780000150203705,0.18469999730587006,0.11879725009202957,0.13279999792575836,0.02859441004693508,0.06129999831318855,0.1736000031232834,0.2164972573518753,0.1388999968767166,0.12299390882253647,0.09679999947547913,0.4876999855041504,0.11241263151168823,0.062950000166893,0.08619660139083862,0.027000000700354576,0.30059999227523804,0.06395000219345093,0.038350000977516174,0.04813333973288536,0.01810000091791153,0.23180000483989716,-0.1458767056465149,0.023495305329561234,0.26731717586517334,-0.6368517875671387,0.11070279777050018,0.21135275065898895,0.40050971508026123,0.38644498586654663,-0.4018072485923767,0.6752856373786926,0.6703296703296703,True,True
20,Etawah_20_20211003T051701_20211003T052600_T44RKQ.tif,20211003T051701_20211003T052600_T44RKQ,2021-10-03,ETAWAH,01-10-2021 08:30,26.74972222,78.98333333,94.0,1.876138136574074,0.05719,0.0776076016953919,0.1052789132609997,0.1101964246156533,0.0797073053592514,0.0215039414011239,0.0149214384670428,0.1383185514242615,0.6608290720378628,2,1,True,OK,20,Etawah_20_20211003T051701_20211003T052600_T44RKQ.tif,13,14,9,EPSG:32644,0.06917636841535568,0.07590000331401825,0.01749768666923046,0.035599999129772186,0.14550000429153442,0.10014670342206955,0.10520000010728836,0.018434975296258926,0.06480000168085098,0.20020000636577606,0.09439889341592789,0.10939999669790268,0.031971272081136703,0.03280000016093254,0.22339999675750732,0.16475218534469604,0.08760000020265579,0.11751240491867065,0.07090000063180923,0.4153999984264374,0.08319999277591705,0.03440000116825104,0.08103065937757492,0.017400000244379044,0.3928999900817871,0.04903516545891762,0.02160000056028366,0.05556116998195648,0.011800000444054604,0.36059999465942383,-0.11540628969669342,0.10232169926166534,0.32970091700553894,-0.6979358196258545,0.25329121947288513,0.25556716322898865,0.5096030235290527,0.4549613893032074,-0.4590984582901001,0.7218225598335266,0.6648351648351648,True,True
21,Etawah_21_20211013T051751_20211013T052103_T44RKQ.tif,20211013T051751_20211013T052103_T44RKQ,2021-10-13,ETAWAH,11-10-2021 08:20,26.74972222,78.98333333,104.0,1.8830908564814808,0.000219,0.0581332065415702,0.085820707096089,0.0854408361756049,0.0592247608111466,0.0274836712316001,0.020411430273377,0.1835234407314544,0.5149063993799123,2,1,True,OK,21,Etawah_21_20211013T051751_20211013T052103_T44RKQ.tif,13,14,9,EPSG:32644,0.0566813200712204,0.05779999867081642,0.015629617497324944,0.03009999915957451,0.14069999754428864,0.08634176105260849,0.0856499969959259,0.018194885924458504,0.05779999867081642,0.19089999794960022,0.08003297448158264,0.08534999936819077,0.02783655747771263,0.03240000084042549,0.22020000219345093,0.16429999470710754,0.07019999623298645,0.13470612466335297,0.05460000038146973,0.447299987077713,0.09405165165662766,0.051600001752376556,0.07818617671728134,0.024700000882148743,0.3619999885559082,0.05974670127034187,0.035349998623132706,0.0561470203101635,0.01759999990463257,0.33660000562667847,-0.1290961354970932,0.09672824293375015,0.36044952273368835,-0.7401283979415894,0.21515366435050964,0.11151456087827682,0.23312965035438538,0.4016266465187073,-0.4908333420753479,0.5492700338363647,0.5769230769230769,True,True
22,Etawah_22_20211023T051901_20211023T052038_T44RKQ.tif,20211023T051901_20211023T052038_T44RKQ,2021-10-23,ETAWAH,21-10-2021 08:20,26.74972222,78.98333333,34.0,1.883089375,0.002223,0.0410995639164235,0.067272987310053,0.0611605292153628,0.0411115992077005,0.0239152029085367,0.0181845443832964,0.241700325243024,0.4758607455747421,2,1,True,OK,22,Etawah_22_20211023T051901_20211023T052038_T44RKQ.tif,13,14,9,EPSG:32644,0.04404780641198158,0.04195000231266022,0.014474979601800442,0.024700000882148743,0.11029999703168869,0.07329175621271133,0.06814999878406525,0.017749303951859474,0.05139999836683273,0.1589999943971634,0.06342142820358276,0.06300000101327896,0.02412325330078602,0.027400000020861626,0.1785999983549118,0.156253844499588,0.05714999884366989,0.13993890583515167,0.0364999994635582,0.4302000105381012,0.09153517335653305,0.04944999888539314,0.07451895624399185,0.021800000220537186,0.32260000705718994,0.05568241700530052,0.0320499986410141,0.04924758896231651,0.015699999406933784,0.2808000147342682,-0.12361346185207367,0.0707562267780304,0.4005739092826843,-0.7565001845359802,0.2857142984867096,0.062314461916685104,0.16167029738426208,0.3994806706905365,-0.527999997138977,0.517089307308197,0.532967032967033,True,True
23,Etawah_23_20211102T052001_20211102T052127_T44RKQ.tif,20211102T052001_20211102T052127_T44RKQ,2021-11-02,ETAWAH,01-11-2021 08:25,26.74972222,78.98333333,21.0,0.8796049768518519,0.000979,0.0630878801284534,0.0828336853773106,0.0740672719050282,0.0612292087475374,0.028531728461563,0.0205635700827393,0.149937092299313,0.4875924516309826,2,1,True,OK,23,Etawah_23_20211102T052001_20211102T052127_T44RKQ.tif,13,14,9,EPSG:32644,0.06668461859226227,0.06334999948740005,0.015713293105363846,0.04659999907016754,0.1168999969959259,0.09038680791854858,0.08370000123977661,0.019375357776880264,0.07069999724626541,0.1599999964237213,0.08115659654140472,0.07540000230073929,0.029887212440371513,0.047200001776218414,0.1867000013589859,0.15962527692317963,0.07320000231266022,0.12137310206890106,0.05730000138282776,0.4034999907016754,0.0991758182644844,0.0609000027179718,0.07935836166143417,0.02539999969303608,0.3292999863624573,0.06629889458417892,0.03674999997019768,0.06552338600158691,0.017500000074505806,0.3037000000476837,-0.12329652905464172,0.042442210018634796,0.32499590516090393,-0.6839454174041748,0.1967545747756958,0.10460978001356125,0.1621837168931961,0.3682548403739929,-0.4279935359954834,0.5400881171226501,0.5439560439560439,True,True
24,Etawah_24_20211112T052051_20211112T052922_T44RKQ.tif,20211112T052051_20211112T052922_T44RKQ,2021-11-12,ETAWAH,11-11-2021 08:30,26.74972222,78.98333333,1.0,0.8761067824074074,23.322425,0.1535981686089423,0.1592855019041815,0.1365079954350451,0.1805198769869601,0.0884747742129875,0.0625236204322973,-0.0624362017853428,0.2858248747138491,2,1,True,OK,24,Etawah_24_20211112T052051_20211112T052922_T44RKQ.tif,13,14,9,EPSG:32644,0.1538252830505371,0.15240000188350677,0.0047974600456655025,0.1468999981880188,0.1678999960422516,0.16282418370246887,0.1598999947309494,0.007216957863420248,0.15440000593662262,0.18559999763965607,0.14197690784931183,0.13785000145435333,0.011573677882552147,0.12800000607967377,0.18080000579357147,0.22425879538059235,0.1915999948978424,0.055874790996313095,0.17229999601840973,0.3402999937534332,0.1344522088766098,0.11069999635219574,0.04908985272049904,0.08609999716281891,0.2653999924659729,0.09318351745605469,0.07684999704360962,0.04041748493909836,0.05889999866485596,0.2313999980688095,-0.14304454624652863,-0.08687284588813782,0.10837670415639877,-0.3611892759799957,-0.040312886238098145,0.12337860465049744,0.18219192326068878,0.15813253819942474,-0.17694012820720673,0.2994304597377777,0.6648351648351648,True,True
25,Etawah_25_20211122T052121_20211122T052810_T44RKQ.tif,20211122T052121_20211122T052810_T44RKQ,2021-11-22,ETAWAH,22-11-2021 07:40,26.74972222,78.98333333,28.0,0.0891928356481481,5.6e-05,0.0442184969113703,0.0611591496754454,0.0493189755167501,0.0504623454180546,0.0210280264363317,0.0153500846223192,0.0955834033750081,0.4879308287683573,2,1,True,OK,25,Etawah_25_20211122T052121_20211122T052810_T44RKQ.tif,13,14,9,EPSG:32644,0.05133021995425224,0.04560000076889992,0.01553916372358799,0.0357000008225441,0.10209999978542328,0.07181263715028763,0.06385000050067902,0.020141523331403732,0.05469999834895134,0.1396999955177307,0.05982527509331703,0.050700001418590546,0.0262393057346344,0.03500000014901161,0.1624000072479248,0.14804725348949432,0.06494999676942825,0.1100631058216095,0.0494999997317791,0.3573000133037567,0.09149835258722305,0.05460000038146973,0.07661443203687668,0.016899999231100082,0.29840001463890076,0.058675821870565414,0.03440000116825104,0.058402854949235916,0.011800000444054604,0.2667999863624573,-0.19211387634277344,-0.027674738317728043,0.3069747984409332,-0.7031951546669006,0.12597744166851044,0.06514610350131989,0.06912285834550858,0.39005187153816223,-0.48978665471076965,0.5726928114891052,0.521978021978022,True,True
26,Etawah_26_20211212T052221_20211212T052221_T44RKQ.tif,20211212T052221_20211212T052221_T44RKQ,2021-12-12,ETAWAH,13-12-2021 09:20,26.74972222,78.98333333,25.0,1.1586477314814816,5.675194,0.0572261122550379,0.0768464530644065,0.0565336710314039,0.077384530231021,0.0259763088834006,0.0177379223593586,-0.0035135583477624,0.4950677660243536,2,1,True,OK,26,Etawah_26_20211212T052221_20211212T052221_T44RKQ.tif,13,14,9,EPSG:32644,0.06269724667072296,0.05869999900460243,0.009863248094916344,0.05169999971985817,0.0982000008225441,0.08449669927358627,0.07909999787807465,0.01352168433368206,0.0706000030040741,0.13030000030994415,0.06636593490839005,0.05820000171661377,0.01876361481845379,0.04960000142455101,0.1437000036239624,0.16230493783950806,0.09485000371932983,0.09248476475477219,0.07370000332593918,0.33230000734329224,0.09343845397233963,0.06399999558925629,0.06859216094017029,0.024399999529123306,0.2515999972820282,0.05994945019483566,0.04699999839067459,0.051118820905685425,0.014800000004470348,0.249099999666214,-0.22530286014080048,-0.0861750915646553,0.2356688380241394,-0.6046688556671143,0.025608962401747704,0.09270225465297699,0.10665646940469742,0.3550015091896057,-0.3648589849472046,0.5206136107444763,0.532967032967033,True,True
27,Etawah_27_20211222T052231_20211222T052230_T44RKQ.tif,20211222T052231_20211222T052230_T44RKQ,2021-12-22,ETAWAH,21-12-2021 08:20,26.74972222,78.98333333,13.0,0.8830361921296296,0.000388,0.023675999392835,0.0427331788085719,0.029523451486917,0.0279941161119626,0.019666075536054,0.0144229027489042,0.2081796843915137,0.3707362071690695,2,1,True,OK,27,Etawah_27_20211222T052231_20211222T052230_T44RKQ.tif,13,14,9,EPSG:32644,0.03404450789093971,0.026149999350309372,0.017224019393324852,0.01889999955892563,0.09669999778270721,0.06009999290108681,0.04859999939799309,0.02420319989323616,0.03889999911189079,0.13729999959468842,0.046640656888484955,0.033900000154972076,0.028294552117586136,0.026000000536441803,0.1597999930381775,0.1389005482196808,0.05000000074505806,0.1205027773976326,0.021700000390410423,0.38100001215934753,0.08892692625522614,0.058650001883506775,0.07233750075101852,0.0142000000923872,0.2667999863624573,0.05802033096551895,0.04465000331401825,0.05199868977069855,0.010999999940395355,0.2517000138759613,-0.15991705656051636,-0.03108697198331356,0.36060792207717896,-0.6774371862411499,0.3186812996864319,-0.009221970103681087,-0.0880131721496582,0.3393065631389618,-0.48148149251937866,0.4999999701976776,0.46703296703296704,True,True
28,Etawah_28_20220101T052231_20220101T053051_T44RKQ.tif,20220101T052231_20220101T053051_T44RKQ,2022-01-01,ETAWAH,01-01-2022 08:30,26.74972222,78.98333333,9.0,0.1238964467592592,19.767311,0.081851196504693,0.086055855437702,0.0653346857189217,0.0772009992642697,0.0319726770281737,0.0207320101811395,0.054252285776169,0.4583149314438505,2,1,True,OK,28,Etawah_28_20220101T052231_20220101T053051_T44RKQ.tif,13,14,9,EPSG:32644,0.08697308599948883,0.08290000259876251,0.010971681214869022,0.07540000230073929,0.12139999866485596,0.0984456017613411,0.09075000137090683,0.01692713052034378,0.08129999786615372,0.15279999375343323,0.07743791490793228,0.06830000132322311,0.019065922126173973,0.060499999672174454,0.15189999341964722,0.16154339909553528,0.09555000066757202,0.08922445774078369,0.0729999989271164,0.3386000096797943,0.09472473710775375,0.06984999775886536,0.06449512392282486,0.02850000001490116,0.250900000333786,0.06072527542710304,0.045100003480911255,0.04682769626379013,0.01720000058412552,0.22370000183582306,-0.16239772737026215,-0.02962396666407585,0.21446315944194794,-0.5055002570152283,0.07828284054994583,0.13192640244960785,0.12717580795288086,0.2935877740383148,-0.26047784090042114,0.5038893818855286,0.5604395604395604,True,True
29,Etawah_29_20220111T052201_20220111T052204_T44RKQ.tif,20220111T052201_20220111T052204_T44RKQ,2022-01-11,ETAWAH,11-01-2022 08:30,26.74972222,78.98333333,16.0,0.1239020949074074,1.575346,0.0736927226613703,0.0794295040882184,0.0667455240251362,0.086717652407609,0.0303933979166768,0.0151396397175319,-0.0438650798745797,0.4466993756642616,2,1,True,OK,29,Etawah_29_20220111T052201_20220111T052204_T44RKQ.tif,13,14,9,EPSG:32644,0.0764472484588623,0.0738999992609024,0.0073857055976986885,0.06440000236034393,0.10559999942779541,0.08712582290172577,0.08290000259876251,0.011374101042747498,0.07360000163316727,0.12349999696016312,0.07036813348531723,0.0674000009894371,0.008669675327837467,0.05909999832510948,0.10819999873638153,0.15254230797290802,0.10114999860525131,0.07198459655046463,0.08169999718666077,0.3111000061035156,0.08555714040994644,0.05920000001788139,0.057031333446502686,0.026900000870227814,0.18709999322891235,0.04894835129380226,0.03464999794960022,0.035370320081710815,0.013399999588727951,0.12690000236034393,-0.21646960079669952,-0.11953029036521912,0.17493295669555664,-0.48744019865989685,-0.01610904186964035,0.12215666472911835,0.14119499921798706,0.3072604537010193,-0.29344725608825684,0.4856596291065216,0.5604395604395604,True,True
30,Etawah_30_20220131T052041_20220131T052041_T44RKQ.tif,20220131T052041_20220131T052041_T44RKQ,2022-01-31,ETAWAH,01-02-2022 08:40,26.74972222,78.98333333,12.0,1.1308596875,2.186081,0.0861346983636083,0.0883339667988538,0.0769932009720218,0.0599754646411039,0.0255398087385467,0.017292567547138,0.1912664444152232,0.5513887338315113,2,1,True,OK,30,Etawah_30_20220131T052041_20220131T052041_T44RKQ.tif,13,14,9,EPSG:32644,0.08515385538339615,0.08460000157356262,0.008862810209393501,0.06859999895095825,0.1257999986410141,0.09294120967388153,0.08940000087022781,0.012288250029087067,0.0771000012755394,0.14350000023841858,0.07835934311151505,0.07554999738931656,0.011254161596298218,0.06109999865293503,0.13369999825954437,0.13799341022968292,0.07375000417232513,0.09179076552391052,0.05590000003576279,0.3937999904155731,0.08702966570854187,0.049800001084804535,0.06493276357650757,0.02239999920129776,0.2046000063419342,0.05701593682169914,0.036399997770786285,0.04264947399497032,0.014700000174343586,0.1671999990940094,-0.0834612026810646,0.0960773378610611,0.28304076194763184,-0.6169164180755615,0.24561402201652527,0.17054815590381622,0.2859654426574707,0.37096378207206726,-0.3390733599662781,0.6066433191299438,0.5769230769230769,True,True
31,Etawah_31_20220210T051941_20220210T052038_T44RKQ.tif,20220210T051941_20220210T052038_T44RKQ,2022-02-10,ETAWAH,11-02-2022 08:50,26.74972222,78.98333333,15.0,1.1378169444444444,56.870997,0.0122155124319744,0.0280704813831599,0.0264210163055592,0.0194212132868218,0.0161018862359137,0.0131891892508704,0.1814835026885408,0.2704256610118423,2,1,True,OK,31,Etawah_31_20220210T051941_20220210T052038_T44RKQ.tif,13,14,9,EPSG:32644,0.019975824281573296,0.013399999588727951,0.015396609902381897,0.002899999963119626,0.0908999964594841,0.04249725118279457,0.0304500013589859,0.022333012893795967,0.024900000542402267,0.13230000436306,0.0383351668715477,0.027400000020861626,0.02031455934047699,0.013199999928474426,0.12549999356269836,0.11503735929727554,0.032099999487400055,0.11361036449670792,0.015799999237060547,0.45809999108314514,0.08216538280248642,0.04635000228881836,0.06911032646894455,0.011900000274181366,0.21250000596046448,0.05574176087975502,0.03449999913573265,0.046205487102270126,0.008999999612569809,0.1670999974012375,-0.19945643842220306,-0.0655997097492218,0.3610405921936035,-0.8606315851211548,0.26484015583992004,-0.11521431803703308,-0.18376672267913818,0.34703513979911804,-0.6454326510429382,0.39898988604545593,0.42857142857142855,True,True
32,Etawah_32_20220220T051841_20220220T051840_T44RKQ.tif,20220220T051841_20220220T051840_T44RKQ,2022-02-20,ETAWAH,21-02-2022 09:10,26.74972222,78.98333333,17.0,1.1516741319444443,0.000159,0.013114710019517,0.0305662162406349,0.0238095862730112,0.0261305320613623,0.0169824183824669,0.0136671593268024,0.0783198077951637,0.2870411047091087,2,1,True,OK,32,Etawah_32_20220220T051841_20220220T051840_T44RKQ.tif,13,14,9,EPSG:32644,0.024454394355416298,0.01640000008046627,0.017277788370847702,0.008799999952316284,0.09690000116825104,0.04814395308494568,0.03464999794960022,0.024353083223104477,0.02800000086426735,0.1387999951839447,0.041718680411577225,0.027899999171495438,0.025305524468421936,0.01899999938905239,0.13650000095367432,0.12174065411090851,0.04410000145435333,0.11328350752592087,0.024299999698996544,0.49390000104904175,0.08756648749113083,0.05295000225305557,0.07334492355585098,0.014499999582767487,0.2312999963760376,0.061537910252809525,0.03750000149011612,0.0511285662651062,0.012299999594688416,0.19869999587535858,-0.23559893667697906,-0.11981849372386932,0.2887309193611145,-0.8619247078895569,0.11775046586990356,-0.09725795686244965,-0.19459645450115204,0.3313296139240265,-0.6004403233528137,0.350649356842041,0.43956043956043955,True,True
33,Etawah_33_20220302T051731_20220302T052536_T44RKQ.tif,20220302T051731_20220302T052536_T44RKQ,2022-03-02,ETAWAH,02-03-2022 09:00,26.74972222,78.98333333,19.0,0.1447088657407407,0.000169,0.0226100225241221,0.0355799271418872,0.0266482122370927,0.0455174128958108,0.0268907659775724,0.0198390061614682,-0.1224978858036585,0.1404785680815867,2,1,True,OK,33,Etawah_33_20220302T051731_20220302T052536_T44RKQ.tif,13,14,9,EPSG:32644,0.0339362658560276,0.026149999350309372,0.017628155648708344,0.018400000408291817,0.10970000177621841,0.056325819343328476,0.04150000214576721,0.025327611714601517,0.03189999982714653,0.1462000012397766,0.04529450088739395,0.03294999897480011,0.02715335413813591,0.02449999935925007,0.15039999783039093,0.1485346108675003,0.06745000183582306,0.11364175379276276,0.0414000004529953,0.4708999991416931,0.09546923637390137,0.06419999897480011,0.07113199681043625,0.02329999953508377,0.23800000548362732,0.06470219045877457,0.047349996864795685,0.05027575418353081,0.01640000008046627,0.2143000066280365,-0.32762014865875244,-0.2513993978500366,0.20114412903785706,-0.8160431981086731,-0.09136421233415604,-0.13007649779319763,-0.18421033024787903,0.2342655211687088,-0.5318940281867981,0.20205482840538025,0.4065934065934066,True,True
34,Etawah_34_20220312T051651_20220312T052910_T44RKQ.tif,20220312T051651_20220312T052910_T44RKQ,2022-03-12,ETAWAH,11-03-2022 08:45,26.74972222,78.98333333,3.0,0.865714537037037,8e-05,0.0088536739011131,0.0224632319738891,0.0154391751780126,0.0237157095164933,0.0227061794010968,0.0177841355403002,-0.026763642220029,-0.0029792052705201,2,1,True,OK,34,Etawah_34_20220312T051651_20220312T052910_T44RKQ.tif,13,14,9,EPSG:32644,0.025654394179582596,0.014499999582767487,0.026417111977934837,0.0044999998062849045,0.12359999865293503,0.04893186688423157,0.032750003039836884,0.033949438482522964,0.020099999383091927,0.16779999434947968,0.04064285382628441,0.024149999022483826,0.0382377952337265,0.013199999928474426,0.17730000615119934,0.14829285442829132,0.05025000125169754,0.13512368500232697,0.018799999728798866,0.48019999265670776,0.09767308086156845,0.06974999606609344,0.07810382544994354,0.01889999955892563,0.2651999890804291,0.06655494123697281,0.04675000160932541,0.05856497958302498,0.013199999928474426,0.22949999570846558,-0.30218973755836487,-0.23083291947841644,0.2795572876930237,-0.8324747085571289,0.05333336815237999,-0.22540386021137238,-0.25388139486312866,0.20196981728076935,-0.5497435927391052,0.11058826744556427,0.18681318681318682,True,True
35,Etawah_35_20220322T051651_20220322T052554_T44RKQ.tif,20220322T051651_20220322T052554_T44RKQ,2022-03-22,ETAWAH,21-03-2022 08:20,26.74972222,78.98333333,10.0,0.883065150462963,0.025302,0.0136535473854589,0.0275145412736303,0.0236385275301972,0.0359649495840458,0.0327708187747981,0.0238450029041609,-0.1331736110942648,-0.0871582956384733,2,1,True,OK,35,Etawah_35_20220322T051651_20220322T052554_T44RKQ.tif,13,14,9,EPSG:32644,0.029984068125486374,0.021400000900030136,0.0241852980107069,0.010999999940395355,0.1145000010728836,0.0538005456328392,0.04100000113248825,0.032377276569604874,0.024800000712275505,0.15440000593662262,0.047810982912778854,0.03384999930858612,0.03509433567523956,0.021700000390410423,0.16220000386238098,0.15808846056461334,0.06685000658035278,0.13206535577774048,0.032499998807907104,0.40560001134872437,0.1107049435377121,0.08434999734163284,0.07997318357229233,0.02979999966919422,0.27059999108314514,0.07431208342313766,0.05874999985098839,0.05800880491733551,0.020899999886751175,0.2353000044822693,-0.34357503056526184,-0.24580413103103638,0.22552143037319183,-0.7552393078804016,-0.07084017246961594,-0.26696622371673584,-0.2772652506828308,0.16077548265457153,-0.5235955119132996,-0.023648671805858612,0.0,True,True
36,Etawah_36_20220401T051651_20220401T052734_T44RKQ.tif,20220401T051651_20220401T052734_T44RKQ,2022-04-01,ETAWAH,01-04-2022 08:05,26.74972222,78.98333333,9.0,0.1065302083333333,0.000189,0.0,0.0,0.0,0.0,0.0357763226047527,0.0314072495303326,0.0,-1.0,2,1,True,OK,36,Etawah_36_20220401T051651_20220401T052734_T44RKQ.tif,13,14,9,EPSG:32644,0.009039560332894325,0.0,0.021737320348620415,0.0,0.11089999973773956,0.02800879068672657,0.0,0.040320564061403275,0.0,0.16979999840259552,0.02925330027937889,0.004999999888241291,0.046781186014413834,0.0,0.1754000037908554,0.14165769517421722,0.012500000186264515,0.16010496020317078,0.0,0.4763999879360199,0.11789726465940475,0.08105000108480453,0.0861077830195427,0.03229999914765358,0.28780001401901245,0.08100330084562302,0.05914999917149544,0.05815348029136658,0.028599999845027924,0.2362000048160553,-0.38056090474128723,-0.3622523546218872,0.3848438560962677,-1.0,0.0,-0.8048904538154602,-1.0,0.23285794258117676,-1.0,-0.24617092311382294,0.0,True,True
37,Etawah_37_20220411T051651_20220411T052901_T44RKQ.tif,20220411T051651_20220411T052901_T44RKQ,2022-04-11,ETAWAH,11-04-2022 08:10,26.74972222,78.98333333,7.0,0.1100047106481481,0.045846,0.0215292653296486,0.0362630634341045,0.0344095863281279,0.0472920326026248,0.0555702001758356,0.0437557850759854,-0.1320257542931752,-0.2102421145206569,2,1,True,OK,37,Etawah_37_20220411T051651_20220411T052901_T44RKQ.tif,13,14,9,EPSG:32644,0.03940274566411972,0.02995000034570694,0.025095714256167412,0.01769999973475933,0.12129999697208405,0.06400604546070099,0.047449998557567596,0.03423680365085602,0.0340999998152256,0.16459999978542328,0.06290384382009506,0.045499999076128006,0.042342912405729294,0.030899999663233757,0.22300000488758087,0.16928626596927643,0.0734499990940094,0.13175249099731445,0.042500000447034836,0.4390999972820282,0.13558021187782288,0.10194999724626541,0.0839158445596695,0.05130000039935112,0.36039999127388,0.09331537783145905,0.07580000162124634,0.059498004615306854,0.03830000013113022,0.28299999237060547,-0.32401570677757263,-0.23148739337921143,0.21338993310928345,-0.7042062282562256,-0.08204515278339386,-0.31992799043655396,-0.3036420941352844,0.10359828919172287,-0.5101274847984314,-0.17294898629188538,0.0,True,True
38,Etawah_38_20220421T051701_20220421T052440_T44RKQ.tif,20220421T051701_20220421T052440_T44RKQ,2022-04-21,ETAWAH,21-04-2022 07:50,26.74972222,78.98333333,8.0,0.0960862962962963,24.838729,0.0,0.0006726632887376,0.0190150055621104,0.0196728743608833,0.092605996134414,0.072293077019748,-0.9434620732324078,-0.9860476265485224,2,1,True,OK,38,Etawah_38_20220421T051701_20220421T052440_T44RKQ.tif,13,14,9,EPSG:32644,0.012309341691434383,0.0,0.027596665546298027,0.0,0.12489999830722809,0.04158022254705429,0.030950000509619713,0.05063496530056,0.0,0.21130000054836273,0.057921431958675385,0.03229999914765358,0.0581682026386261,0.014399999752640724,0.2955999970436096,0.1707494556903839,0.09184999763965607,0.15591730177402496,0.012400000356137753,0.45980000495910645,0.17111317813396454,0.14890000224113464,0.08201980590820312,0.08720000088214874,0.4140999913215637,0.12038352340459824,0.10819999873638153,0.05772506073117256,0.06909999996423721,0.33970001339912415,-0.7272329926490784,-0.7686326503753662,0.22965773940086365,-1.0,-0.23521167039871216,-0.7413957118988037,-0.7235745191574097,0.23494115471839905,-1.0,-0.27142858505249023,0.0,True,True
39,Etawah_39_20220501T051701_20220501T052759_T44RKQ.tif,20220501T051701_20220501T052759_T44RKQ,2022-05-01,ETAWAH,02-05-2022 08:20,26.74972222,78.98333333,1.0,1.116912476851852,25.296843,0.0992459745449433,0.111145382929543,0.0917409347477243,0.1618301800372465,0.173346045758441,0.190966046992102,-0.1844669036663699,-0.1977410480716457,2,1,True,OK,39,Etawah_39_20220501T051701_20220501T052759_T44RKQ.tif,13,14,9,EPSG:32644,0.12057199329137802,0.0823500007390976,0.07383245974779129,0.05570000037550926,0.33169999718666077,0.15953680872917175,0.11765000224113464,0.07371912151575089,0.07440000027418137,0.3336000144481659,0.15170109272003174,0.11544999480247498,0.07635771483182907,0.06729999929666519,0.3172999918460846,0.26372361183166504,0.27695000171661377,0.10991629213094711,0.10859999805688858,0.42329999804496765,0.24507254362106323,0.24504999816417694,0.08124924451112747,0.11599999666213989,0.4180000126361847,0.181673064827919,0.1773499995470047,0.059898026287555695,0.09260000288486481,0.3537999987602234,-0.2343270182609558,-0.17220726609230042,0.17969270050525665,-0.6047582626342773,0.25890734791755676,-0.22560253739356995,-0.22009819746017456,0.11839500814676285,-0.49987849593162537,0.07021380215883255,0.02197802197802198,True,True
40,Etawah_40_20220511T051651_20220511T053033_T44RKQ.tif,20220511T051651_20220511T053033_T44RKQ,2022-05-11,ETAWAH,11-05-2022 08:00,26.74972222,78.98333333,14.0,0.1030405555555555,0.002326,0.0184441442630519,0.0478365851947953,0.0541924126975884,0.0557485364182424,0.0935040812263987,0.0737049128264524,-0.0767223592537538,-0.3263693758169073,2,1,True,OK,40,Etawah_40_20220511T051651_20220511T053033_T44RKQ.tif,13,14,9,EPSG:32644,0.027173079550266266,0.018550001084804535,0.02617393620312214,0.0,0.13330000638961792,0.07054561376571655,0.058250002562999725,0.03547767177224159,0.028599999845027924,0.20819999277591705,0.07535439729690552,0.06064999848604202,0.04541199281811714,0.0333000011742115,0.289000004529953,0.18048791587352753,0.08055000007152557,0.1390518993139267,0.04100000113248825,0.4300000071525574,0.16909010708332062,0.1290000081062317,0.08568298816680908,0.07519999891519547,0.41909998655319214,0.11537913233041763,0.08959999680519104,0.057990409433841705,0.055399999022483826,0.352400004863739,-0.3065246641635895,-0.2066992074251175,0.23086264729499817,-0.71517413854599,-0.025693705305457115,-0.39939531683921814,-0.39619600772857666,0.07955651730298996,-0.5525238513946533,-0.2528263032436371,0.0,True,True
41,Etawah_41_20220521T051701_20220521T052917_T44RKQ.tif,20220521T051701_20220521T052917_T44RKQ,2022-05-21,ETAWAH,21-05-2022 08:30,26.74972222,78.98333333,41.0,0.1238417129629629,38.496208,0.0674744792977927,0.1016583755551543,0.0984499437612825,0.1432972417930393,0.1390292506459429,0.1040807147573277,-0.1706379910717039,-0.156078397517663,2,1,True,OK,41,Etawah_41_20220521T051701_20220521T052917_T44RKQ.tif,13,14,9,EPSG:32644,0.07590494304895401,0.0677499994635582,0.02151511237025261,0.050200000405311584,0.16019999980926514,0.1172192320227623,0.11044999957084656,0.024921098724007607,0.08810000121593475,0.21369999647140503,0.1160736158490181,0.10384999960660934,0.0333150178194046,0.08540000021457672,0.2606000006198883,0.22013570368289948,0.1807500123977661,0.08171059191226959,0.13500000536441803,0.36959999799728394,0.1941884607076645,0.17534999549388885,0.057097576558589935,0.13339999318122864,0.3456000089645386,0.14014890789985657,0.1274000108242035,0.043446943163871765,0.09849999845027924,0.30070000886917114,-0.27839699387550354,-0.22169914841651917,0.10965200513601303,-0.4858083128929138,-0.14978820085525513,-0.23580536246299744,-0.2330729365348816,0.06480884552001953,-0.3698708713054657,-0.12276517599821091,0.0,True,True
42,Etawah_42_20220531T051701_20220531T052755_T44RKQ.tif,20220531T051701_20220531T052755_T44RKQ,2022-05-31,ETAWAH,01-06-2022 08:35,26.74972222,78.98333333,42.0,1.127297951388889,0.02009,0.072310092254869,0.1057412020499222,0.1040644991077348,0.142742651057438,0.1442829369344992,0.1105042927707587,-0.1499778690259182,-0.155391840432007,2,1,True,OK,42,Etawah_42_20220531T051701_20220531T052755_T44RKQ.tif,13,14,9,EPSG:32644,0.06948846578598022,0.05959999933838844,0.0259711891412735,0.04050000011920929,0.17569999396800995,0.11096099019050598,0.1051499992609024,0.029482731595635414,0.07840000092983246,0.23260000348091125,0.11203516274690628,0.09910000115633011,0.03636972978711128,0.07850000262260437,0.2752000093460083,0.2120329737663269,0.16840000450611115,0.08302325010299683,0.120899997651577,0.3621000051498413,0.19466426968574524,0.17719998955726624,0.059297945350408554,0.1281999945640564,0.3732999861240387,0.14263735711574554,0.12960000336170197,0.045898012816905975,0.09629999846220016,0.3253999948501587,-0.28567245602607727,-0.22836175560951233,0.12135554850101471,-0.5227615833282471,-0.12202491611242294,-0.2656397521495819,-0.25049328804016113,0.07159538567066193,-0.4129146933555603,-0.12664413452148438,0.0,True,True
43,Etawah_43_20220610T051701_20220610T052518_T44RKQ.tif,20220610T051701_20220610T052518_T44RKQ,2022-06-10,ETAWAH,11-06-2022 08:30,26.74972222,78.98333333,28.0,1.1238095138888888,10.060531,0.0287669623529681,0.0723918637193672,0.0741062085291052,0.1104718469773411,0.1384863458942991,0.106716962968553,-0.2082754591299506,-0.3135252250945783,2,1,True,OK,43,Etawah_43_20220610T051701_20220610T052518_T44RKQ.tif,13,14,9,EPSG:32644,0.05291812866926193,0.044200003147125244,0.032002903521060944,0.024000000208616257,0.17679999768733978,0.10113022476434708,0.09375,0.03642037883400917,0.06679999828338623,0.24379999935626984,0.10727912932634354,0.09385000169277191,0.044634804129600525,0.07100000232458115,0.28850001096725464,0.19634506106376648,0.15725000202655792,0.08701052516698837,0.10700000077486038,0.3465999960899353,0.20082251727581024,0.18424999713897705,0.06398038566112518,0.13500000536441803,0.3815000057220459,0.14928241074085236,0.13840000331401825,0.04852653667330742,0.10369999706745148,0.3305000066757202,-0.2939303517341614,-0.2325209081172943,0.10667802393436432,-0.5276634693145752,-0.16463935375213623,-0.3314908444881439,-0.3244155943393707,0.04727013036608696,-0.43663594126701355,-0.21733549237251282,0.0,True,True
44,Etawah_44_20220620T051701_20220620T052701_T44RKQ.tif,20220620T051701_20220620T052701_T44RKQ,2022-06-20,ETAWAH,21-06-2022 08:35,26.74972222,78.98333333,13.0,1.127251423611111,38.315928,0.1049929472622,0.1281734518140453,0.1058022380703724,0.1224398780656089,0.1045819546268027,0.0896476916444429,0.0230447219341635,0.101535087103076,2,1,True,OK,44,Etawah_44_20220620T051701_20220620T052701_T44RKQ.tif,13,14,9,EPSG:32644,0.0849379226565361,0.07569999992847443,0.038371190428733826,0.03759999945759773,0.25600001215934753,0.10986977815628052,0.09769999980926514,0.045082319527864456,0.05530000105500221,0.2669999897480011,0.09929285943508148,0.08129999786615372,0.05722607299685478,0.03610000014305115,0.2831000089645386,0.17858903110027313,0.14675000309944153,0.10773981362581253,0.051899999380111694,0.40380001068115234,0.16657692193984985,0.1363999992609024,0.09938865154981613,0.052799999713897705,0.3869999945163727,0.12522858381271362,0.09319999814033508,0.07765520364046097,0.04149999842047691,0.31839999556541443,-0.1708863079547882,-0.12004365026950836,0.19795569777488708,-0.5782198905944824,0.04615386202931404,-0.15040293335914612,-0.17586496472358704,0.17227886617183685,-0.4464348256587982,0.13469825685024261,0.3076923076923077,True,True
45,Etawah_45_20220710T051701_20220710T052850_T44RKQ.tif,20220710T051701_20220710T052850_T44RKQ,2022-07-10,ETAWAH,11-07-2022 08:50,26.74972222,78.98333333,61.0,1.1376551157407406,37.888461,0.0642189898083473,0.0787497325213038,0.0566617541098002,0.0695233246089202,0.0295666949112945,0.0226009994399679,0.0622230301782077,0.4543351477037209,2,1,True,OK,45,Etawah_45_20220710T051701_20220710T052850_T44RKQ.tif,13,14,9,EPSG:32644,0.07124505937099457,0.0669500008225441,0.011761006899178028,0.06069999933242798,0.1168999969959259,0.09004396200180054,0.08370000123977661,0.015030515380203724,0.07410000264644623,0.1467999964952469,0.07524669915437698,0.06430000066757202,0.0261076670140028,0.05400000140070915,0.17229999601840973,0.14834505319595337,0.09000000357627869,0.09256525337696075,0.06379999965429306,0.3596000075340271,0.11909724771976471,0.08455000072717667,0.0879850834608078,0.025499999523162842,0.274399995803833,0.0827939510345459,0.06149999797344208,0.06254233419895172,0.019899999722838402,0.24269999563694,-0.14796459674835205,-0.029604628682136536,0.23120568692684174,-0.5890411138534546,0.08860757201910019,0.02344069443643093,-0.021803446114063263,0.3539917767047882,-0.4635503888130188,0.49354517459869385,0.4945054945054945,True,True
46,Etawah_46_20220809T051701_20220809T052911_T44RKQ.tif,20220809T051701_20220809T052911_T44RKQ,2022-08-09,ETAWAH,11-08-2022 08:00,26.74972222,78.98333333,42.0,2.1029467939814817,40.684968,0.099285615144008,0.1285889774601831,0.1353068405086896,0.1213141468711206,0.1393583350204485,0.1216865574378889,0.0866422219832374,-0.0202122231911178,2,1,True,OK,46,Etawah_46_20220809T051701_20220809T052911_T44RKQ.tif,13,14,9,EPSG:32644,0.10846428573131561,0.04600000008940697,0.1158001646399498,0.01360000018030405,0.4821999967098236,0.12472967058420181,0.06575000286102295,0.11136216670274734,0.018699999898672104,0.46950000524520874,0.11706209927797318,0.06345000118017197,0.10702381283044815,0.014499999582767487,0.43540000915527344,0.1702604442834854,0.15219999849796295,0.14110416173934937,0.0,0.4880000054836273,0.14984561502933502,0.11374999582767487,0.12921959161758423,0.0052999998442828655,0.48339998722076416,0.11262582242488861,0.06849999725818634,0.1059974804520607,0.00559999980032444,0.3968999981880188,0.032016705721616745,-0.09040926396846771,0.49951493740081787,-0.7311099171638489,1.0,-0.012949180789291859,-0.07053470611572266,0.30107754468917847,-0.5074349641799927,0.7613168954849243,0.2967032967032967,True,True
47,Etawah_47_20220824T051649_20220824T052826_T44RKQ.tif,20220824T051649_20220824T052826_T44RKQ,2022-08-24,ETAWAH,22-08-2022 08:20,26.74972222,78.98333333,89.0,1.883032476851852,54.355186,0.8246725287019939,0.7345501153587224,0.6683374445902202,0.6812419479561819,0.493267001546416,0.410875671572547,0.0371014909384308,0.1949967548423153,2,1,True,OK,47,Etawah_47_20220824T051649_20220824T052826_T44RKQ.tif,13,14,9,EPSG:32644,0.7928669452667236,0.788599967956543,0.11172991991043091,0.573199987411499,1.0606000423431396,0.7135279774665833,0.7124999761581421,0.09524955600500107,0.5320000052452087,0.9160000085830688,0.6522703766822815,0.663100004196167,0.08852917701005936,0.4758000075817108,0.8069999814033508,0.6620627045631409,0.6689500212669373,0.06883490085601807,0.5194000005722046,0.8191999793052673,0.4803791344165802,0.4886000156402588,0.06046539172530174,0.35670000314712524,0.598800003528595,0.39949068427085876,0.40700000524520874,0.06348467618227005,0.2671999931335449,0.5386999845504761,0.03560386598110199,0.03401515632867813,0.019873635843396187,-0.010076930746436119,0.0748550072312355,0.19432450830936432,0.18805405497550964,0.050912193953990936,0.07429315149784088,0.3060409426689148,1.0,True,True
48,Etawah_48_20220903T051649_20220903T052701_T44RKQ.tif,20220903T051649_20220903T052701_T44RKQ,2022-09-03,ETAWAH,01-09-2022 08:50,26.74972222,78.98333333,167.0,1.862210891203704,22.696407,0.0768572069255651,0.1061881621261253,0.1084617963060736,0.0457277589494379,0.0309748451945451,0.0222599799668747,0.3981752399866983,0.5485048386947932,2,1,True,OK,48,Etawah_48_20220903T051649_20220903T052701_T44RKQ.tif,13,14,9,EPSG:32644,0.06626593321561813,0.07514999806880951,0.01869772933423519,0.023499999195337296,0.08730000257492065,0.0967269316315651,0.10459999740123749,0.018863823264837265,0.051500000059604645,0.12370000034570694,0.09432857483625412,0.10885000228881836,0.02989455871284008,0.02969999983906746,0.13079999387264252,0.13615384697914124,0.05959999933838844,0.11983098089694977,0.04019999876618385,0.41100001335144043,0.09362802654504776,0.05054999887943268,0.06914796680212021,0.027899999171495438,0.22619999945163727,0.05864999443292618,0.03635000064969063,0.0422649160027504,0.01889999955892563,0.1703999936580658,0.019203726202249527,0.2794096767902374,0.429420530796051,-0.7475869059562683,0.4661354720592499,0.13821066915988922,0.349636971950531,0.4292440414428711,-0.5674111247062683,0.5858511328697205,0.5989010989010989,True,True
49,Etawah_49_20221003T051649_20221003T052253_T44RKQ.tif,20221003T051649_20221003T052253_T44RKQ,2022-10-03,ETAWAH,01-10-2022 08:30,26.74972222,78.98333333,344.0,1.876067164351852,13.458627,0.0999217062112498,0.1234432152485022,0.1330124991253723,0.1127082911689203,0.0351119937180113,0.0251436513751065,0.0456389926789802,0.5571063819450437,2,1,True,OK,49,Etawah_49_20221003T051649_20221003T052253_T44RKQ.tif,13,14,9,EPSG:32644,0.08971922844648361,0.09825000166893005,0.018021073192358017,0.052799999713897705,0.11779999732971191,0.1141401156783104,0.12269999831914902,0.019743284210562706,0.07100000232458115,0.15680000185966492,0.11433626711368561,0.1319499909877777,0.033101294189691544,0.04540000110864639,0.16830000281333923,0.16978681087493896,0.11775000393390656,0.09017608314752579,0.08349999785423279,0.3702000081539154,0.0815500020980835,0.03894999995827675,0.06632554531097412,0.030899999663233757,0.31450000405311584,0.05002087727189064,0.028200000524520874,0.04071496054530144,0.022299999371170998,0.27300000190734863,-0.12673386931419373,0.023614779114723206,0.27671223878860474,-0.6416938304901123,0.27074238657951355,0.2622250020503998,0.5189192295074463,0.3945963680744171,-0.4168618321418762,0.6118090152740479,0.7252747252747253,True,True
50,Etawah_50_20221013T051749_20221013T052416_T44RKQ.tif,20221013T051749_20221013T052416_T44RKQ,2022-10-13,ETAWAH,11-10-2022 08:30,26.74972222,78.98333333,66.0,1.8760708101851853,23.551807,0.0956623457080625,0.1279940604859426,0.1475459168337889,0.1071760417539039,0.0192407233664673,0.014117440879885,0.0885759248258756,0.7383434579850316,2,1,True,OK,50,Etawah_50_20221013T051749_20221013T052416_T44RKQ.tif,13,14,9,EPSG:32644,0.0830681324005127,0.09385000169277191,0.02058674395084381,0.03970000147819519,0.10849999636411667,0.11457087099552155,0.12600000202655792,0.022460943087935448,0.06589999794960022,0.15049999952316284,0.12068735808134079,0.14300000667572021,0.04142594709992409,0.037300001829862595,0.16539999842643738,0.17875221371650696,0.1168999969959259,0.10206562280654907,0.07859999686479568,0.414900004863739,0.07738736271858215,0.030249999836087227,0.0736600011587143,0.014100000262260437,0.24819999933242798,0.04369944706559181,0.018300000578165054,0.04062478616833687,0.010900000110268593,0.1876000016927719,-0.13664844632148743,0.039808355271816254,0.30482378602027893,-0.6938150525093079,0.3138367831707001,0.3277685344219208,0.6199513673782349,0.4903297424316406,-0.4595034420490265,0.8011283278465271,0.6868131868131868,True,True
51,Etawah_51_20221023T051849_20221023T052729_T44RKQ.tif,20221023T051849_20221023T052729_T44RKQ,2022-10-23,ETAWAH,21-10-2022 08:20,26.74972222,78.98333333,123.0,1.8830214467592592,0.005756,0.0891487468873058,0.111054335490104,0.1216391324189382,0.0972985647669112,0.0288741413982656,0.0197458755445712,0.0661224735333628,0.5876816858344519,2,1,True,OK,51,Etawah_51_20221023T051849_20221023T052729_T44RKQ.tif,13,14,9,EPSG:32644,0.08262801915407181,0.08860000222921371,0.012840921059250832,0.054499998688697815,0.10220000147819519,0.10517638176679611,0.11065000295639038,0.012857209891080856,0.07530000060796738,0.13670000433921814,0.10513681918382645,0.12025000154972076,0.02778426930308342,0.049300000071525574,0.15330000221729279,0.17131592333316803,0.10394999384880066,0.10143503546714783,0.0877000018954277,0.39809998869895935,0.091262087225914,0.05470000207424164,0.07222897559404373,0.02500000037252903,0.30820000171661377,0.05651922896504402,0.03464999794960022,0.04831009358167648,0.01679999940097332,0.262800008058548,-0.14877459406852722,0.021238602697849274,0.2788764536380768,-0.6436828970909119,0.1316831409931183,0.1966669112443924,0.33835285902023315,0.4072372615337372,-0.4288363456726074,0.6358339190483093,0.6208791208791209,True,True
52,Etawah_52_20221102T051949_20221102T052958_T44RKQ.tif,20221102T051949_20221102T052958_T44RKQ,2022-11-02,ETAWAH,01-11-2022 09:30,26.74972222,78.98333333,63.0,0.8343934143518519,0.001125,0.0771617114843868,0.0987169061177032,0.0995518295031444,0.078176224004343,0.0355845856410031,0.0260169904053458,0.1162105433282081,0.4703922556159465,2,1,True,OK,52,Etawah_52_20221102T051949_20221102T052958_T44RKQ.tif,13,14,9,EPSG:32644,0.07609615474939346,0.07895000278949738,0.013905221596360207,0.04830000177025795,0.10999999940395355,0.09879231452941895,0.09925000369548798,0.014807792380452156,0.07000000029802322,0.13660000264644623,0.09346484392881393,0.0994499996304512,0.025918669998645782,0.04450000077486038,0.15569999814033508,0.16782636940479279,0.09714999794960022,0.11305370181798935,0.0746999979019165,0.4092000126838684,0.09917636215686798,0.06424999982118607,0.0704922080039978,0.03240000084042549,0.3176000118255615,0.06568406522274017,0.041200000792741776,0.05260137841105461,0.022700000554323196,0.27790001034736633,-0.13832977414131165,0.03823601454496384,0.3086074888706207,-0.6804465055465698,0.14579759538173676,0.11328378319740295,0.2177751362323761,0.36319661140441895,-0.4135338068008423,0.5090909004211426,0.5714285714285714,True,True
53,Etawah_53_20221112T052049_20221112T052220_T44RKQ.tif,20221112T052049_20221112T052220_T44RKQ,2022-11-12,ETAWAH,11-11-2022 08:40,26.74972222,78.98333333,45.0,0.8691331944444445,0.08923,0.1219234794025888,0.12818355845321,0.1081840514283006,0.0588331784447864,0.0169288708171849,0.0130732826596736,0.3710552787634771,0.7667230808570443,2,1,True,OK,53,Etawah_53_20221112T052049_20221112T052220_T44RKQ.tif,13,14,9,EPSG:32644,0.11504340916872025,0.11474999785423279,0.015548733994364738,0.08590000122785568,0.15870000422000885,0.12936317920684814,0.12530000507831573,0.018208295106887817,0.10080000013113022,0.18289999663829803,0.10954836010932922,0.10570000112056732,0.03041399084031582,0.06400000303983688,0.20239999890327454,0.16720989346504211,0.06849999725818634,0.1404276043176651,0.04859999939799309,0.4690999984741211,0.097097247838974,0.04859999939799309,0.08993279188871384,0.011800000444054604,0.37610000371932983,0.06397143006324768,0.03254999965429306,0.06924274563789368,0.008999999612569809,0.3337000012397766,0.04957723245024681,0.2713184952735901,0.38548728823661804,-0.6131361722946167,0.4465908706188202,0.3157300353050232,0.41532444953918457,0.44604384899139404,-0.34633970260620117,0.8320284485816956,0.6263736263736264,True,True
54,Etawah_54_20221122T052119_20221122T052433_T44RKQ.tif,20221122T052119_20221122T052433_T44RKQ,2022-11-22,ETAWAH,21-11-2022 08:30,26.74972222,78.98333333,56.0,0.876079537037037,0.000312,0.0721120492697836,0.0888028295012191,0.0815634432758481,0.062674634243563,0.0162352476261665,0.011522240902015,0.1724567416749123,0.6912853243416763,2,1,True,OK,54,Etawah_54_20221122T052119_20221122T052433_T44RKQ.tif,13,14,9,EPSG:32644,0.07275384664535522,0.07190000265836716,0.016124200075864792,0.04780000075697899,0.1281999945640564,0.09240549057722092,0.08889999985694885,0.019122133031487465,0.06129999831318855,0.16439999639987946,0.08298572152853012,0.08190000057220459,0.030223632231354713,0.03790000081062317,0.20469999313354492,0.16003519296646118,0.07645000517368317,0.11664211004972458,0.05999999865889549,0.39809998869895935,0.08763790875673294,0.054750002920627594,0.07976051419973373,0.013199999928474426,0.3384999930858612,0.06002912297844887,0.03225000202655792,0.06738872081041336,0.008200000040233135,0.34119999408721924,-0.12181385606527328,0.05741221457719803,0.332918256521225,-0.7001281380653381,0.20371600985527039,0.2147059142589569,0.23480433225631714,0.4571208357810974,-0.4056040346622467,0.748344361782074,0.5824175824175825,True,True
55,Etawah_55_20221202T052159_20221202T052600_T44RKQ.tif,20221202T052159_20221202T052600_T44RKQ,2022-12-02,ETAWAH,01-12-2022 08:45,26.74972222,78.98333333,58.0,0.865644988425926,0.003533,0.0771634154921599,0.0989807849521287,0.0842401330592111,0.0798442007560568,0.0287033079552824,0.0174315599446721,0.1069299561351218,0.5503641432444859,2,1,True,OK,55,Etawah_55_20221202T052159_20221202T052600_T44RKQ.tif,13,14,9,EPSG:32644,0.07864395529031754,0.07760000228881836,0.014636671170592308,0.053300000727176666,0.12250000238418579,0.10256098955869675,0.09939999878406525,0.016231101006269455,0.07509999722242355,0.15139999985694885,0.08880659192800522,0.0843999981880188,0.02558635175228119,0.05180000141263008,0.1662999987602234,0.1695076823234558,0.09210000187158585,0.10415000468492508,0.07699999958276749,0.39800000190734863,0.09833186864852905,0.06524999439716339,0.07677904516458511,0.02449999935925007,0.290800005197525,0.06376812607049942,0.03765000030398369,0.06269415467977524,0.013899999670684338,0.2827000021934509,-0.14421327412128448,0.012061968445777893,0.2806590497493744,-0.6472455263137817,0.14395186305046082,0.16242848336696625,0.18974284827709198,0.3898051381111145,-0.3725000023841858,0.6282246112823486,0.5714285714285714,True,True
56,Etawah_56_20221212T052219_20221212T052632_T44RKQ.tif,20221212T052219_20221212T052632_T44RKQ,2022-12-12,ETAWAH,12-12-2022 08:30,26.74972222,78.98333333,39.0,0.1239474537037037,0.000229,0.0443279423372325,0.0642459034150978,0.0415147662043218,0.0398732550391877,0.0129099521885084,0.0088975226286607,0.2341400933649122,0.665979730527479,2,1,True,OK,56,Etawah_56_20221212T052219_20221212T052632_T44RKQ.tif,13,14,9,EPSG:32644,0.05193956568837166,0.04410000145435333,0.018683960661292076,0.029500000178813934,0.11110000312328339,0.07487142831087112,0.06509999930858612,0.021574275568127632,0.0478999987244606,0.14139999449253082,0.05691923573613167,0.04235000163316727,0.033121392130851746,0.02669999934732914,0.16220000386238098,0.1364510953426361,0.053300000727176666,0.11156965792179108,0.035599999129772186,0.36890000104904175,0.08465054631233215,0.05115000158548355,0.07919859886169434,0.007699999958276749,0.27630001306533813,0.059901099652051926,0.03539999946951866,0.06798335164785385,0.00559999980032444,0.2797999978065491,-0.09732246398925781,0.07899203151464462,0.36104705929756165,-0.7029096484184265,0.27710849046707153,0.17953930795192719,0.1102658361196518,0.4746934771537781,-0.44990548491477966,0.7821782231330872,0.5384615384615384,True,True
57,Etawah_57_20221222T052229_20221222T052753_T44RKQ.tif,20221222T052229_20221222T052753_T44RKQ,2022-12-22,ETAWAH,21-12-2022 08:40,26.74972222,78.98333333,38.0,0.8691298032407407,0.000833,0.0246234515682911,0.0448048423743924,0.0270910330013443,0.0252674832787503,0.0143569538969943,0.0116384992619026,0.2807060094961376,0.5143644985751259,2,1,True,OK,57,Etawah_57_20221222T052229_20221222T052753_T44RKQ.tif,13,14,9,EPSG:32644,0.03670549765229225,0.028599999845027924,0.02072303369641304,0.01640000008046627,0.10949999839067459,0.06126483902335167,0.0507500022649765,0.025502221658825874,0.03579999879002571,0.14030000567436218,0.04747417941689491,0.031099999323487282,0.034779734909534454,0.020999999716877937,0.15299999713897705,0.13241922855377197,0.042649999260902405,0.11876503378152847,0.01600000075995922,0.36910000443458557,0.08940000087022781,0.05389999970793724,0.08023348450660706,0.010499999858438969,0.2782999873161316,0.06275604665279388,0.03830000013113022,0.06542842835187912,0.007799999788403511,0.2667999863624573,-0.11361175775527954,0.04686041176319122,0.39130955934524536,-0.7292245626449585,0.38223934173583984,0.049108825623989105,-0.0711502730846405,0.42326176166534424,-0.5313935875892639,0.6407766938209534,0.47802197802197804,True,True
58,Etawah_58_20230101T052229_20230101T052722_T44RKQ.tif,20230101T052229_20230101T052722_T44RKQ,2023-01-01,ETAWAH,02-01-2023 09:00,26.74972222,78.98333333,13.0,1.144763761574074,36.256072,1.335389637514144,1.1799187902864572,1.0941913312653433,0.9805482059616496,0.7108802897520027,0.5780533787517532,0.0922844749288046,0.2480702926404774,2,1,True,OK,58,Etawah_58_20230101T052229_20230101T052722_T44RKQ.tif,13,14,9,EPSG:32644,1.3437472581863403,1.3418999910354614,0.022619927302002907,1.2669999599456787,1.4046000242233276,1.185243844985962,1.1833999156951904,0.020930839702486992,1.121000051498413,1.240399956703186,1.0999516248703003,1.0982000827789307,0.021286651492118835,1.0312000513076782,1.1532000303268433,0.985567033290863,0.9839000105857849,0.021748576313257217,0.9132000207901001,1.042199969291687,0.7131978273391724,0.7121000289916992,0.019847216084599495,0.6473000049591064,0.7574999928474426,0.577595055103302,0.5775499939918518,0.020809348672628403,0.505299985408783,0.6194999814033508,0.09202542155981064,0.09203320741653442,0.0032064425759017467,0.08438631147146225,0.10310997813940048,0.24874842166900635,0.24812769889831543,0.006174133624881506,0.23666046559810638,0.27092888951301575,1.0,True,True
59,Etawah_59_20230111T052159_20230111T052604_T44RKQ.tif,20230111T052159_20230111T052604_T44RKQ,2023-01-11,ETAWAH,11-01-2023 09:00,26.74972222,78.98333333,7.0,0.1447965972222222,36.526528,0.8403443645199277,0.770153379160072,0.7264291116263013,0.6832671161522872,0.560398869694689,0.456939075079218,0.0598321104656091,0.1578300388043259,2,1,True,OK,59,Etawah_59_20230111T052159_20230111T052604_T44RKQ.tif,13,14,9,EPSG:32644,0.8248593807220459,0.8291000127792358,0.03588584437966347,0.756600022315979,0.9182000160217285,0.7592604756355286,0.7640999555587769,0.03806401044130325,0.6872000098228455,0.8626000285148621,0.719757080078125,0.7236999869346619,0.04078914225101471,0.645799994468689,0.83160001039505,0.67411208152771,0.6762999892234802,0.048195067793130875,0.5924999713897705,0.8077999949455261,0.5665500164031982,0.5679999589920044,0.04327983036637306,0.490200012922287,0.692300021648407,0.46956315636634827,0.4732999801635742,0.03697299584746361,0.3928000032901764,0.5724999904632568,0.060032956302165985,0.062029704451560974,0.011958110146224499,0.029192626476287842,0.08635911345481873,0.14611651003360748,0.14609503746032715,0.01606096886098385,0.10446977615356445,0.18239407241344452,1.0,True,True
60,Etawah_60_20230121T052129_20230121T052439_T44RKQ.tif,20230121T052129_20230121T052439_T44RKQ,2023-01-21,ETAWAH,21-01-2023 08:40,26.74972222,78.98333333,12.0,0.1308859722222222,0.001238,0.1054819676026634,0.1088775612281736,0.0889989022450807,0.1041137253905453,0.0378782236434703,0.0212151182994775,0.0222859433814486,0.4842235450003598,2,1,True,OK,60,Etawah_60_20230121T052129_20230121T052439_T44RKQ.tif,13,14,9,EPSG:32644,0.10853461176156998,0.10779999941587448,0.007985981181263924,0.09669999778270721,0.14030000567436218,0.11464561522006989,0.11155000329017639,0.010369585826992989,0.10029999911785126,0.15150000154972076,0.09482254087924957,0.09139999747276306,0.011642842553555965,0.08169999718666077,0.14149999618530273,0.16899670660495758,0.11574999988079071,0.07071612030267715,0.09780000150203705,0.3122999966144562,0.09651704132556915,0.07129999995231628,0.060875795781612396,0.03310000151395798,0.21070000529289246,0.06148626655340195,0.05079999938607216,0.04288067668676376,0.017400000244379044,0.1745000034570694,-0.14635688066482544,-0.043266281485557556,0.17212074995040894,-0.42805659770965576,0.039744168519973755,0.1782679259777069,0.21999916434288025,0.2991478145122528,-0.22985467314720154,0.528825581073761,0.5769230769230769,True,True
61,Etawah_61_20230131T052039_20230131T052214_T44RKQ.tif,20230131T052039_20230131T052214_T44RKQ,2023-01-31,ETAWAH,01-02-2023 08:30,26.74972222,78.98333333,7.0,1.1239480671296296,49.962077,0.0705525760642706,0.0822191452198485,0.0712500283770422,0.096638696479007,0.0386008729716146,0.0240959881475564,-0.0746323611526456,0.375767350125521,2,1,True,OK,61,Etawah_61_20230131T052039_20230131T052214_T44RKQ.tif,13,14,9,EPSG:32644,0.06441428512334824,0.06270000338554382,0.009418581612408161,0.04740000143647194,0.10869999974966049,0.07814396172761917,0.07304999977350235,0.013771448284387589,0.05959999933838844,0.1340000033378601,0.06409890204668045,0.060450002551078796,0.01243547722697258,0.04619999974966049,0.12290000170469284,0.15162526071071625,0.10869999974966049,0.09200610220432281,0.06109999865293503,0.38089999556541443,0.08687692135572433,0.06370000541210175,0.06170603632926941,0.020999999716877937,0.2151000052690506,0.056243959814310074,0.04195000231266022,0.041267555207014084,0.010599999688565731,0.15230000019073486,-0.23325763642787933,-0.11925771832466125,0.21377995610237122,-0.6115930080413818,0.04081631824374199,0.0853910967707634,0.08476179838180542,0.3500402271747589,-0.40392154455184937,0.5548841953277588,0.5274725274725275,True,True
62,Etawah_62_20230210T051949_20230210T052635_T44RKQ.tif,20230210T051949_20230210T052635_T44RKQ,2023-02-10,ETAWAH,11-02-2023 08:40,26.74972222,78.98333333,23.0,1.130877592592593,0.000209,0.0204277448345663,0.0341749017568397,0.0272579674070453,0.0364105856336594,0.0293946650024998,0.0224276185570586,-0.0315376735014577,0.0755042839523453,2,1,True,OK,62,Etawah_62_20230210T051949_20230210T052635_T44RKQ.tif,13,14,9,EPSG:32644,0.0291181318461895,0.02370000071823597,0.013440791517496109,0.015799999237060547,0.09610000252723694,0.04949670284986496,0.04024999961256981,0.019168373197317123,0.031700000166893005,0.12860000133514404,0.04111868515610695,0.0320499986410141,0.018504338338971138,0.024900000542402267,0.12610000371932983,0.1359725296497345,0.05505000054836273,0.11653078347444534,0.034299999475479126,0.460999995470047,0.090402752161026,0.05869999900460243,0.06290168315172195,0.025699999183416367,0.20280000567436218,0.0621236227452755,0.04470000043511391,0.040490683168172836,0.0203000009059906,0.15070000290870667,-0.2994348406791687,-0.16360262036323547,0.2564006447792053,-0.8021892309188843,0.007235904689878225,-0.16928493976593018,-0.19242267310619354,0.25024551153182983,-0.5402420163154602,0.20000001788139343,0.4175824175824176,True,True
63,Etawah_63_20230220T051839_20230220T052919_T44RKQ.tif,20230220T051839_20230220T052919_T44RKQ,2023-02-20,ETAWAH,21-02-2023 08:40,26.74972222,78.98333333,15.0,1.130869340277778,0.209936,0.0160691301746877,0.0364730857645144,0.01840615150181,0.0291325590819191,0.0160463964948084,0.0134944538648768,0.1125609024977395,0.394784972822579,2,1,True,OK,63,Etawah_63_20230220T051839_20230220T052919_T44RKQ.tif,13,14,9,EPSG:32644,0.026854945346713066,0.02084999904036522,0.014673203229904175,0.013899999670684338,0.09459999948740005,0.051220331341028214,0.04659999907016754,0.018233515322208405,0.03189999982714653,0.12559999525547028,0.03515055030584335,0.028349999338388443,0.020428040996193886,0.016100000590085983,0.12479999661445618,0.14844726026058197,0.10555000603199005,0.1297602653503418,0.02329999953508377,0.48590001463890076,0.08789560198783875,0.07779999822378159,0.06447166204452515,0.01119999960064888,0.20919999480247498,0.057971976697444916,0.06280000507831573,0.04034862667322159,0.009999999776482582,0.15189999341964722,-0.2666803300380707,-0.18944616615772247,0.3328760862350464,-0.8339309096336365,0.15916956961154938,-0.08730863779783249,-0.13690721988677979,0.3539964258670807,-0.5832898020744324,0.5428571701049805,0.4065934065934066,True,True
64,Etawah_64_20230302T051729_20230302T052948_T44RKQ.tif,20230302T051729_20230302T052948_T44RKQ,2023-03-02,ETAWAH,01-03-2023 08:30,26.74972222,78.98333333,10.0,0.8760926620370371,0.204697,0.0232984655419247,0.0470663146986332,0.0312738034967018,0.0321984657339189,0.0304443695171325,0.0236367258434142,0.188694886645084,0.2155333005955342,2,1,True,OK,64,Etawah_64_20230302T051729_20230302T052948_T44RKQ.tif,13,14,9,EPSG:32644,0.03349011018872261,0.02630000002682209,0.01767013594508171,0.01720000058412552,0.10589999705553055,0.06143076345324516,0.05429999902844429,0.019900403916835785,0.04179999977350235,0.13729999959468842,0.04698571935296059,0.035599999129772186,0.024993740022182465,0.02280000038444996,0.14499999582767487,0.17385824024677277,0.12189999967813492,0.1441805362701416,0.02710000053048134,0.48500001430511475,0.10400658845901489,0.10329999774694443,0.06312870234251022,0.024700000882148743,0.2084999978542328,0.06885769963264465,0.07495000213384628,0.040197934955358505,0.017799999564886093,0.18610000610351562,-0.24982503056526184,-0.12799105048179626,0.37085679173469543,-0.8202289342880249,0.2575342357158661,-0.14570803940296173,-0.16167227923870087,0.28872135281562805,-0.5565345287322998,0.3086705207824707,0.35714285714285715,True,True
65,Etawah_65_20230312T051659_20230312T052443_T44RKQ.tif,20230312T051659_20230312T052443_T44RKQ,2023-03-12,ETAWAH,11-03-2023 08:30,26.74972222,78.98333333,14.0,0.8761338310185185,3e-05,0.0274335301682029,0.0378928212648224,0.0225396677592102,0.0287335446164188,0.0187776604076576,0.0135672016929035,0.1377345270703773,0.3402458389566558,2,1,True,OK,65,Etawah_65_20230312T051659_20230312T052443_T44RKQ.tif,13,14,9,EPSG:32644,0.03731483593583107,0.03265000134706497,0.01317543350160122,0.02419999986886978,0.08429999649524689,0.055937912315130234,0.05544999986886978,0.01816028356552124,0.0357000008225441,0.11320000141859055,0.04034780338406563,0.03294999897480011,0.020477481186389923,0.020800000056624413,0.10840000212192535,0.16162309050559998,0.11020000278949738,0.1355658769607544,0.025599999353289604,0.4104999899864197,0.09382033348083496,0.09475000202655792,0.06568501144647598,0.01489999983459711,0.20839999616146088,0.05939121171832085,0.06185000017285347,0.039024509489536285,0.010099999606609344,0.14419999718666077,-0.26175665855407715,-0.14646930992603302,0.3429134786128998,-0.7566137313842773,0.1852986216545105,-0.09267949312925339,-0.16287648677825928,0.32963886857032776,-0.51343834400177,0.4345238208770752,0.3956043956043956,True,True
66,Etawah_66_20230322T051659_20230322T052301_T44RKQ.tif,20230322T051659_20230322T052301_T44RKQ,2023-03-22,ETAWAH,21-03-2023 09:20,26.74972222,78.98333333,8.0,0.841392199074074,0.165298,0.0289357260741641,0.0385225505771551,0.0224706925916368,0.0278372043009054,0.0165251126934497,0.012554743732032,0.1621208613946077,0.4033151325121573,2,1,True,OK,66,Etawah_66_20230322T051659_20230322T052301_T44RKQ.tif,13,14,9,EPSG:32644,0.03693351522088051,0.03254999965429306,0.010581744834780693,0.022099999710917473,0.07320000231266022,0.05382142588496208,0.05260000005364418,0.015741633251309395,0.03400000184774399,0.10270000249147415,0.03734121099114418,0.030549999326467514,0.016817444935441017,0.019899999722838402,0.0892999991774559,0.14576593041419983,0.09549999982118607,0.12253718078136444,0.020800000056624413,0.3666999936103821,0.0891895592212677,0.0714000016450882,0.06910013407468796,0.01209999993443489,0.22349999845027924,0.05540494620800018,0.04944999888539314,0.04090104624629021,0.00860000029206276,0.15710000693798065,-0.23144514858722687,-0.1577978879213333,0.351902037858963,-0.7196162343025208,0.2504504323005676,-0.04933689534664154,-0.14496001601219177,0.3703652024269104,-0.5282555222511292,0.5488215684890747,0.43956043956043955,True,True
67,Etawah_67_20230401T051659_20230401T052512_T44RKQ.tif,20230401T051659_20230401T052512_T44RKQ,2023-04-01,ETAWAH,01-04-2023 09:40,26.74972222,78.98333333,26.0,0.1724869791666666,2.326412,0.0230681587551795,0.0312193413553465,0.0177490005037864,0.0140489582956909,0.0141732264757166,0.01018810508338,0.3807436257122538,0.3808706160404022,2,1,True,OK,67,Etawah_67_20230401T051659_20230401T052512_T44RKQ.tif,13,14,9,EPSG:32644,0.031167035922408104,0.024299999698996544,0.014098617248237133,0.013000000268220901,0.0812000036239624,0.04783955588936806,0.03635000064969063,0.02166040800511837,0.023099999874830246,0.11190000176429749,0.03563516587018967,0.020600000396370888,0.028176281601190567,0.01119999960064888,0.14000000059604645,0.13700933754444122,0.033650003373622894,0.13529439270496368,0.006399999838322401,0.4180000126361847,0.09485384821891785,0.05694999918341637,0.08543213456869125,0.00930000003427267,0.2766999900341034,0.05903516337275505,0.0369499996304512,0.05373541638255119,0.0071000000461936,0.21060000360012054,-0.11732150614261627,0.014792456291615963,0.4697777032852173,-0.7670502662658691,0.5704697966575623,-0.0683031678199768,-0.19464775919914246,0.4046446979045868,-0.6132339239120483,0.5351089239120483,0.45604395604395603,True,True
68,Etawah_68_20230411T051649_20230411T052709_T44RKQ.tif,20230411T051649_20230411T052709_T44RKQ,2023-04-11,ETAWAH,11-04-2023 09:30,26.74972222,78.98333333,39.0,0.1655656481481481,0.155653,0.0193252816601228,0.0285297579439839,0.0199639218243736,0.0212487754113615,0.0218242395371366,0.0183909347908558,0.1467722567980312,0.1357092030953641,2,1,True,OK,68,Etawah_68_20230411T051649_20230411T052709_T44RKQ.tif,13,14,9,EPSG:32644,0.036456041038036346,0.024800000712275505,0.0243806354701519,0.016200000420212746,0.12409999966621399,0.0529780238866806,0.03355000168085098,0.03339394927024841,0.025599999353289604,0.1673000007867813,0.04606703296303749,0.026399999856948853,0.04320161044597626,0.017799999564886093,0.22669999301433563,0.14460165798664093,0.03824999928474426,0.1357010304927826,0.017500000074505806,0.4440000057220459,0.1054302230477333,0.06340000033378601,0.09399568289518356,0.01679999940097332,0.3668000102043152,0.07182417809963226,0.04649999737739563,0.06855817884206772,0.013100000098347664,0.3237000107765198,-0.21018916368484497,-0.08528381586074829,0.34300360083580017,-0.731540322303772,0.2200435996055603,-0.16055724024772644,-0.2219432294368744,0.2747487723827362,-0.5511491298675537,0.2398190200328827,0.4230769230769231,True,True
69,Etawah_69_20230421T051649_20230421T052441_T44RKQ.tif,20230421T051649_20230421T052441_T44RKQ,2023-04-21,ETAWAH,21-04-2023 09:10,26.74972222,78.98333333,9.0,0.1516705439814814,5.913876,0.0489321086830501,0.072850760016884,0.0612619793622519,0.0783433994699924,0.088390554403173,0.0709764349886828,-0.0364287452764262,-0.0989086244709134,2,1,True,OK,69,Etawah_69_20230421T051649_20230421T052441_T44RKQ.tif,13,14,9,EPSG:32644,0.047796156257390976,0.03779999911785126,0.03176034614443779,0.014600000344216824,0.16590000689029694,0.07676978409290314,0.06444999575614929,0.037596724927425385,0.03779999911785126,0.21549999713897705,0.07271318137645721,0.05739999935030937,0.04957743361592293,0.03290000185370445,0.26899999380111694,0.17453406751155853,0.10949999839067459,0.1185283213853836,0.04809999838471413,0.4327999949455261,0.1541488915681839,0.12144999951124191,0.07864761352539062,0.0731000006198883,0.3882000148296356,0.11125384271144867,0.09019999951124191,0.06284388154745102,0.05810000002384186,0.35409998893737793,-0.2843494713306427,-0.18393218517303467,0.24881033599376678,-0.7328500747680664,0.010810792446136475,-0.31241315603256226,-0.288193941116333,0.1491069793701172,-0.6078904867172241,-0.010250531136989594,0.0,True,True
70,Etawah_70_20230501T051649_20230501T052839_T44RKQ.tif,20230501T051649_20230501T052839_T44RKQ,2023-05-01,ETAWAH,01-05-2023 20:50,26.74972222,78.98333333,20.0,0.6377793518518519,77.331245,0.0152878940669341,0.0339740430441976,0.0139507882183049,0.0128341640298163,0.0232079532245218,0.025277421370029,0.7417511899222995,0.1485195757476675,2,1,True,OK,70,Etawah_70_20230501T051649_20230501T052839_T44RKQ.tif,13,14,9,EPSG:32644,0.03328406810760498,0.012399999424815178,0.04965154081583023,0.0,0.2280000001192093,0.05637472867965698,0.03525000065565109,0.058955203741788864,0.0024999999441206455,0.28200000524520874,0.041793957352638245,0.010300000198185444,0.07333994656801224,0.0,0.3467000126838684,0.17152637243270874,0.08399999886751175,0.181350439786911,0.0,0.5569000244140625,0.13118791580200195,0.09444999694824219,0.11398685723543167,0.007400000002235174,0.46480000019073486,0.09213900566101074,0.06835000216960907,0.08570271730422974,0.01640000008046627,0.4244999885559082,0.1050301343202591,-0.024637967348098755,0.7611052393913269,-0.9027409553527832,1.0,-0.33298739790916443,-0.2963968515396118,0.2979569733142853,-0.8872785568237305,0.3455882668495178,0.15384615384615385,True,True
71,Etawah_71_20230511T051649_20230511T052839_T44RKQ.tif,20230511T051649_20230511T052839_T44RKQ,2023-05-11,ETAWAH,11-05-2023 09:40,26.74972222,78.98333333,32.0,0.1724994791666666,0.000113,0.0340045044552073,0.048111739702657,0.0327909627715901,0.0489725226831102,0.0380518446883044,0.0315988878711642,-0.0083652853555487,0.1170430371214254,2,1,True,OK,71,Etawah_71_20230511T051649_20230511T052839_T44RKQ.tif,13,14,9,EPSG:32644,0.053128574043512344,0.042649999260902405,0.030387384817004204,0.03220000118017197,0.17389999330043793,0.07269065827131271,0.06224999949336052,0.03769728168845177,0.04439999908208847,0.22310000658035278,0.06210494786500931,0.04405000060796738,0.05000929906964302,0.02879999950528145,0.2703999876976013,0.16474780440330505,0.09109999984502792,0.12414704263210297,0.042500000447034836,0.38440001010894775,0.12392088025808334,0.07944999635219574,0.09633947163820267,0.03519999980926514,0.4036000072956085,0.09173791855573654,0.061799999326467514,0.08272772282361984,0.027899999171495438,0.3950999975204468,-0.25182339549064636,-0.13777300715446472,0.25781700015068054,-0.7030235528945923,0.0385887511074543,-0.14721530675888062,-0.15037775039672852,0.23276054859161377,-0.5,0.19717063009738922,0.4010989010989011,True,True
72,Etawah_72_20230521T051659_20230521T052824_T44RKQ.tif,20230521T051659_20230521T052824_T44RKQ,2023-05-21,ETAWAH,22-05-2023 21:23,26.74972222,78.98333333,29.0,1.6606643055555557,0.086808,0.0817617965633519,0.1009464537387143,0.0906149209749691,0.1185268292000081,0.1074916530989933,0.0880432711182128,-0.0814764507042521,-0.0356830122142816,2,1,True,OK,72,Etawah_72_20230521T051659_20230521T052824_T44RKQ.tif,13,14,9,EPSG:32644,0.07731099426746368,0.0674000009894371,0.02566414140164852,0.05389999970793724,0.17499999701976776,0.10069341212511063,0.09045000374317169,0.030775491148233414,0.07180000096559525,0.22089999914169312,0.09497471898794174,0.07909999787807465,0.04097098857164383,0.06239999830722809,0.2614000141620636,0.18639671802520752,0.14184999465942383,0.08933204412460327,0.08980000019073486,0.34599998593330383,0.16390053927898407,0.1313999891281128,0.07543235272169113,0.08810000121593475,0.3882000148296356,0.12525218725204468,0.1034500002861023,0.06683295965194702,0.06729999929666519,0.37049999833106995,-0.24989598989486694,-0.16736944019794464,0.17524491250514984,-0.605256974697113,-0.058409564197063446,-0.20700731873512268,-0.19483956694602966,0.13385997712612152,-0.42252102494239807,0.044496484100818634,0.01098901098901099,True,True
73,Etawah_73_20230531T051659_20230531T052823_T44RKQ.tif,20230531T051659_20230531T052823_T44RKQ,2023-05-31,ETAWAH,01-06-2023 09:10,26.74972222,78.98333333,51.0,1.1516481712962965,0.032166,0.0300862330081767,0.0574010838460814,0.0429855292683429,0.0618337838100856,0.0544947345299554,0.0407037452431731,-0.0332839216451346,0.0177913146608835,2,1,True,OK,73,Etawah_73_20230531T051659_20230531T052823_T44RKQ.tif,13,14,9,EPSG:32644,0.03449175879359245,0.0247500017285347,0.02390563115477562,0.013199999928474426,0.12549999356269836,0.06566813588142395,0.05830000340938568,0.025556759908795357,0.04089999943971634,0.16060000658035278,0.05264505371451378,0.03914999961853027,0.03381063789129257,0.02590000070631504,0.17900000512599945,0.15711043775081635,0.10054999589920044,0.11543524265289307,0.042100001126527786,0.3889999985694885,0.11959725618362427,0.09700000286102295,0.07382993400096893,0.03889999911189079,0.2741999924182892,0.08097637444734573,0.07074999809265137,0.05072794482111931,0.03009999915957451,0.22849999368190765,-0.2713870704174042,-0.1552436351776123,0.265394926071167,-0.755176305770874,0.055555559694767,-0.2095087319612503,-0.18337413668632507,0.2069653868675232,-0.5584830045700073,0.13785308599472046,0.25274725274725274,True,True
74,Etawah_74_20230610T051659_20230610T052824_T44RKQ.tif,20230610T051659_20230610T052824_T44RKQ,2023-06-10,ETAWAH,12-06-2023 09:10,26.74972222,78.98333333,37.0,2.151635844907408,0.036105,0.0580111625667258,0.0739378105809174,0.0677667656233786,0.0940003376957532,0.0865676234096607,0.0680325591468948,-0.119442899775406,-0.0788340685933173,2,1,True,OK,74,Etawah_74_20230610T051659_20230610T052824_T44RKQ.tif,13,14,9,EPSG:32644,0.06938241422176361,0.059450000524520874,0.026511110365390778,0.048900000751018524,0.18790000677108765,0.09205274283885956,0.07594999670982361,0.03378097712993622,0.06390000134706497,0.23569999635219574,0.08502747118473053,0.06935000419616699,0.040194716304540634,0.059300001710653305,0.2667999863624573,0.180601105093956,0.10419999808073044,0.09952390193939209,0.08089999854564667,0.3580999970436096,0.15251758694648743,0.1067499965429306,0.0806724950671196,0.07760000228881836,0.39500001072883606,0.11234340816736221,0.08259999752044678,0.06652974337339401,0.06120000034570694,0.36550000309944153,-0.26625800132751465,-0.18099689483642578,0.16387972235679626,-0.6123368144035339,-0.09324321150779724,-0.20718367397785187,-0.17958314716815948,0.12108299881219864,-0.41904762387275696,-0.06447189301252365,0.0,True,True
75,Etawah_75_20230720T051659_20230720T052825_T44RKQ.tif,20230720T051659_20230720T052825_T44RKQ,2023-07-20,ETAWAH,21-07-2023 11:55,26.74972222,78.98333333,148.0,1.2662096296296297,47.023168,0.157427759808572,0.1877766905461547,0.2101825457779472,0.1544359797603442,0.0612379511915826,0.0541345572391701,0.0970125418751047,0.5092297104304774,2,1,True,OK,75,Etawah_75_20230720T051659_20230720T052825_T44RKQ.tif,13,14,9,EPSG:32644,0.12273461371660233,0.13084998726844788,0.04269203171133995,0.04349999874830246,0.17919999361038208,0.15193022787570953,0.16019999980926514,0.044118791818618774,0.06800000369548798,0.20990000665187836,0.15831977128982544,0.1789499968290329,0.06648748368024826,0.031300000846385956,0.23420000076293945,0.19931869208812714,0.1527000069618225,0.10789243131875992,0.08330000191926956,0.4578999876976013,0.08223900198936462,0.06319999694824219,0.06032676622271538,0.016200000420212746,0.218299999833107,0.05247747153043747,0.05454999953508377,0.022052621468901634,0.014100000262260437,0.1062999963760376,-0.07432576268911362,0.09346860647201538,0.3250676989555359,-0.728068470954895,0.29615548253059387,0.3375145196914673,0.500643253326416,0.41093626618385315,-0.4974838197231293,0.8146452903747559,0.7747252747252747,True,True
76,Etawah_76_20230819T051659_20230819T052701_T44RKQ.tif,20230819T051659_20230819T052701_T44RKQ,,,,,,,,,,,,,,,,,2,0,True,NO_CWC_METADATA,76,Etawah_76_20230819T051659_20230819T052701_T44RKQ.tif,13,14,9,EPSG:32644,0.1491978019475937,0.1604500114917755,0.024689888581633568,0.09719999879598618,0.18649999797344208,0.16439944505691528,0.1758500039577484,0.025281216949224472,0.10790000110864639,0.19840000569820404,0.15679505467414856,0.18029999732971191,0.04290413483977318,0.06830000132322311,0.20200000703334808,0.23513735830783844,0.18345001339912415,0.09287823736667633,0.1655000001192093,0.45820000767707825,0.10093241184949875,0.05205000191926956,0.076368048787117,0.03420000150799751,0.287200003862381,0.06080770120024681,0.03720000013709068,0.04680613428354263,0.0215000007301569,0.2565000057220459,-0.13907490670681,-0.007928736507892609,0.22480027377605438,-0.5874074101448059,0.04665900394320488,0.3143676817417145,0.5579159259796143,0.37861108779907227,-0.3357185423374176,0.6752136945724487,0.6978021978021978,False,True
77,Etawah_77_20230903T051701_20230903T053110_T44RKQ.tif,20230903T051701_20230903T053110_T44RKQ,2023-09-03,ETAWAH,01-09-2023 09:00,26.74972222,78.98333333,230.0,1.8553121527777776,1.039313,0.0873741691141297,0.1248630909343577,0.1443896970736819,0.1015588125299981,0.0446489026569677,0.0324665118309853,0.1030441868613969,0.4734253233072122,2,1,True,OK,77,Etawah_77_20230903T051701_20230903T053110_T44RKQ.tif,13,14,9,EPSG:32644,0.07444065064191818,0.08609999716281891,0.024154378101229668,0.022299999371170998,0.12680000066757202,0.11258076876401901,0.12389999628067017,0.02444942481815815,0.05939999967813492,0.1738000065088272,0.11991921812295914,0.14329999685287476,0.041670143604278564,0.03370000049471855,0.2071000039577484,0.17955495417118073,0.10694999992847443,0.11165037751197815,0.09430000185966492,0.4253000020980835,0.10588021576404572,0.06094999983906746,0.07282522320747375,0.040300000458955765,0.3133000135421753,0.06804396212100983,0.04034999758005142,0.051307208836078644,0.02979999966919422,0.2865999937057495,-0.13172945380210876,0.0795074924826622,0.3194119930267334,-0.7286707162857056,0.13327205181121826,0.12040802836418152,0.34688127040863037,0.3879317045211792,-0.5064395666122437,0.5067319273948669,0.6153846153846154,True,True
78,Etawah_78_20230923T051651_20230923T052212_T44RKQ.tif,20230923T051651_20230923T052212_T44RKQ,2023-09-23,ETAWAH,21-09-2023 09:10,26.74972222,78.98333333,55.0,1.848327430555556,65.008098,1.6550207292946344,1.4709159864934984,1.2881451635076122,1.1328120496593883,0.0821420895638414,0.1241690158992921,0.1298735793428244,0.894230715192116,3,2,True,DUPLICATE_SENTINEL_ID_REVIEW,78,Etawah_78_20230923T051651_20230923T052212_T44RKQ.tif,13,14,9,EPSG:32644,1.6922614574432373,1.6956000328063965,0.05975022166967392,1.5736000537872314,1.871999979019165,1.4058351516723633,1.4336999654769897,0.08698087185621262,1.0570000410079956,1.5049999952316284,1.1578835248947144,1.203700065612793,0.15325866639614105,0.7888000011444092,1.3272000551223755,1.1195759773254395,1.1277999877929688,0.038507040590047836,0.954200029373169,1.2120000123977661,0.13578352332115173,0.1184999942779541,0.06813722848892212,0.040300000458955765,0.2587999999523163,0.19141262769699097,0.19200000166893005,0.060140158981084824,0.09200000017881393,0.29510000348091125,0.11256834864616394,0.12001465260982513,0.0233681108802557,0.038271065801382065,0.13856348395347595,0.826690673828125,0.8410412073135376,0.08030244708061218,0.6783105731010437,0.9415899515151978,1.0,True,True
79,Etawah_79_20230923T051651_20230923T052212_T44RKQ.tif,20230923T051651_20230923T052212_T44RKQ,2023-09-23,ETAWAH,21-09-2023 09:10,26.74972222,78.98333333,55.0,1.848327430555556,65.008098,1.6550207292946344,1.4709159864934984,1.2881451635076122,1.1328120496593883,0.0821420895638414,0.1241690158992921,0.1298735793428244,0.894230715192116,3,2,True,DUPLICATE_SENTINEL_ID_REVIEW,79,Etawah_79_20230923T051651_20230923T052212_T44RKQ.tif,13,14,9,EPSG:32644,1.6922614574432373,1.6956000328063965,0.05975022166967392,1.5736000537872314,1.871999979019165,1.4058351516723633,1.4336999654769897,0.08698087185621262,1.0570000410079956,1.5049999952316284,1.1578835248947144,1.203700065612793,0.15325866639614105,0.7888000011444092,1.3272000551223755,1.1195759773254395,1.1277999877929688,0.038507040590047836,0.954200029373169,1.2120000123977661,0.13578352332115173,0.1184999942779541,0.06813722848892212,0.040300000458955765,0.2587999999523163,0.19141262769699097,0.19200000166893005,0.060140158981084824,0.09200000017881393,0.29510000348091125,0.11256834864616394,0.12001465260982513,0.0233681108802557,0.038271065801382065,0.13856348395347595,0.826690673828125,0.8410412073135376,0.08030244708061218,0.6783105731010437,0.9415899515151978,1.0,True,True
80,Etawah_80_20231003T051651_20231003T052230_T44RKQ.tif,20231003T051651_20231003T052230_T44RKQ,2023-10-03,ETAWAH,03-10-2023 09:10,26.74972222,78.98333333,26.0,0.1516736111111111,15.05851,0.0327157097751157,0.0534295465583233,0.0394825732633303,0.0546464243707633,0.0303888232040802,0.0217613036616344,-0.0111578348429034,0.2752602171815663,2,1,True,OK,80,Etawah_80_20231003T051651_20231003T052230_T44RKQ.tif,13,14,9,EPSG:32644,0.04211483523249626,0.03350000083446503,0.02027861215174198,0.02889999933540821,0.11720000207424164,0.0692802146077156,0.0572500005364418,0.025941748172044754,0.05130000039935112,0.15729999542236328,0.05336593836545944,0.040800001472234726,0.030633173882961273,0.031599998474121094,0.16439999639987946,0.1641802191734314,0.06544999778270721,0.1345060169696808,0.05079999938607216,0.424699991941452,0.09778790920972824,0.04529999941587448,0.07673749327659607,0.027400000020861626,0.3140999972820282,0.061517033725976944,0.030249999836087227,0.053173962980508804,0.019500000402331352,0.23729999363422394,-0.24331486225128174,-0.09642522782087326,0.2782886326313019,-0.7353858947753906,0.025689829140901566,-0.02697010338306427,0.08108274638652802,0.29707321524620056,-0.4761703908443451,0.32595324516296387,0.510989010989011,True,True
81,Etawah_81_20231013T051741_20231013T052432_T44RKQ.tif,20231013T051741_20231013T052432_T44RKQ,2023-10-13,ETAWAH,11-10-2023 09:20,26.74972222,78.98333333,60.0,1.841336712962963,5e-05,0.028983431910731,0.0499514922340241,0.0393605433894229,0.0551607123322298,0.035081306603519,0.0248376411681592,-0.0496810865981781,0.1746601908664882,2,1,True,OK,81,Etawah_81_20231013T051741_20231013T052432_T44RKQ.tif,13,14,9,EPSG:32644,0.040972527116537094,0.030700000002980232,0.023534247651696205,0.026599999517202377,0.1282999962568283,0.06681758910417557,0.054099999368190765,0.0279217716306448,0.0471000000834465,0.16619999706745148,0.05512307584285736,0.04065000265836716,0.034706126898527145,0.02979999966919422,0.18299999833106995,0.16683734953403473,0.06565000116825104,0.1405147761106491,0.048700001090765,0.4447000026702881,0.10347912460565567,0.05209999904036522,0.07705762982368469,0.03229999914765358,0.2985999882221222,0.06762197613716125,0.038050003349781036,0.0567830391228199,0.02250000089406967,0.2443999946117401,-0.2602401673793793,-0.11020238697528839,0.2772083878517151,-0.7476910948753357,0.003021161537617445,-0.092377670109272,-0.006640580482780933,0.26246699690818787,-0.5130984783172607,0.21315471827983856,0.5,True,True
82,Etawah_82_20231023T051851_20231023T052716_T44RKQ.tif,20231023T051851_20231023T052716_T44RKQ,2023-10-23,ETAWAH,23-10-2023 09:10,26.74972222,78.98333333,26.0,0.1516933101851852,0.000272,0.0471960306188578,0.0681336712876653,0.0543882882317972,0.0503499017229203,0.0277719315501173,0.0202050112727463,0.15007129795262,0.4210346421679934,2,1,True,OK,82,Etawah_82_20231023T051851_20231023T052716_T44RKQ.tif,13,14,9,EPSG:32644,0.05417747423052788,0.04830000177025795,0.017524924129247665,0.03799999877810478,0.12630000710487366,0.07903022319078445,0.07079999893903732,0.021398041397333145,0.06369999796152115,0.16300000250339508,0.06513405591249466,0.054899998009204865,0.029164738953113556,0.039500001817941666,0.17880000174045563,0.1631120890378952,0.061000000685453415,0.13987727463245392,0.042500000447034836,0.4487000107765198,0.09824065119028091,0.05780000239610672,0.07860975712537766,0.024700000882148743,0.28450000286102295,0.06271977722644806,0.03530000150203705,0.056982170790433884,0.01850000023841858,0.23090000450611115,-0.14229154586791992,0.05414928123354912,0.3502752482891083,-0.7175253629684448,0.21557974815368652,0.05510903522372246,0.081791952252388,0.35510414838790894,-0.4422914981842041,0.46351489424705505,0.5439560439560439,True,True
83,Etawah_83_20231102T051951_20231102T052415_T44RKQ.tif,20231102T051951_20231102T052415_T44RKQ,2023-11-02,ETAWAH,01-11-2023 09:15,26.74972222,78.98333333,16.0,0.8448188194444445,0.053905,0.0533931584156177,0.0743785333496661,0.0581949886657205,0.0556604309135477,0.0247186516515956,0.0161736205861031,0.144272483370334,0.5015511757627062,2,1,True,OK,83,Etawah_83_20231102T051951_20231102T052415_T44RKQ.tif,13,14,9,EPSG:32644,0.06109615042805672,0.05700000002980232,0.014064617455005646,0.04520000144839287,0.11860000342130661,0.08551318198442459,0.07919999957084656,0.017832301557064056,0.07029999792575836,0.1525000035762787,0.06876318901777267,0.06014999747276306,0.025517340749502182,0.04580000042915344,0.16859999299049377,0.16579724848270416,0.06499999761581421,0.1329779028892517,0.051899999380111694,0.4438999891281128,0.09993955492973328,0.055399999022483826,0.0834166407585144,0.020099999383091927,0.29679998755455017,0.06071758270263672,0.0333000011742115,0.05847074091434479,0.013899999670684338,0.23510000109672546,-0.14074963331222534,0.07401175796985626,0.33334746956825256,-0.6833199262619019,0.19504645466804504,0.10537426173686981,0.17744365334510803,0.39307811856269836,-0.4322373569011688,0.6003976464271545,0.5604395604395604,True,True
84,Etawah_84_20231107T052019_20231107T052323_T44RKQ.tif,20231107T052019_20231107T052323_T44RKQ,2023-11-07,ETAWAH,07-11-2023 08:50,26.74972222,78.98333333,37.0,0.1377753125,0.001994,0.0512862474367081,0.0746126555929984,0.0653824608275868,0.0576697353515899,0.0447484522136054,0.0290613594495896,0.1284867618636748,0.2503197214142461,2,1,True,OK,84,Etawah_84_20231107T052019_20231107T052323_T44RKQ.tif,13,14,9,EPSG:32644,0.05602087453007698,0.05119999870657921,0.016358278691768646,0.03840000182390213,0.12470000237226486,0.08448462188243866,0.07744999974966049,0.0193436611443758,0.06920000165700912,0.15960000455379486,0.07580383867025375,0.06769999861717224,0.026762107387185097,0.0502999983727932,0.18000000715255737,0.16969944536685944,0.07150000333786011,0.13436882197856903,0.05090000107884407,0.44119998812675476,0.11616702377796173,0.07205000519752502,0.07895524054765701,0.041600000113248825,0.2985000014305115,0.07316428422927856,0.04780000075697899,0.056430310010910034,0.02759999968111515,0.23479999601840973,-0.15931007266044617,0.024501917883753777,0.3330634832382202,-0.708527147769928,0.1979396641254425,-0.040964994579553604,0.04370784014463425,0.2940605878829956,-0.4765799045562744,0.3008778989315033,0.521978021978022,True,True
85,Etawah_85_20231112T052041_20231112T052318_T44RKQ.tif,20231112T052041_20231112T052318_T44RKQ,2023-11-12,ETAWAH,13-11-2023 09:10,26.74972222,78.98333333,27.0,1.151701111111111,0.000153,0.0451387809584261,0.0653941306214242,0.0505513372350702,0.0544066300431081,0.0224081081184055,0.0148839387752436,0.0915319941969911,0.4897618738070198,2,1,True,OK,85,Etawah_85_20231112T052041_20231112T052318_T44RKQ.tif,13,14,9,EPSG:32644,0.05259669944643974,0.04659999907016754,0.016596928238868713,0.038100000470876694,0.12039999663829803,0.07664340734481812,0.06889999657869339,0.020822178572416306,0.05979999899864197,0.15399999916553497,0.06272857636213303,0.05285000056028366,0.02756335400044918,0.0406000018119812,0.1662999987602234,0.1619988977909088,0.06710000336170197,0.12641431391239166,0.051600001752376556,0.4223000109195709,0.09712912142276764,0.0543999969959259,0.08426090329885483,0.019999999552965164,0.33980000019073486,0.0599752776324749,0.03400000184774399,0.06077210232615471,0.01209999993443489,0.26919999718666077,-0.19097968935966492,0.000871427240781486,0.31136590242385864,-0.7045408487319946,0.1406003087759018,0.07814396172761917,0.07585914433002472,0.3966732323169708,-0.47271931171417236,0.5611729025840759,0.5439560439560439,True,True
86,Etawah_86_20231122T052121_20231122T052116_T44RKQ.tif,20231122T052121_20231122T052116_T44RKQ,2023-11-22,ETAWAH,21-11-2023 09:10,26.74972222,78.98333333,46.0,0.8482610532407407,0.018643,0.0509134856213161,0.0761621340874347,0.0582748030654263,0.047605179967086,0.0210268719783598,0.0149848676119618,0.2309857278281973,0.5675705645132709,3,2,True,DUPLICATE_SENTINEL_ID_REVIEW,86,Etawah_86_20231122T052121_20231122T052116_T44RKQ.tif,13,14,9,EPSG:32644,0.061989009380340576,0.05694999918341637,0.016707535833120346,0.04149999842047691,0.12269999831914902,0.09061867743730545,0.0823500007390976,0.020281827077269554,0.0714000016450882,0.164900004863739,0.0745467022061348,0.062300000339746475,0.029407577589154243,0.05139999836683273,0.20149999856948853,0.16379450261592865,0.08904999494552612,0.1265554279088974,0.04529999941587448,0.41499999165534973,0.10362472385168076,0.07410000264644623,0.08864662796258926,0.018400000408291817,0.39469999074935913,0.0655483528971672,0.050599999725818634,0.06511913985013962,0.012900000438094139,0.3336000144481659,-0.11823584884405136,0.005330473184585571,0.33455657958984375,-0.6716290712356567,0.27422988414764404,0.11568859964609146,0.09963500499725342,0.3940085470676422,-0.43889477849006653,0.6252545714378357,0.5659340659340659,True,True
87,Etawah_87_20231122T052121_20231122T052116_T44RKQ.tif,20231122T052121_20231122T052116_T44RKQ,2023-11-22,ETAWAH,21-11-2023 09:10,26.74972222,78.98333333,46.0,0.8482610532407407,0.018643,0.0509134856213161,0.0761621340874347,0.0582748030654263,0.047605179967086,0.0210268719783598,0.0149848676119618,0.2309857278281973,0.5675705645132709,3,2,True,DUPLICATE_SENTINEL_ID_REVIEW,87,Etawah_87_20231122T052121_20231122T052116_T44RKQ.tif,13,14,9,EPSG:32644,0.061989009380340576,0.05694999918341637,0.016707535833120346,0.04149999842047691,0.12269999831914902,0.09061867743730545,0.0823500007390976,0.020281827077269554,0.0714000016450882,0.164900004863739,0.0745467022061348,0.062300000339746475,0.029407577589154243,0.05139999836683273,0.20149999856948853,0.16379450261592865,0.08904999494552612,0.1265554279088974,0.04529999941587448,0.41499999165534973,0.10362472385168076,0.07410000264644623,0.08864662796258926,0.018400000408291817,0.39469999074935913,0.0655483528971672,0.050599999725818634,0.06511913985013962,0.012900000438094139,0.3336000144481659,-0.11823584884405136,0.005330473184585571,0.33455657958984375,-0.6716290712356567,0.27422988414764404,0.11568859964609146,0.09963500499725342,0.3940085470676422,-0.43889477849006653,0.6252545714378357,0.5659340659340659,True,True
88,Etawah_88_20231202T052151_20231202T052152_T44RKQ.tif,20231202T052151_20231202T052152_T44RKQ,2023-12-02,ETAWAH,01-12-2023 09:20,26.74972222,78.98333333,19.0,0.841269050925926,10.253151,0.0481052369446712,0.0750880349712731,0.0579051097633678,0.0813117547019443,0.0331696226662192,0.0173648791146456,-0.0403126701914827,0.3864079713276042,2,1,True,OK,88,Etawah_88_20231202T052151_20231202T052152_T44RKQ.tif,13,14,9,EPSG:32644,0.0545494481921196,0.04874999821186066,0.019079072400927544,0.030700000002980232,0.12240000069141388,0.08729395270347595,0.07970000058412552,0.021193843334913254,0.06300000101327896,0.16140000522136688,0.07057911902666092,0.06069999933242798,0.027498671784996986,0.04470000043511391,0.188400000333786,0.17572911083698273,0.10500000417232513,0.10758297890424728,0.07320000231266022,0.38960000872612,0.1115395650267601,0.07620000094175339,0.08535068482160568,0.029899999499320984,0.3894999921321869,0.06483735889196396,0.045500002801418304,0.06156736612319946,0.013799999840557575,0.335099995136261,-0.24021023511886597,-0.10322186350822449,0.24062900245189667,-0.6847037076950073,0.012811833992600441,0.022433491423726082,0.050382886081933975,0.3386206328868866,-0.4981975555419922,0.438914030790329,0.532967032967033,True,True
89,Etawah_89_20231212T052221_20231212T052217_T44RKQ.tif,20231212T052221_20231212T052217_T44RKQ,2023-12-12,ETAWAH,11-12-2023 08:30,26.74972222,78.98333333,18.0,0.8760295601851852,0.000438,0.0425534488733958,0.0616704956124964,0.0445961715026364,0.0567001403070281,0.0244121623625622,0.015759501731687,0.0419573192691812,0.4327910823143415,3,1,True,OK,89,Etawah_89_20231212T052221_20231212T052217_T44RKQ.tif,13,14,9,EPSG:32644,0.05090659484267235,0.04580000042915344,0.014284836128354073,0.03590000048279762,0.1014999970793724,0.0742868185043335,0.06624999642372131,0.01789715886116028,0.05779999867081642,0.13279999792575836,0.059243958443403244,0.04830000177025795,0.02458946965634823,0.041600000113248825,0.16189999878406525,0.1558510959148407,0.09155000001192093,0.10740572959184647,0.05310000106692314,0.35420000553131104,0.09641538560390472,0.06810000538825989,0.07367583364248276,0.02199999988079071,0.2872999906539917,0.05932307988405228,0.04520000144839287,0.0533551424741745,0.01209999993443489,0.2653999924659729,-0.22220465540885925,-0.0868232250213623,0.2793291509151459,-0.6850354075431824,0.08499997854232788,0.027735671028494835,0.01163820642977953,0.353786826133728,-0.4684300124645233,0.48235294222831726,0.5054945054945055,True,True
90,Etawah_90_20240111T052201_20240111T052201_T44RKQ.tif,20240111T052201_20240111T052201_T44RKQ,2024-01-11,ETAWAH,11-01-2024 21:20,26.74972222,78.98333333,9.0,0.6586985763888888,12.813301,0.7249190463256595,0.7147856675977777,0.7171405718938724,0.7472301401399277,0.6584495885113071,0.5645136528539364,-0.0223498065412665,0.0405711872395136,2,1,True,OK,90,Etawah_90_20240111T052201_20240111T052201_T44RKQ.tif,13,14,9,EPSG:32644,0.7535682320594788,0.7508000135421753,0.08707829564809799,0.5322999954223633,0.9638000130653381,0.7392774224281311,0.73785001039505,0.07983434945344925,0.5365999937057495,0.9273999929428101,0.7394368648529053,0.7398999929428101,0.07844330370426178,0.5367000102996826,0.9229999780654907,0.7694786190986633,0.7720000147819519,0.07585932314395905,0.5774000287055969,0.9448000192642212,0.6701818704605103,0.6699999570846558,0.06389535963535309,0.5113999843597412,0.8041999936103821,0.575398862361908,0.576200008392334,0.05753182992339134,0.4259999990463257,0.694599986076355,-0.020498545840382576,-0.019965123385190964,0.008772679604589939,-0.05105986446142197,0.0011770298006013036,0.04838220402598381,0.047941528260707855,0.011865695007145405,0.010135399177670479,0.07406335324048996,1.0,True,True
91,Etawah_91_20240210T051951_20240210T052850_T44RKQ.tif,20240210T051951_20240210T052850_T44RKQ,2024-02-10,ETAWAH,12-02-2024 09:00,26.74972222,78.98333333,22.0,2.144790891203704,3.6e-05,0.0369169343984476,0.0495679900747606,0.0411553911823854,0.0360700171278277,0.0133308839713126,0.0101293638295615,0.1592411400848866,0.5748141831760337,2,1,True,OK,91,Etawah_91_20240210T051951_20240210T052850_T44RKQ.tif,13,14,9,EPSG:32644,0.04121318832039833,0.03945000097155571,0.011126857250928879,0.02500000037252903,0.09399999678134918,0.05774175748229027,0.05375000089406967,0.01589779183268547,0.041099999099969864,0.12720000743865967,0.04822088032960892,0.04325000196695328,0.016839826479554176,0.029899999499320984,0.12780000269412994,0.1122494488954544,0.04605000093579292,0.09754803031682968,0.025800000876188278,0.4081999957561493,0.07558955997228622,0.03790000081062317,0.06739559769630432,0.00989999994635582,0.21729999780654907,0.05173901095986366,0.026200000196695328,0.04572325944900513,0.007499999832361937,0.18729999661445618,-0.13248328864574432,0.05142369866371155,0.32049426436424255,-0.7579672336578369,0.24017465114593506,0.10848934203386307,0.14115548133850098,0.4433898329734802,-0.49092692136764526,0.6773333549499512,0.532967032967033,True,True
92,Etawah_92_20240220T051841_20240220T052240_T44RKQ.tif,20240220T051841_20240220T052240_T44RKQ,2024-02-20,ETAWAH,21-02-2024 09:10,26.74972222,78.98333333,19.0,1.151717476851852,0.070677,0.0304484797572415,0.0545314756701364,0.050021297862619,0.0704288009720904,0.059893496566859,0.0461331082550968,-0.1195547089656093,-0.0544866177718726,2,1,True,OK,92,Etawah_92_20240220T051841_20240220T052240_T44RKQ.tif,13,14,9,EPSG:32644,0.03094780258834362,0.025750000029802322,0.012983065098524094,0.019200000911951065,0.08309999853372574,0.055529121309518814,0.04985000193119049,0.01702296733856201,0.03920000046491623,0.12219999730587006,0.051019228994846344,0.04320000112056732,0.01762915402650833,0.035100001841783524,0.11900000274181366,0.12930934131145477,0.0762999951839447,0.09578602761030197,0.04989999905228615,0.42410001158714294,0.10530713945627213,0.07555000483989716,0.05483275279402733,0.04809999838471413,0.20900000631809235,0.0750109925866127,0.05820000171661377,0.03623366355895996,0.03750000149011612,0.1550000011920929,-0.2931152284145355,-0.1819744110107422,0.19978831708431244,-0.790962815284729,-0.0763569325208664,-0.25352805852890015,-0.22881527245044708,0.1651378571987152,-0.5289735198020935,0.02521011233329773,0.005494505494505495,True,True
93,Etawah_93_20240321T051651_20240321T053116_T44RKQ.tif,20240321T051651_20240321T053116_T44RKQ,2024-03-21,ETAWAH,21-03-2024 09:30,26.74972222,78.98333333,9.0,0.1655700347222222,5.146705,0.030692567449191,0.0535054476868764,0.0397926801836604,0.0310866694697095,0.0193094032429062,0.0166075874386388,0.2650227060747073,0.4700040107316061,2,1,True,OK,93,Etawah_93_20240321T051651_20240321T053116_T44RKQ.tif,13,14,9,EPSG:32644,0.03390384465456009,0.031599998474121094,0.010533152148127556,0.0203000009059906,0.08399999886751175,0.059474725276231766,0.05460000038146973,0.012694950215518475,0.04650000110268593,0.11890000104904175,0.04629011079668999,0.0406000018119812,0.016813430935144424,0.02810000069439411,0.125,0.1389615386724472,0.0406000018119812,0.1287194788455963,0.026900000870227814,0.4262000024318695,0.0821126401424408,0.038450002670288086,0.06699908524751663,0.016599999740719795,0.2134000062942505,0.051816485822200775,0.02604999952018261,0.04058763012290001,0.011500000022351742,0.16899999976158142,-0.1302240788936615,0.12920738756656647,0.41484448313713074,-0.8032578825950623,0.32917705178260803,0.039513830095529556,0.1670105904340744,0.4078614413738251,-0.530065655708313,0.5218002796173096,0.510989010989011,True,True
94,Etawah_94_20240331T051651_20240331T052929_T44RKQ.tif,20240331T051651_20240331T052929_T44RKQ,2024-03-31,ETAWAH,01-04-2024 08:35,26.74972222,78.98333333,14.0,1.1273982291666669,0.000113,0.0344945246834614,0.0521484657394204,0.0376401747323085,0.0578068693394999,0.032799943700288,0.0226317144275395,-0.0502270502841932,0.2274336934714737,2,1,True,OK,94,Etawah_94_20240331T051651_20240331T052929_T44RKQ.tif,13,14,9,EPSG:32644,0.043267033994197845,0.03970000147819519,0.011916855350136757,0.03150000050663948,0.08950000256299973,0.06396044045686722,0.0608999989926815,0.015404126606881618,0.047200001776218414,0.11900000274181366,0.05033626779913902,0.043949998915195465,0.018581578508019447,0.03310000151395798,0.12300000339746475,0.15500879287719727,0.09160000085830688,0.10759244114160538,0.05209999904036522,0.35019999742507935,0.09740548580884933,0.07590000331401825,0.06337620317935944,0.02879999950528145,0.22450000047683716,0.06231153756380081,0.052650000900030136,0.038976576179265976,0.0203000009059906,0.1906999945640564,-0.28852614760398865,-0.15509994328022003,0.24678458273410797,-0.6824405193328857,-0.009725905954837799,-0.09090551733970642,-0.06152677536010742,0.2722287178039551,-0.4729241728782654,0.271091103553772,0.46703296703296704,True,True
95,Etawah_95_20240410T051651_20240410T053057_T44RKQ.tif,20240410T051651_20240410T053057_T44RKQ,2024-04-10,ETAWAH,12-04-2024 12:23,26.74972222,78.98333333,25.0,2.2857184722222224,33.427975,0.026846945240437,0.0474241131833788,0.0351138514362229,0.0418207347075777,0.0392775477661629,0.0300610498218432,0.08866080111126,0.1001389885672865,1,1,False,OK,95,Etawah_95_20240410T051651_20240410T053057_T44RKQ.tif,13,14,9,EPSG:32644,0.03753846138715744,0.030500000342726707,0.021258743479847908,0.01769999973475933,0.13179999589920044,0.06338901072740555,0.060350000858306885,0.02690158039331436,0.03519999980926514,0.1655000001192093,0.055205490440130234,0.040950000286102295,0.035579048097133636,0.025299999862909317,0.17730000615119934,0.150423064827919,0.08654999732971191,0.1290956288576126,0.023399999365210533,0.3977000117301941,0.11383295804262161,0.0945499986410141,0.07790683954954147,0.027400000020861626,0.2883000075817108,0.07678297162055969,0.06749999523162842,0.0501813180744648,0.022600000724196434,0.2045000046491623,-0.1910407990217209,-0.07813653349876404,0.3325271010398865,-0.7197851538658142,0.23452770709991455,-0.17418819665908813,-0.16532212495803833,0.23535917699337006,-0.5244195461273193,0.20440636575222015,0.34615384615384615,True,True
96,Etawah_96_20240420T051651_20240420T052641_T44RKQ.tif,20240420T051651_20240420T052641_T44RKQ,2024-04-20,ETAWAH,22-04-2024 09:30,26.74972222,78.98333333,27.0,2.165543726851852,15.7132,0.0770367958115179,0.0992666947328158,0.0965757325610464,0.1411585025898357,0.1346287300646607,0.1052114580252401,-0.1786983782480059,-0.1491926128741119,2,1,True,OK,96,Etawah_96_20240420T051651_20240420T052641_T44RKQ.tif,13,14,9,EPSG:32644,0.06989945471286774,0.06055000051856041,0.023045547306537628,0.04740000143647194,0.14880000054836273,0.09546374529600143,0.08654999732971191,0.025835320353507996,0.06750000268220901,0.17419999837875366,0.09359176456928253,0.07850000262260437,0.035919416695833206,0.06159999966621399,0.19859999418258667,0.19607581198215485,0.1764499992132187,0.08328593522310257,0.10040000081062317,0.3531000018119812,0.16147692501544952,0.15049999952316284,0.05832487344741821,0.08749999850988388,0.323199987411499,0.11809120327234268,0.10939999669790268,0.04514008015394211,0.06750000268220901,0.24639999866485596,-0.3078245520591736,-0.2333000898361206,0.15545134246349335,-0.6089949607849121,-0.12962494790554047,-0.23839139938354492,-0.21177691221237183,0.10650306940078735,-0.4142441749572754,-0.042196232825517654,0.0,True,True
97,Etawah_97_20240430T051651_20240430T053056_T44RKQ.tif,20240430T051651_20240430T053056_T44RKQ,2024-04-30,ETAWAH,01-05-2024 08:40,26.74972222,78.98333333,29.0,1.1308285300925929,0.000182,0.1021113589952431,0.1243142729985888,0.1296464657822103,0.1501049684687845,0.16916652759621,0.1475685812209875,-0.0987238150387834,-0.1494113506407368,2,1,True,OK,97,Etawah_97_20240430T051651_20240430T053056_T44RKQ.tif,13,14,9,EPSG:32644,0.07310933619737625,0.05295000225305557,0.04582905024290085,0.02019999921321869,0.2084999978542328,0.10357856750488281,0.08150000125169754,0.04866200312972069,0.041200000792741776,0.24040000140666962,0.10329505056142807,0.07135000079870224,0.061967942863702774,0.037300001829862595,0.2653999924659729,0.20293734967708588,0.1800999939441681,0.10605934262275696,0.05939999967813492,0.4000000059604645,0.178731307387352,0.1757500022649765,0.08059871196746826,0.06790000200271606,0.38940000534057617,0.1364104449748993,0.11319999396800995,0.07250130921602249,0.0560000017285347,0.3377000093460083,-0.2789270281791687,-0.20161883533000946,0.20587505400180817,-0.6718913316726685,-0.06147347763180733,-0.2567756474018097,-0.24394291639328003,0.13619577884674072,-0.4987766444683075,0.012137211859226227,0.005494505494505495,True,True
98,Etawah_98_20240510T051651_20240510T052922_T44RKQ.tif,20240510T051651_20240510T052922_T44RKQ,2024-05-10,ETAWAH,11-05-2024 20:36,26.74972222,78.98333333,25.0,1.6280491782407407,2e-05,0.0839878238741778,0.112068764247663,0.1245180030787565,0.1057045890350285,0.163751972181647,0.1429415683603954,0.0637541799665127,-0.1703502884944543,2,1,True,OK,98,Etawah_98_20240510T051651_20240510T052922_T44RKQ.tif,13,14,9,EPSG:32644,0.05201813578605652,0.02944999933242798,0.04878115653991699,0.001500000013038516,0.2071000039577484,0.08728241920471191,0.07119999825954437,0.052185993641614914,0.02370000071823597,0.24040000140666962,0.08977637439966202,0.05640000104904175,0.07333482056856155,0.012400000356137753,0.3172999918460846,0.16179944574832916,0.13699999451637268,0.12966777384281158,0.0,0.4009000062942505,0.16997253894805908,0.16165000200271606,0.1010134369134903,0.028300000354647636,0.4560000002384186,0.12977692484855652,0.11024999618530273,0.08554275333881378,0.027499999850988388,0.3822999894618988,-0.040165409445762634,-0.03741542622447014,0.49096959829330444,-0.7397260069847107,1.0,-0.2921603322029114,-0.29781490564346313,0.1618664413690567,-0.6031689047813416,0.04960193112492561,0.02197802197802198,True,True
99,Etawah_99_20240530T051651_20240530T053020_T44RKQ.tif,20240530T051651_20240530T053020_T44RKQ,2024-05-30,ETAWAH,01-06-2024 08:40,26.74972222,78.98333333,19.4,2.130830243055556,43.092409,0.1305321647485651,0.1654576018079276,0.1714708341845639,0.1999882339071986,0.2210411760989611,0.183143500366609,-0.0931058273622388,-0.1406501658860728,2,1,True,OK,99,Etawah_99_20240530T051651_20240530T053020_T44RKQ.tif,13,14,9,EPSG:32644,0.11220713704824448,0.10639999806880951,0.03316892310976982,0.06719999760389328,0.20329999923706055,0.15265768766403198,0.140749990940094,0.033298466354608536,0.11400000005960464,0.2402999997138977,0.1552005261182785,0.13749998807907104,0.047169435769319534,0.0989999994635582,0.2903999984264374,0.23521099984645844,0.2295999974012375,0.06804211437702179,0.1429000049829483,0.3677999973297119,0.2284950464963913,0.2273000031709671,0.06227072328329086,0.15279999375343323,0.4099000096321106,0.17690879106521606,0.15369999408721924,0.05731680616736412,0.11760000139474869,0.34869998693466187,-0.19731517136096954,-0.12123702466487885,0.13837893307209015,-0.48906880617141724,-0.04412762075662613,-0.1906295120716095,-0.1666003167629242,0.09270672500133514,-0.35329341888427734,-0.022561365738511086,0.0,True,True
100,Etawah_100_20240609T051701_20240609T052940_T44RKQ.tif,20240609T051701_20240609T052940_T44RKQ,2024-06-09,ETAWAH,11-06-2024 08:40,26.74972222,78.98333333,14.0,2.1307916319444447,0.097269,0.0828280689305969,0.1109045886142003,0.114834755862568,0.1307473118293208,0.1621292656033744,0.133308403718344,-0.0775848913967042,-0.1893583247301731,2,1,True,OK,100,Etawah_100_20240609T051701_20240609T052940_T44RKQ.tif,13,14,9,EPSG:32644,0.07419616729021072,0.058250002562999725,0.04133450984954834,0.02630000002682209,0.19689999520778656,0.1085318773984909,0.09210000187158585,0.044783614575862885,0.05119999870657921,0.2281000018119812,0.11056318134069443,0.08699999749660492,0.05803366005420685,0.04839999973773956,0.27140000462532043,0.18285055458545685,0.164000004529953,0.08982691168785095,0.0568000003695488,0.3617999851703644,0.1842285841703415,0.16979999840259552,0.07834282517433167,0.07609999924898148,0.39010000228881836,0.14180110394954681,0.12674999237060547,0.06875129044055939,0.06019999831914902,0.3490999937057495,-0.21398936212062836,-0.13940326869487762,0.18371152877807617,-0.5861464142799377,0.004345728084445,-0.2472875416278839,-0.23685672879219055,0.11667443066835403,-0.46365106105804443,-0.015604100190103054,0.0,True,True
101,Etawah_101_20240619T051701_20240619T052437_T44RKQ.tif,20240619T051701_20240619T052437_T44RKQ,2024-06-19,ETAWAH,21-06-2024 08:40,26.74972222,78.98333333,16.3,2.1307983449074075,7.99494,0.128843806842384,0.1608326860906992,0.1635214532043802,0.1845407664129796,0.2116275901092334,0.1748681995023445,-0.0650526180218114,-0.1322509513010044,2,1,True,OK,101,Etawah_101_20240619T051701_20240619T052437_T44RKQ.tif,13,14,9,EPSG:32644,0.10840219259262085,0.09960000216960907,0.040144674479961395,0.05119999870657921,0.21819999814033508,0.14604231715202332,0.1308000087738037,0.041044414043426514,0.09709999710321426,0.2513999938964844,0.14780165255069733,0.12654998898506165,0.053685616701841354,0.08510000258684158,0.2849999964237213,0.2182774841785431,0.2224000096321106,0.06965485215187073,0.1242000013589859,0.3564999997615814,0.21829944849014282,0.2167000025510788,0.06665311008691788,0.1331000030040741,0.39739999175071716,0.16934560239315033,0.1453000009059906,0.06112975627183914,0.10719999670982361,0.3433000147342682,-0.18227846920490265,-0.09877543151378632,0.165725439786911,-0.5228534936904907,-0.0007818740559741855,-0.19079364836215973,-0.15695439279079437,0.11802733689546585,-0.41263720393180847,-0.0010740787256509066,0.0,True,True
102,Etawah_102_20240709T051651_20240709T053028_T44RKQ.tif,20240709T051651_20240709T053028_T44RKQ,2024-07-09,ETAWAH,11-07-2024 08:40,26.74972222,78.98333333,109.0,2.1308225810185184,56.074959,0.085339287961917,0.1108871054004978,0.0826253945591045,0.0908847274038487,0.0332929195431354,0.022481461462506,0.0992179122587733,0.5381781060693299,2,1,True,OK,102,Etawah_102_20240709T051651_20240709T053028_T44RKQ.tif,13,14,9,EPSG:32644,0.08505000919103622,0.08515000343322754,0.01407987717539072,0.053700000047683716,0.13529999554157257,0.11192087829113007,0.11055000126361847,0.015552788972854614,0.08380000293254852,0.179299995303154,0.08286429196596146,0.08165000379085541,0.027374306693673134,0.040800001472234726,0.19990000128746033,0.17211319506168365,0.10485000163316727,0.09878528863191605,0.06960000097751617,0.3944999873638153,0.10773956030607224,0.05624999850988388,0.0858553797006607,0.026499999687075615,0.3537999987602234,0.0697978064417839,0.03830000013113022,0.06724466383457184,0.018300000578165054,0.3269999921321869,-0.1252024620771408,0.030882935971021652,0.2648153603076935,-0.5863141417503357,0.17241378128528595,0.15610948204994202,0.34268978238105774,0.3702562153339386,-0.3688725531101227,0.5763389468193054,0.5989010989010989,True,True
103,Etawah_103_20240823T051649_20240823T052843_T44RKQ.tif,20240823T051649_20240823T052843_T44RKQ,2024-08-23,ETAWAH,21-08-2024 08:45,26.74972222,78.98333333,18.4,1.865660671296296,52.504051,0.1481705805379058,0.1598849667399819,0.1456949891929456,0.1281788010760588,0.0495910623382466,0.0343246477297381,0.1103746951557695,0.5269710348314934,2,1,True,OK,103,Etawah_103_20240823T051649_20240823T052843_T44RKQ.tif,13,14,9,EPSG:32644,0.1501510888338089,0.14059999585151672,0.03593669831752777,0.11150000244379044,0.35109999775886536,0.16486044228076935,0.15424999594688416,0.036294206976890564,0.12839999794960022,0.37290000915527344,0.14346592128276825,0.13824999332427979,0.03970938175916672,0.08879999816417694,0.3598000109195709,0.22435110807418823,0.15569999814033508,0.12010115385055542,0.11020000278949738,0.4652000069618225,0.13302142918109894,0.0840499997138977,0.09673905372619629,0.04039999842643738,0.41670000553131104,0.08409450948238373,0.05860000103712082,0.06468508392572403,0.027400000020861626,0.33340001106262207,-0.08528722077608109,0.04316125437617302,0.23473834991455078,-0.5310841202735901,0.16735923290252686,0.20856322348117828,0.2948281764984131,0.32109954953193665,-0.2835676372051239,0.5611081123352051,0.6483516483516484,True,True
104,Etawah_104_20240922T051649_20240922T052326_T44RKQ.tif,20240922T051649_20240922T052326_T44RKQ,2024-09-22,ETAWAH,21-09-2024 08:30,26.74972222,78.98333333,128.4,0.8760474537037037,40.162694,0.0960940038250457,0.1204854729134371,0.1335101362489801,0.0688761826143138,0.0088931729939455,0.0076727760154156,0.2728148033330636,0.8626638212417431,1,1,False,OK,104,Etawah_104_20240922T051649_20240922T052326_T44RKQ.tif,13,14,9,EPSG:32644,0.08531153947114944,0.09529999643564224,0.022921409457921982,0.03849999979138374,0.1356000006198883,0.111439548432827,0.11985000222921371,0.02321936935186386,0.06159999966621399,0.17739999294281006,0.11227472871541977,0.13339999318122864,0.042690496891736984,0.027300000190734863,0.19359999895095825,0.16251100599765778,0.07799999415874481,0.12874868512153625,0.06469999998807907,0.4499000012874603,0.07714121788740158,0.014949999749660492,0.08536946028470993,0.006500000134110451,0.31360000371932983,0.04400934651494026,0.013000000268220901,0.04912393167614937,0.00559999980032444,0.2615000009536743,-0.03374406322836876,0.21687522530555725,0.3843333423137665,-0.7257902026176453,0.31133580207824707,0.38207346200942993,0.7747211456298828,0.5523896813392639,-0.5089676976203918,0.898595929145813,0.6923076923076923,True,True
105,Etawah_105_20210101T052219_20210101T052222_T44RKQ.tif,20210101T052219_20210101T052222_T44RKQ,2021-01-01,ETAWAH,01-01-2021 08:00,26.74972222,78.98333333,1.0,0.103102037037037,0.001948,0.1002675814413558,0.0995498036898605,0.0813770271346879,0.0995831789673297,0.0400851629155285,0.023399915513142,-0.000175604936885,0.4264642591378442,2,1,True,OK,105,Etawah_105_20210101T052219_20210101T052222_T44RKQ.tif,14,14,9,EPSG:32644,0.15800713002681732,0.1611500084400177,0.0226424690335989,0.11749999970197678,0.1931000053882599,0.17983265221118927,0.1838499903678894,0.030446656048297882,0.1257999986410141,0.22429999709129333,0.19345307350158691,0.20274999737739563,0.04884295538067818,0.10809999704360962,0.26159998774528503,0.22267042100429535,0.23960000276565552,0.07210513204336166,0.1005999967455864,0.3181999921798706,0.24829846620559692,0.2685000002384186,0.12906546890735626,0.044599998742341995,0.42489999532699585,0.24976888298988342,0.2687999904155731,0.14464376866817474,0.026499999687075615,0.4537000060081482,-0.08117498457431793,-0.13214081525802612,0.10312208533287048,-0.17920395731925964,0.12203111499547958,-0.06043589860200882,-0.1874431073665619,0.2813973128795624,-0.31746771931648254,0.4980863928794861,0.2755102040816326,True,True
106,Etawah_106_20210131T052039_20210131T052539_T44RKQ.tif,20210131T052039_20210131T052539_T44RKQ,2021-01-31,ETAWAH,01-02-2021 08:15,26.74972222,78.98333333,9.0,1.113502974537037,0.001931,0.0182047155318647,0.0230014075929936,0.0151139075666202,0.0226987754340862,0.0142322918396235,0.0106446791142917,0.0062981905551472,0.2454706472239818,2,1,True,OK,106,Etawah_106_20210131T052039_20210131T052539_T44RKQ.tif,14,14,9,EPSG:32644,0.11837805807590485,0.12350000441074371,0.050807204097509384,0.03709999844431877,0.19820000231266022,0.16334284842014313,0.17110000550746918,0.06051301583647728,0.06270000338554382,0.259799987077713,0.1926448941230774,0.20730000734329224,0.08737853914499283,0.04050000011920929,0.32690000534057617,0.22362551093101501,0.2501000165939331,0.1189311295747757,0.017000000923871994,0.38530001044273376,0.2532760202884674,0.28139999508857727,0.1455051153898239,0.012400000356137753,0.4564000070095062,0.24927093088626862,0.26639997959136963,0.1520186960697174,0.012000000104308128,0.4740999937057495,-0.0459827221930027,-0.19210213422775269,0.28671813011169434,-0.24603678286075592,0.6018626093864441,-0.07537877559661865,-0.2522983253002167,0.3374672830104828,-0.33748847246170044,0.6926889419555664,0.22959183673469388,True,True
107,Etawah_107_20210302T051729_20210302T052733_T44RKQ.tif,20210302T051729_20210302T052733_T44RKQ,2021-03-02,ETAWAH,01-03-2021 08:10,26.74972222,78.98333333,10.0,0.8899603703703703,0.00653,0.0249581926031382,0.0353287162331587,0.0212601915553531,0.0339667652033558,0.0216777030709472,0.0175754223147361,0.0199532581170166,0.246392207793883,2,1,True,OK,107,Etawah_107_20210302T051729_20210302T052733_T44RKQ.tif,14,14,9,EPSG:32644,0.1324959248304367,0.1417500078678131,0.059941090643405914,0.03500000014901161,0.20759999752044678,0.18355867266654968,0.1964000016450882,0.07094766944646835,0.06909999996423721,0.27480000257492065,0.21882756054401398,0.24289999902248383,0.10511193424463272,0.0406000018119812,0.3495999872684479,0.24199490249156952,0.28325000405311584,0.13928619027137756,0.007199999876320362,0.40470001101493835,0.2777188718318939,0.31769999861717224,0.16016612946987152,0.017500000074505806,0.47760000824928284,0.27999335527420044,0.3161500096321106,0.16456344723701477,0.01769999973475933,0.4902999997138977,0.007658150512725115,-0.1818477213382721,0.34489157795906067,-0.22890684008598328,0.8149100542068481,-0.06777498871088028,-0.24315540492534637,0.3167474865913391,-0.3446717858314514,0.6043956279754639,0.23979591836734693,True,True
108,Etawah_108_20210322T051649_20210322T052843_T44RKQ.tif,20210322T051649_20210322T052843_T44RKQ,2021-03-22,ETAWAH,22-03-2021 08:30,26.74972222,78.98333333,8.0,0.1239266203703703,9.910906,0.0666223673521214,0.0755822639031386,0.064375197704722,0.0918483244420893,0.0660862340570872,0.0495098680672068,-0.09711592260702,0.0677355557270054,2,1,True,OK,108,Etawah_108_20210322T051649_20210322T052843_T44RKQ.tif,14,14,9,EPSG:32644,0.13086631894111633,0.14305000007152557,0.03842680901288986,0.06710000336170197,0.17489999532699585,0.17214950919151306,0.18735000491142273,0.04904251918196678,0.08950000256299973,0.2287999987602234,0.19747550785541534,0.22259999811649323,0.07411463558673859,0.07150000333786011,0.2809999883174896,0.23000051081180573,0.2643499970436096,0.0933193638920784,0.07280000299215317,0.33160001039505005,0.2777775228023529,0.3203999996185303,0.13150005042552948,0.058800000697374344,0.43130001425743103,0.27679896354675293,0.3215000033378601,0.14048437774181366,0.04580000042915344,0.4424000084400177,-0.10588519275188446,-0.17061936855316162,0.11576646566390991,-0.1891794204711914,0.12991659343242645,-0.16202114522457123,-0.26530641317367554,0.19456809759140015,-0.3233151435852051,0.23237599432468414,0.22448979591836735,True,True
109,Etawah_109_20210406T051651_20210406T052529_T44RKQ.tif,20210406T051651_20210406T052529_T44RKQ,2021-04-06,ETAWAH,05-04-2021 08:00,26.74972222,78.98333333,2.0,0.8968722685185185,2.423715,0.0401551245936184,0.0738486342975316,0.0749406530154734,0.1183406808256247,0.1305999290932238,0.1004455117666087,-0.2315825475149091,-0.2776991854304331,2,1,True,OK,109,Etawah_109_20210406T051651_20210406T052529_T44RKQ.tif,14,14,9,EPSG:32644,0.152790829539299,0.17739999294281006,0.06197440251708031,0.03709999844431877,0.22339999675750732,0.21521735191345215,0.23875001072883606,0.06607361882925034,0.08990000188350677,0.29159998893737793,0.252413272857666,0.28485000133514404,0.08544806391000748,0.08889999985694885,0.3479999899864197,0.27640968561172485,0.3144000172615051,0.09437312930822372,0.09809999912977219,0.3785000145435333,0.3131484389305115,0.343500018119812,0.09495870023965836,0.1298000067472458,0.4226999878883362,0.2800775468349457,0.3090500235557556,0.09390848129987717,0.10440000146627426,0.3921000063419342,-0.11279993504285812,-0.12821313738822937,0.04246233031153679,-0.17262765765190125,-0.010348071344196796,-0.18488869071006775,-0.1820925772190094,0.02478799968957901,-0.27258285880088806,-0.13308613002300262,0.0,True,True
110,Etawah_110_20210411T051649_20210411T052917_T44RKQ.tif,20210411T051649_20210411T052917_T44RKQ,2021-04-11,ETAWAH,12-04-2021 08:05,26.74972222,78.98333333,17.0,1.1065938310185186,0.827834,0.0349425958948805,0.0492270552623505,0.0404779280788634,0.0678820094504804,0.0569473818817117,0.0458099519139625,-0.1592963270901761,-0.0718342508055659,2,1,True,OK,110,Etawah_110_20210411T051649_20210411T052917_T44RKQ.tif,14,14,9,EPSG:32644,0.14025050401687622,0.1624000072479248,0.050803180783987045,0.04340000078082085,0.19460000097751617,0.1886729598045349,0.21325001120567322,0.05761674791574478,0.0754999965429306,0.25049999356269836,0.22842243313789368,0.2627499997615814,0.08544700592756271,0.0608999989926815,0.31790000200271606,0.2623097002506256,0.3094500005245209,0.1082901656627655,0.05389999970793724,0.37059998512268066,0.3067041039466858,0.35474997758865356,0.13043271005153656,0.05849999934434891,0.4465999901294708,0.30310967564582825,0.3532000184059143,0.13560567796230316,0.04639999940991402,0.4537000060081482,-0.115566186606884,-0.18600037693977356,0.13934007287025452,-0.20519059896469116,0.19827589392662048,-0.18416470289230347,-0.25991499423980713,0.15415440499782562,-0.33994513750076294,0.18897107243537903,0.1683673469387755,True,True
111,Etawah_111_20210421T051649_20210421T053100_T44RKQ.tif,20210421T051649_20210421T053100_T44RKQ,2021-04-21,ETAWAH,21-04-2021 08:10,26.74972222,78.98333333,21.0,0.1100911111111111,56.752861,0.616246002902453,0.5758819288473476,0.5370391913404403,0.5899291142133308,0.4583056151304764,0.4200075474559323,-0.0130136352820766,0.1119706932641985,2,1,True,OK,111,Etawah_111_20210421T051649_20210421T053100_T44RKQ.tif,14,14,9,EPSG:32644,0.2813076376914978,0.28679999709129333,0.09347979724407196,0.12460000067949295,0.45179998874664307,0.29533979296684265,0.3008999824523926,0.08369027823209763,0.14640000462532043,0.4251999855041504,0.30107295513153076,0.31130000948905945,0.07727415859699249,0.1606999933719635,0.41990000009536743,0.3353397846221924,0.34324997663497925,0.08268193900585175,0.1889999955892563,0.4643000066280365,0.3235704004764557,0.3295000195503235,0.06271789222955704,0.18860000371932983,0.40869998931884766,0.29621121287345886,0.2975500226020813,0.05973907932639122,0.15449999272823334,0.39559999108314514,-0.06961008161306381,-0.06297539174556732,0.03975396603345871,-0.17163999378681183,0.008242377080023289,-0.057786498218774796,-0.03722115978598595,0.10137813538312912,-0.32248643040657043,0.19539785385131836,0.30612244897959184,True,True
112,Etawah_112_20210521T051649_20210521T053105_T44RKQ.tif,20210521T051649_20210521T053105_T44RKQ,2021-05-21,ETAWAH,21-05-2021 08:00,26.74972222,78.98333333,14.0,0.1030838310185185,62.963474,0.4625312510567407,0.413742229636121,0.3552724131559198,0.3317995203851915,0.2146325630979059,0.1521873606215776,0.1135651440687922,0.329552407770812,2,1,True,OK,112,Etawah_112_20210521T051649_20210521T053105_T44RKQ.tif,14,14,9,EPSG:32644,0.9442800283432007,0.9541000127792358,0.05879797413945198,0.746999979019165,1.0268000364303589,0.8844780921936035,0.8944000005722046,0.05310935899615288,0.699999988079071,0.9613999724388123,0.8397602438926697,0.8453999757766724,0.05080524832010269,0.663100004196167,0.9097999930381775,0.8287315964698792,0.8349000215530396,0.05171974003314972,0.6486999988555908,0.9103999733924866,0.7307709455490112,0.7393499612808228,0.052156176418066025,0.5825999975204468,0.8041999936103821,0.6654459238052368,0.6793000102043152,0.0640544667840004,0.4894999861717224,0.7501999735832214,0.032607242465019226,0.03180236369371414,0.004992778412997723,0.024400651454925537,0.05031743273139,0.09545830637216568,0.09289983659982681,0.02445378713309765,0.031905416399240494,0.16136465966701508,1.0,True,True
113,Etawah_113_20210531T051649_20210531T052809_T44RKQ.tif,20210531T051649_20210531T052809_T44RKQ,2021-05-31,ETAWAH,01-06-2021 08:00,26.74972222,78.98333333,17.0,1.1030734259259258,2.697526,0.0513129786945888,0.0705720589764684,0.0609986906460075,0.0848586287355755,0.0806510277587484,0.0655304475840567,-0.0934871165926131,-0.0688007761837562,2,1,True,OK,113,Etawah_113_20210531T051649_20210531T052809_T44RKQ.tif,14,14,9,EPSG:32644,0.17894846200942993,0.1977500021457672,0.0367782860994339,0.09440000355243683,0.21960000693798065,0.23198673129081726,0.2542499899864197,0.043054305016994476,0.1282999962568283,0.28139999508857727,0.2688576579093933,0.3049499988555908,0.07024107128381729,0.11270000040531158,0.34139999747276306,0.2807239592075348,0.32440000772476196,0.08443091064691544,0.10239999741315842,0.36329999566078186,0.34094133973121643,0.39305001497268677,0.11131098866462708,0.12309999763965607,0.4544000029563904,0.3340071141719818,0.38964998722076416,0.11759506911039352,0.10400000214576721,0.4577000141143799,-0.07274971902370453,-0.12259925156831741,0.09527365863323212,-0.1370251178741455,0.1315881460905075,-0.16029351949691772,-0.22020140290260315,0.11725717037916183,-0.2715182602405548,0.09912929683923721,0.17857142857142858,True,True
114,Etawah_114_20210610T051649_20210610T053106_T44RKQ.tif,20210610T051649_20210610T053106_T44RKQ,2021-06-10,ETAWAH,11-06-2021 08:00,26.74972222,78.98333333,19.0,1.1030702546296296,32.074681,0.8012977494262497,0.7468568719000563,0.7083793379584548,0.7222186922607524,0.5834345477255616,0.5750650534456647,0.0167652148749996,0.1228350781382539,2,1,True,OK,114,Etawah_114_20210610T051649_20210610T053106_T44RKQ.tif,14,14,9,EPSG:32644,1.2993907928466797,1.3092000484466553,0.11414451152086258,1.1003999710083008,1.5210000276565552,1.1996572017669678,1.1898000240325928,0.11152949184179306,1.020799994468689,1.4332000017166138,1.1197235584259033,1.1043999195098877,0.10745783150196075,0.9467999935150146,1.3622000217437744,1.1293959617614746,1.1238000392913818,0.11895937472581863,0.9358000159263611,1.3772000074386597,0.6700418591499329,0.6658999919891357,0.05862098187208176,0.5302000045776367,0.7882999777793884,0.5524683594703674,0.5598000288009644,0.05241798982024193,0.390500009059906,0.6371999979019165,0.030784619972109795,0.02957594208419323,0.011507275514304638,-0.005964871030300856,0.059290811419487,0.28256604075431824,0.2766813337802887,0.039679404348134995,0.19823990762233734,0.38874027132987976,1.0,True,True
115,Etawah_115_20210620T051649_20210620T053110_T44RKQ.tif,20210620T051649_20210620T053110_T44RKQ,2021-06-20,ETAWAH,21-06-2021 07:50,26.74972222,78.98333333,28.0,1.0961295601851853,28.629676,0.3662996056892381,0.3539987019649162,0.3355478895576418,0.3762721519262806,0.3863888795084848,0.3765853028282993,-0.0304769069482866,-0.0437989768244143,2,1,True,OK,115,Etawah_115_20210620T051649_20210620T053110_T44RKQ.tif,14,14,9,EPSG:32644,0.6280913352966309,0.660099983215332,0.10182351619005203,0.365200012922287,0.777999997138977,0.6093734502792358,0.638700008392334,0.0992814227938652,0.3614000082015991,0.7577000260353088,0.5879234671592712,0.6190500259399414,0.10111145675182343,0.3447999954223633,0.737500011920929,0.5944254994392395,0.6238000392913818,0.09152695536613464,0.361299991607666,0.7312999963760376,0.5505979657173157,0.572100043296814,0.08473983407020569,0.3578999936580658,0.6916000247001648,0.4573576748371124,0.47245001792907715,0.0817011147737503,0.26899999380111694,0.6014999747276306,0.01149597205221653,0.012157962657511234,0.018786251544952393,-0.03283095359802246,0.05647170916199684,0.049515500664711,0.04812571406364441,0.032687149941921234,-0.04328259453177452,0.13067564368247986,0.9285714285714286,True,True
116,Etawah_116_20210630T051649_20210630T051915_T44RKQ.tif,20210630T051649_20210630T051915_T44RKQ,2021-06-30,ETAWAH,01-07-2021 08:00,26.74972222,78.98333333,30.0,1.1030700925925927,68.552062,0.2201563063023092,0.2287543066798265,0.2150443412556505,0.2770006217582672,0.2159185553858946,0.2021453828584437,-0.0953916754932268,0.028861681600353,2,1,True,OK,116,Etawah_116_20210630T051649_20210630T051915_T44RKQ.tif,14,14,9,EPSG:32644,0.19717450439929962,0.20469999313354492,0.014841618947684765,0.16509999334812164,0.21250000596046448,0.2260265350341797,0.23464998602867126,0.01715146005153656,0.18889999389648438,0.2442999929189682,0.23789897561073303,0.25204998254776,0.027283508330583572,0.1784999966621399,0.2630000114440918,0.28568875789642334,0.3039500117301941,0.03393508493900299,0.21899999678134918,0.3158000111579895,0.2700933814048767,0.2927500009536743,0.040167197585105896,0.19359999895095825,0.3077000081539154,0.2534627616405487,0.27490001916885376,0.03967644274234772,0.17630000412464142,0.28999999165534973,-0.1141713485121727,-0.12677085399627686,0.025191424414515495,-0.14237220585346222,-0.056395478546619415,-0.08397098630666733,-0.10779184103012085,0.04297742247581482,-0.12386708706617355,0.005309711210429668,0.030612244897959183,True,True
117,Etawah_117_20210710T051649_20210710T053111_T44RKQ.tif,20210710T051649_20210710T053111_T44RKQ,2021-07-10,ETAWAH,12-07-2021 07:40,26.74972222,78.98333333,41.0,2.089172349537037,67.810458,0.0813602342717098,0.0776647525411602,0.0255042792217667,0.061943834697878,0.0549574467853794,0.0661453278473083,0.1463727723680717,0.1717411475292793,2,1,True,OK,117,Etawah_117_20210710T051649_20210710T053111_T44RKQ.tif,14,14,9,EPSG:32644,0.9033413529396057,0.9123499989509583,0.10875588655471802,0.614300012588501,1.1507999897003174,0.7498776316642761,0.7588000297546387,0.08471138030290604,0.4948999881744385,0.9513999819755554,0.6291576027870178,0.6371999979019165,0.07268815487623215,0.44670000672340393,0.8226000070571899,0.5931520462036133,0.5969499945640564,0.048800062388181686,0.4496999979019165,0.7067999839782715,0.456890344619751,0.46015000343322754,0.03325268253684044,0.35569998621940613,0.548799991607666,0.41366323828697205,0.41750001907348633,0.036305394023656845,0.30169999599456787,0.5009999871253967,0.11507388204336166,0.115794837474823,0.019384058192372322,0.04202201962471008,0.15377166867256165,0.2405627965927124,0.23988115787506104,0.03764401003718376,0.08584432303905487,0.3227498233318329,1.0,True,True
118,Etawah_118_20210725T051651_20210725T052751_T44RKQ.tif,20210725T051651_20210725T052751_T44RKQ,,,,,,,,,,,,,,,,,2,0,True,NO_CWC_METADATA,118,Etawah_118_20210725T051651_20210725T052751_T44RKQ.tif,14,14,9,EPSG:32644,0.727852463722229,0.7508000135421753,0.10899075120687485,0.4000999927520752,0.8894000053405762,0.6787938475608826,0.683150053024292,0.1020631417632103,0.4002000093460083,0.8258000016212463,0.6338168382644653,0.6353499889373779,0.09894537925720215,0.3589000105857849,0.7803000211715698,0.639281153678894,0.6429499983787537,0.08340469002723694,0.40149998664855957,0.7633000016212463,0.5782336592674255,0.5821499824523926,0.07023461163043976,0.39410001039505005,0.6969000101089478,0.5159622430801392,0.5214500427246094,0.06451980024576187,0.3452000021934509,0.6272000074386597,0.02834634855389595,0.032334692776203156,0.020019419491291046,-0.030209939926862717,0.05865878984332085,0.07756919413805008,0.08442399650812149,0.03288818895816803,-0.08450859785079956,0.1280168890953064,0.9744897959183674,False,True
119,Etawah_119_20210814T051651_20210814T053104_T44RKQ.tif,20210814T051651_20210814T053104_T44RKQ,,,,,,,,,,,,,,,,,2,0,True,NO_CWC_METADATA,119,Etawah_119_20210814T051651_20210814T053104_T44RKQ.tif,14,14,9,EPSG:32644,0.1278209239244461,0.1251000016927719,0.011678089387714863,0.10830000042915344,0.1615999937057495,0.16051530838012695,0.15839999914169312,0.009149448946118355,0.1436000019311905,0.1873999983072281,0.1842714101076126,0.1843000054359436,0.005505284760147333,0.1704999953508377,0.19979999959468842,0.21530508995056152,0.21105000376701355,0.01967199333012104,0.18140000104904175,0.2703999876976013,0.11360970139503479,0.10750000178813934,0.026650473475456238,0.07079999893903732,0.18700000643730164,0.08435969799757004,0.07844999432563782,0.020805049687623978,0.05429999902844429,0.14489999413490295,-0.1445166915655136,-0.143544003367424,0.019731998443603516,-0.19172930717468262,-0.10937497764825821,0.18157635629177094,0.1926642805337906,0.09013938903808594,-0.028037406504154205,0.3468634784221649,0.9693877551020408,False,True
120,Etawah_120_20210824T051651_20210824T052626_T44RKQ.tif,20210824T051651_20210824T052626_T44RKQ,2021-08-24,ETAWAH,23-08-2021 09:20,26.74972222,78.98333333,15.0,0.8413855555555556,46.873043,0.1527165820096359,0.157842088262089,0.125277702600133,0.1546369098328255,0.0793349378939449,0.0534676803996459,0.0102046248959087,0.3309505533611587,2,1,True,OK,120,Etawah_120_20210824T051651_20210824T052626_T44RKQ.tif,14,14,9,EPSG:32644,0.20236124098300934,0.20234999060630798,0.009433615021407604,0.18170000612735748,0.2442999929189682,0.2178969532251358,0.21819999814033508,0.009399869479238987,0.193900004029274,0.25929999351501465,0.21580560505390167,0.21559999883174896,0.00917769130319357,0.19550000131130219,0.2556000053882599,0.22192448377609253,0.21940000355243683,0.016340598464012146,0.19789999723434448,0.2994999885559082,0.1276203989982605,0.12335000187158585,0.025285227224230766,0.09210000187158585,0.24729999899864197,0.09035561978816986,0.0868000015616417,0.02052203379571438,0.06210000067949295,0.18490000069141388,-0.008394600823521614,-0.005361900199204683,0.021624960005283356,-0.08266574144363403,0.03301437944173813,0.26705968379974365,0.2811083197593689,0.06562072783708572,0.017871679738163948,0.3661390244960785,1.0,True,True
121,Etawah_121_20210903T051651_20210903T052534_T44RKQ.tif,20210903T051651_20210903T052534_T44RKQ,2021-09-03,ETAWAH,01-09-2021 08:30,26.74972222,78.98333333,33.0,1.8760952546296297,59.455585,0.2745007864275092,0.2509446251290003,0.2170016031275999,0.2683605020026769,0.1565585585839644,0.1358724655709355,-0.0335537202853965,0.2315887134975276,2,1,True,OK,121,Etawah_121_20210903T051651_20210903T052534_T44RKQ.tif,14,14,9,EPSG:32644,1.215633749961853,1.2223000526428223,0.09108995646238327,0.9735999703407288,1.4148000478744507,1.1382744312286377,1.1439000368118286,0.09120773524045944,0.9228000044822693,1.354599952697754,1.0708714723587036,1.0770000219345093,0.0889999121427536,0.8479999899864197,1.2935999631881714,1.012044906616211,1.0170999765396118,0.07574933767318726,0.83160001039505,1.1706000566482544,0.5889892578125,0.5873500108718872,0.03186068683862686,0.5120000243186951,0.6820999979972839,0.4545010030269623,0.4551500082015991,0.02246703952550888,0.3959999978542328,0.5167999863624573,0.05848449468612671,0.059817902743816376,0.013182399794459343,0.0009674301836639643,0.08434264361858368,0.31684258580207825,0.3199617266654968,0.03161896765232086,0.23363760113716125,0.392715185880661,1.0,True,True
122,Etawah_122_20210913T051651_20210913T053059_T44RKQ.tif,20210913T051651_20210913T053059_T44RKQ,2021-09-13,ETAWAH,13-09-2021 08:00,26.74972222,78.98333333,35.0,0.1030720138888888,29.700629,0.6689439188554749,0.6639480279540424,0.6435077746927338,0.6700916550885719,0.6588673625091042,0.5827718107365407,-0.0050659787490354,0.0032516683078594,2,1,True,OK,122,Etawah_122_20210913T051651_20210913T053059_T44RKQ.tif,14,14,9,EPSG:32644,0.09691224992275238,0.0945499986410141,0.010684331879019737,0.0794999971985817,0.14830000698566437,0.13939131796360016,0.1379999965429306,0.009809509851038456,0.1152999997138977,0.18279999494552612,0.14568112790584564,0.14509999752044678,0.00916729960590601,0.12139999866485596,0.1793999969959259,0.08700153976678848,0.08240000158548355,0.01861441507935524,0.06279999762773514,0.1746000051498413,0.03310051187872887,0.026499999687075615,0.01722763292491436,0.015300000086426735,0.10459999740123749,0.026210712268948555,0.022849999368190765,0.010997246950864792,0.013199999928474426,0.07429999858140945,0.238353431224823,0.24823063611984253,0.06150015816092491,0.008158472366631031,0.3704071342945099,0.6330424547195435,0.6745978593826294,0.1148587018251419,0.2355589121580124,0.7888199090957642,1.0,True,True
123,Etawah_123_20210923T051651_20210923T053101_T44RKQ.tif,20210923T051651_20210923T053101_T44RKQ,2021-09-23,ETAWAH,21-09-2021 08:30,26.74972222,78.98333333,26.0,1.876120601851852,37.094069,0.1179673991686253,0.1410339520782702,0.1350458606213398,0.121847198158083,0.0419424126057902,0.0286345580246127,0.0730504989629267,0.5417419901738565,2,1,True,OK,123,Etawah_123_20210923T051651_20210923T053101_T44RKQ.tif,14,14,9,EPSG:32644,0.0696989893913269,0.0669500008225441,0.01163280475884676,0.05689999833703041,0.10409999638795853,0.0818897932767868,0.07569999992847443,0.02022661827504635,0.06430000066757202,0.14350000023841858,0.08771173655986786,0.07649999856948853,0.02984033338725567,0.0658000037074089,0.18160000443458557,0.06769642233848572,0.05830000340938568,0.024988634511828423,0.048900000751018524,0.14239999651908875,0.01600867323577404,0.015699999406933784,0.002247442025691271,0.012600000016391277,0.024399999529123306,0.011373468674719334,0.010999999940395355,0.0021005854941904545,0.006899999920278788,0.018200000748038292,0.10719532519578934,0.1257304549217224,0.043464429676532745,-0.006642068736255169,0.14887215197086334,0.6674739122390747,0.6571071147918701,0.031902894377708435,0.6225680708885193,0.7634240984916687,1.0,True,True
124,Etawah_124_20211003T051701_20211003T052600_T44RKQ.tif,20211003T051701_20211003T052600_T44RKQ,2021-10-03,ETAWAH,01-10-2021 08:30,26.74972222,78.98333333,94.0,1.876138136574074,0.05719,0.0776076016953919,0.1052789132609997,0.1101964246156533,0.0797073053592514,0.0215039414011239,0.0149214384670428,0.1383185514242615,0.6608290720378628,2,1,True,OK,124,Etawah_124_20211003T051701_20211003T052600_T44RKQ.tif,14,14,9,EPSG:32644,0.06703520566225052,0.06719999760389328,0.0016536400653421879,0.06199999898672104,0.0706000030040741,0.10591071099042892,0.10620000213384628,0.0016201972030103207,0.10189999639987946,0.10909999907016754,0.08387754112482071,0.08429999649524689,0.0015446435427293181,0.07900000363588333,0.0868000015616417,0.028596431016921997,0.02850000001490116,0.0011084728175774217,0.025699999183416367,0.031700000166893005,0.014685715548694134,0.014600000344216824,0.0006366366287693381,0.013299999758601189,0.016499999910593033,0.011119388043880463,0.010999999940395355,0.0010179670061916113,0.008999999612569809,0.015200000256299973,0.5748748183250427,0.5751612186431885,0.012430790811777115,0.5428983569145203,0.6097190380096436,0.7564499378204346,0.7571491003036499,0.009949939325451851,0.723849356174469,0.7759336233139038,1.0,True,True
125,Etawah_125_20211013T051751_20211013T052103_T44RKQ.tif,20211013T051751_20211013T052103_T44RKQ,2021-10-13,ETAWAH,11-10-2021 08:20,26.74972222,78.98333333,104.0,1.8830908564814808,0.000219,0.0581332065415702,0.085820707096089,0.0854408361756049,0.0592247608111466,0.0274836712316001,0.020411430273377,0.1835234407314544,0.5149063993799123,2,1,True,OK,125,Etawah_125_20211013T051751_20211013T052103_T44RKQ.tif,14,14,9,EPSG:32644,0.05195765569806099,0.050700001418590546,0.005211358889937401,0.047600001096725464,0.08290000259876251,0.08142602443695068,0.07890000194311142,0.007378781214356422,0.0763000026345253,0.121799997985363,0.05865306407213211,0.052400000393390656,0.017295368015766144,0.048500001430511475,0.15000000596046448,0.024064283818006516,0.018300000578165054,0.02194841206073761,0.015300000086426735,0.16740000247955322,0.02454642951488495,0.020500000566244125,0.015244625508785248,0.01810000091791153,0.14560000598430634,0.01871020346879959,0.016499999910593033,0.009850597940385342,0.014100000262260437,0.10090000182390213,0.5827829241752625,0.6233838796615601,0.14421723783016205,-0.15767636895179749,0.670258641242981,0.557255744934082,0.583796501159668,0.10080185532569885,-0.08900526165962219,0.6302348971366882,0.9897959183673469,True,True
126,Etawah_126_20211023T051901_20211023T052038_T44RKQ.tif,20211023T051901_20211023T052038_T44RKQ,2021-10-23,ETAWAH,21-10-2021 08:20,26.74972222,78.98333333,34.0,1.883089375,0.002223,0.0410995639164235,0.067272987310053,0.0611605292153628,0.0411115992077005,0.0239152029085367,0.0181845443832964,0.241700325243024,0.4758607455747421,2,1,True,OK,126,Etawah_126_20211023T051901_20211023T052038_T44RKQ.tif,14,14,9,EPSG:32644,0.0642673447728157,0.06430000066757202,0.0011792660225182772,0.06109999865293503,0.06679999828338623,0.10678265243768692,0.10679999738931656,0.001004990073852241,0.10419999808073044,0.10949999839067459,0.15713316202163696,0.15719999372959137,0.0009167783427983522,0.15379999577999115,0.15940000116825104,0.13276633620262146,0.13259999454021454,0.0015225147362798452,0.12890000641345978,0.13830000162124634,0.01571020297706127,0.015599999576807022,0.0007838276214897633,0.0142000000923872,0.019500000402331352,0.012130102142691612,0.012199999764561653,0.0009355571819469333,0.009600000455975533,0.014800000004470348,-0.10845237225294113,-0.10829316824674606,0.0075402953661978245,-0.12897957861423492,-0.08822289109230042,0.7435442805290222,0.7455138564109802,0.011309714987874031,0.6884983777999878,0.7660626173019409,1.0,True,True
127,Etawah_127_20211102T052001_20211102T052127_T44RKQ.tif,20211102T052001_20211102T052127_T44RKQ,2021-11-02,ETAWAH,01-11-2021 08:25,26.74972222,78.98333333,21.0,0.8796049768518519,0.000979,0.0630878801284534,0.0828336853773106,0.0740672719050282,0.0612292087475374,0.028531728461563,0.0205635700827393,0.149937092299313,0.4875924516309826,2,1,True,OK,127,Etawah_127_20211102T052001_20211102T052127_T44RKQ.tif,14,14,9,EPSG:32644,0.06713010370731354,0.062199998646974564,0.013518258929252625,0.05869999900460243,0.1412000060081482,0.09225969761610031,0.0839499980211258,0.019580310210585594,0.07999999821186066,0.19629999995231628,0.07498826086521149,0.059300001710653305,0.036199212074279785,0.056299999356269836,0.24740000069141388,0.050981637090444565,0.028349999338388443,0.055478569120168686,0.023800000548362732,0.2937000095844269,0.04632091522216797,0.021700000390410423,0.06490035355091095,0.01940000057220459,0.37380000948905945,0.0350627526640892,0.016200000420212746,0.055244330316782,0.012799999676644802,0.359499990940094,0.3985917866230011,0.4949679374694824,0.2210535854101181,-0.21562427282333374,0.5423076748847961,0.47746145725250244,0.589669942855835,0.25239574909210205,-0.3404214680194855,0.6306818127632141,0.8928571428571429,True,True
128,Etawah_128_20211112T052051_20211112T052922_T44RKQ.tif,20211112T052051_20211112T052922_T44RKQ,2021-11-12,ETAWAH,11-11-2021 08:30,26.74972222,78.98333333,1.0,0.8761067824074074,23.322425,0.1535981686089423,0.1592855019041815,0.1365079954350451,0.1805198769869601,0.0884747742129875,0.0625236204322973,-0.0624362017853428,0.2858248747138491,2,1,True,OK,128,Etawah_128_20211112T052051_20211112T052922_T44RKQ.tif,14,14,9,EPSG:32644,0.1583341807126999,0.1543000042438507,0.009196195751428604,0.14910000562667847,0.18520000576972961,0.17183877527713776,0.16539999842643738,0.013537289574742317,0.1599999964237213,0.21080000698566437,0.15525510907173157,0.14035001397132874,0.02708558924496174,0.1354999989271164,0.22679999470710754,0.17222855985164642,0.14509999752044678,0.04833640903234482,0.1395999938249588,0.2939000129699707,0.12648674845695496,0.07684999704360962,0.09044817090034485,0.0722000002861023,0.3625999987125397,0.10342754423618317,0.056699998676776886,0.08985240757465363,0.05040000006556511,0.3537999987602234,0.013830507174134254,0.06226811558008194,0.0849120244383812,-0.17226043343544006,0.07672042399644852,0.2298940122127533,0.36328673362731934,0.2274615466594696,-0.2753468453884125,0.3838340938091278,0.7908163265306123,True,True
129,Etawah_129_20211122T052121_20211122T052810_T44RKQ.tif,20211122T052121_20211122T052810_T44RKQ,2021-11-22,ETAWAH,22-11-2021 07:40,26.74972222,78.98333333,28.0,0.0891928356481481,5.6e-05,0.0442184969113703,0.0611591496754454,0.0493189755167501,0.0504623454180546,0.0210280264363317,0.0153500846223192,0.0955834033750081,0.4879308287683573,2,1,True,OK,129,Etawah_129_20211122T052121_20211122T052810_T44RKQ.tif,14,14,9,EPSG:32644,0.06971020251512527,0.04415000230073929,0.040670059621334076,0.03869999945163727,0.16060000658035278,0.10295663774013519,0.07154999673366547,0.052051812410354614,0.06310000270605087,0.21979999542236328,0.10415356606245041,0.05165000259876251,0.08297215402126312,0.04230000078678131,0.28060001134872437,0.10426172614097595,0.02785000018775463,0.1116311252117157,0.0210999995470047,0.3310999870300293,0.11879540234804153,0.019850000739097595,0.151784285902977,0.014399999752640724,0.4399000108242035,0.10800765454769135,0.016200000420212746,0.14761216938495636,0.009700000286102295,0.43479999899864197,0.21408413350582123,0.4286320209503174,0.3034002184867859,-0.2245076447725296,0.5129650831222534,0.2743247151374817,0.5619540214538574,0.4022865891456604,-0.35929033160209656,0.6408977508544922,0.673469387755102,True,True
130,Etawah_130_20211212T052221_20211212T052221_T44RKQ.tif,20211212T052221_20211212T052221_T44RKQ,2021-12-12,ETAWAH,13-12-2021 09:20,26.74972222,78.98333333,25.0,1.1586477314814816,5.675194,0.0572261122550379,0.0768464530644065,0.0565336710314039,0.077384530231021,0.0259763088834006,0.0177379223593586,-0.0035135583477624,0.4950677660243536,2,1,True,OK,130,Etawah_130_20211212T052221_20211212T052221_T44RKQ.tif,14,14,9,EPSG:32644,0.09019438922405243,0.07095000147819519,0.03045072965323925,0.06210000067949295,0.14869999885559082,0.11717858910560608,0.09494999796152115,0.04038979485630989,0.07900000363588333,0.19660000503063202,0.11714234948158264,0.07850000262260437,0.06353097409009933,0.06019999831914902,0.23739999532699585,0.1311403214931488,0.06859999895095825,0.0899367555975914,0.051500000059604645,0.2906999886035919,0.12338367849588394,0.034199997782707214,0.12450053542852402,0.02199999988079071,0.3675000071525574,0.11052602529525757,0.02459999918937683,0.12324979156255722,0.014299999922513962,0.37059998512268066,0.035555023699998856,0.156807079911232,0.18524165451526642,-0.2141503542661667,0.2534296214580536,0.21387240290641785,0.4632985591888428,0.3660564720630646,-0.30434784293174744,0.5956918001174927,0.6326530612244898,True,True
131,Etawah_131_20211222T052231_20211222T052230_T44RKQ.tif,20211222T052231_20211222T052230_T44RKQ,2021-12-22,ETAWAH,21-12-2021 08:20,26.74972222,78.98333333,13.0,0.8830361921296296,0.000388,0.023675999392835,0.0427331788085719,0.029523451486917,0.0279941161119626,0.019666075536054,0.0144229027489042,0.2081796843915137,0.3707362071690695,2,1,True,OK,131,Etawah_131_20211222T052231_20211222T052230_T44RKQ.tif,14,14,9,EPSG:32644,0.06677448749542236,0.03445000201463699,0.04742179065942764,0.025800000876188278,0.1656000018119812,0.10373112559318542,0.0677499994635582,0.05918987840414047,0.04969999939203262,0.22519999742507935,0.11296021193265915,0.05390000343322754,0.09051903337240219,0.0340999998152256,0.28940001130104065,0.11185559630393982,0.02500000037252903,0.12040486186742783,0.010300000198185444,0.3359000086784363,0.13891072571277618,0.024500001221895218,0.15794160962104797,0.013700000010430813,0.4325999915599823,0.1302015334367752,0.020250000059604645,0.15422804653644562,0.011599999852478504,0.4284000098705292,0.25002285838127136,0.441180020570755,0.3749810755252838,-0.21798175573349,0.6781954765319824,0.18545269966125488,0.454495370388031,0.39591142535209656,-0.35558536648750305,0.645476758480072,0.5969387755102041,True,True
132,Etawah_132_20220101T052231_20220101T053051_T44RKQ.tif,20220101T052231_20220101T053051_T44RKQ,2022-01-01,ETAWAH,01-01-2022 08:30,26.74972222,78.98333333,9.0,0.1238964467592592,19.767311,0.081851196504693,0.086055855437702,0.0653346857189217,0.0772009992642697,0.0319726770281737,0.0207320101811395,0.054252285776169,0.4583149314438505,2,1,True,OK,132,Etawah_132_20220101T052231_20220101T053051_T44RKQ.tif,14,14,9,EPSG:32644,0.11129694432020187,0.08789999783039093,0.03544256091117859,0.08009999990463257,0.17960000038146973,0.13158468902111053,0.10379999876022339,0.047797348350286484,0.08839999884366989,0.22450000047683716,0.13190969824790955,0.08715000003576279,0.07246232032775879,0.06909999996423721,0.2678999900817871,0.13190051913261414,0.061400000005960464,0.10047807544469833,0.04800000041723251,0.314300000667572,0.14021070301532745,0.03490000218153,0.14870567619800568,0.02329999953508377,0.4108000099658966,0.1313709169626236,0.026249999180436134,0.15030357241630554,0.017100000753998756,0.41100001335144043,0.10732699185609818,0.24296188354492188,0.20043139159679413,-0.1843707263469696,0.3328700363636017,0.22715923190116882,0.49152135848999023,0.37282422184944153,-0.31452932953834534,0.613061249256134,0.6326530612244898,True,True
133,Etawah_133_20220111T052201_20220111T052204_T44RKQ.tif,20220111T052201_20220111T052204_T44RKQ,2022-01-11,ETAWAH,11-01-2022 08:30,26.74972222,78.98333333,16.0,0.1239020949074074,1.575346,0.0736927226613703,0.0794295040882184,0.0667455240251362,0.086717652407609,0.0303933979166768,0.0151396397175319,-0.0438650798745797,0.4466993756642616,2,1,True,OK,133,Etawah_133_20220111T052201_20220111T052204_T44RKQ.tif,14,14,9,EPSG:32644,0.11046479642391205,0.09495000541210175,0.028032759204506874,0.08460000157356262,0.17180000245571136,0.12749387323856354,0.10539999604225159,0.03905745595693588,0.09179999679327011,0.210099995136261,0.1272989809513092,0.0929500013589859,0.05918537452816963,0.0763000026345253,0.2475000023841858,0.13403010368347168,0.07809999585151672,0.0846172645688057,0.06419999897480011,0.29829999804496765,0.1315862238407135,0.03550000116229057,0.141736701130867,0.02759999968111515,0.40869998931884766,0.11735255271196365,0.02174999937415123,0.14574912190437317,0.014600000344216824,0.4113999903202057,0.043009016662836075,0.1423785537481308,0.1490485817193985,-0.18865491449832916,0.19474312663078308,0.22805799543857574,0.4915594458580017,0.36210548877716064,-0.343646764755249,0.5625,0.6581632653061225,True,True
134,Etawah_134_20220131T052041_20220131T052041_T44RKQ.tif,20220131T052041_20220131T052041_T44RKQ,2022-01-31,ETAWAH,01-02-2022 08:40,26.74972222,78.98333333,12.0,1.1308596875,2.186081,0.0861346983636083,0.0883339667988538,0.0769932009720218,0.0599754646411039,0.0255398087385467,0.017292567547138,0.1912664444152232,0.5513887338315113,2,1,True,OK,134,Etawah_134_20220131T052041_20220131T052041_T44RKQ.tif,14,14,9,EPSG:32644,0.12124693393707275,0.09814999997615814,0.03834414854645729,0.08640000224113464,0.20520000159740448,0.15126633644104004,0.12044999748468399,0.051949393004179,0.10750000178813934,0.25999999046325684,0.15204335749149323,0.1018500030040741,0.08557406812906265,0.0778999999165535,0.3228999972343445,0.14008623361587524,0.05324999988079071,0.12481524050235748,0.03700000047683716,0.37540000677108765,0.1508418619632721,0.031599998474121094,0.16902710497379303,0.020899999886751175,0.4677000045776367,0.13918164372444153,0.02434999868273735,0.16513779759407043,0.014600000344216824,0.4562999904155731,0.20027893781661987,0.3857303261756897,0.28270211815834045,-0.20283588767051697,0.49728262424468994,0.2887852191925049,0.5908503532409668,0.41388440132141113,-0.30988815426826477,0.6846715211868286,0.6479591836734694,True,True
135,Etawah_135_20220210T051941_20220210T052038_T44RKQ.tif,20220210T051941_20220210T052038_T44RKQ,2022-02-10,ETAWAH,11-02-2022 08:50,26.74972222,78.98333333,15.0,1.1378169444444444,56.870997,0.0122155124319744,0.0280704813831599,0.0264210163055592,0.0194212132868218,0.0161018862359137,0.0131891892508704,0.1814835026885408,0.2704256610118423,2,1,True,OK,135,Etawah_135_20220210T051941_20220210T052038_T44RKQ.tif,14,14,9,EPSG:32644,0.07719285041093826,0.03620000183582306,0.06656751036643982,0.017999999225139618,0.20589999854564667,0.12673266232013702,0.08034999668598175,0.078739695250988,0.05299999937415123,0.27889999747276306,0.13678570091724396,0.07214999943971634,0.11578526347875595,0.02459999918937683,0.3483999967575073,0.13129284977912903,0.01915000006556511,0.15372900664806366,0.0,0.39719998836517334,0.15612806379795074,0.025350000709295273,0.17875435948371887,0.011800000444054604,0.4702000021934509,0.1455153077840805,0.02149999886751175,0.17134647071361542,0.01140000019222498,0.4537000060081482,0.3962053656578064,0.6026991605758667,0.5154359936714172,-0.21248047053813934,1.0,0.23864313960075378,0.5147175192832947,0.4104498624801636,-0.3044692873954773,0.7024608254432678,0.5969387755102041,True,True
136,Etawah_136_20220220T051841_20220220T051840_T44RKQ.tif,20220220T051841_20220220T051840_T44RKQ,2022-02-20,ETAWAH,21-02-2022 09:10,26.74972222,78.98333333,17.0,1.1516741319444443,0.000159,0.013114710019517,0.0305662162406349,0.0238095862730112,0.0261305320613623,0.0169824183824669,0.0136671593268024,0.0783198077951637,0.2870411047091087,2,1,True,OK,136,Etawah_136_20220220T051841_20220220T051840_T44RKQ.tif,14,14,9,EPSG:32644,0.07831836491823196,0.03819999843835831,0.06436197459697723,0.017000000923871994,0.19519999623298645,0.1241949051618576,0.0803999975323677,0.07716304808855057,0.048900000751018524,0.26809999346733093,0.13992805778980255,0.07420000433921814,0.1127106100320816,0.02930000051856041,0.3398999869823456,0.14292193949222565,0.04010000079870224,0.15000151097774506,0.005200000014156103,0.39590001106262207,0.16777552664279938,0.03759999945759773,0.18106819689273834,0.016300000250339508,0.47839999198913574,0.15836070477962494,0.030249999836087227,0.17478714883327484,0.015200000256299973,0.46070000529289246,0.23044359683990479,0.3190056085586548,0.3954036235809326,-0.2353094518184662,0.819757342338562,0.15482600033283234,0.3567081093788147,0.3744606673717499,-0.34547820687294006,0.624106228351593,0.5663265306122449,True,True
137,Etawah_137_20220302T051731_20220302T052536_T44RKQ.tif,20220302T051731_20220302T052536_T44RKQ,2022-03-02,ETAWAH,02-03-2022 09:00,26.74972222,78.98333333,19.0,0.1447088657407407,0.000169,0.0226100225241221,0.0355799271418872,0.0266482122370927,0.0455174128958108,0.0268907659775724,0.0198390061614682,-0.1224978858036585,0.1404785680815867,2,1,True,OK,137,Etawah_137_20220302T051731_20220302T052536_T44RKQ.tif,14,14,9,EPSG:32644,0.08540713787078857,0.044600002467632294,0.06340693682432175,0.024900000542402267,0.19380000233650208,0.1277974545955658,0.08004999905824661,0.07598431408405304,0.05220000073313713,0.2581999897956848,0.14520715177059174,0.0791500061750412,0.1079401820898056,0.03620000183582306,0.325300008058548,0.15187856554985046,0.06014999747276306,0.14033441245555878,0.018400000408291817,0.37209999561309814,0.17753417789936066,0.06300000101327896,0.1750289350748062,0.02290000021457672,0.4586000144481659,0.1667780578136444,0.04370000213384628,0.17224657535552979,0.01899999938905239,0.44690001010894775,0.11380843818187714,0.12808331847190857,0.28933945298194885,-0.22639720141887665,0.5261845588684082,0.0811992883682251,0.12264678627252579,0.3240211308002472,-0.3358633816242218,0.5356802940368652,0.5408163265306123,True,True
138,Etawah_138_20220312T051651_20220312T052910_T44RKQ.tif,20220312T051651_20220312T052910_T44RKQ,2022-03-12,ETAWAH,11-03-2022 08:45,26.74972222,78.98333333,3.0,0.865714537037037,8e-05,0.0088536739011131,0.0224632319738891,0.0154391751780126,0.0237157095164933,0.0227061794010968,0.0177841355403002,-0.026763642220029,-0.0029792052705201,2,1,True,OK,138,Etawah_138_20220312T051651_20220312T052910_T44RKQ.tif,14,14,9,EPSG:32644,0.09230663627386093,0.05014999955892563,0.06830324977636337,0.02459999918937683,0.20329999923706055,0.13984183967113495,0.08914999663829803,0.07960163801908493,0.05779999867081642,0.2712000012397766,0.16113875806331635,0.0982000008225441,0.11297021061182022,0.038600001484155655,0.33970001339912415,0.16185560822486877,0.08370000123977661,0.14926569163799286,0.010200000368058681,0.38580000400543213,0.19086019694805145,0.0901000052690506,0.1821247935295105,0.017500000074505806,0.4634000062942505,0.1803923398256302,0.06909999996423721,0.1789029836654663,0.01549999974668026,0.45339998602867126,0.1618528515100479,0.03499346226453781,0.3496991991996765,-0.21121688187122345,0.7077363729476929,0.10755424946546555,-0.009320978075265884,0.36489272117614746,-0.3130449652671814,0.5947315096855164,0.49489795918367346,True,True
139,Etawah_139_20220322T051651_20220322T052554_T44RKQ.tif,20220322T051651_20220322T052554_T44RKQ,2022-03-22,ETAWAH,21-03-2022 08:20,26.74972222,78.98333333,10.0,0.883065150462963,0.025302,0.0136535473854589,0.0275145412736303,0.0236385275301972,0.0359649495840458,0.0327708187747981,0.0238450029041609,-0.1331736110942648,-0.0871582956384733,2,1,True,OK,139,Etawah_139_20220322T051651_20220322T052554_T44RKQ.tif,14,14,9,EPSG:32644,0.09392040967941284,0.05505000054836273,0.06235567107796669,0.03240000084042549,0.19169999659061432,0.13973215222358704,0.0921500027179718,0.07250595092773438,0.06679999828338623,0.2563000023365021,0.16010406613349915,0.10064999759197235,0.10516709834337234,0.04919999837875366,0.3249000012874603,0.16550101339817047,0.09809999912977219,0.13827870786190033,0.027300000190734863,0.36739999055862427,0.19671276211738586,0.10815000534057617,0.1743321418762207,0.029999999329447746,0.4521999955177307,0.18496528267860413,0.08640000224113464,0.17298677563667297,0.024000000208616257,0.43849998712539673,0.0815144032239914,-0.01481629814952612,0.2661036252975464,-0.20936082303524017,0.44901958107948303,0.039522841572761536,-0.055083926767110825,0.3108077943325043,-0.3176392614841461,0.44107747077941895,0.4897959183673469,True,True
140,Etawah_140_20220401T051651_20220401T052734_T44RKQ.tif,20220401T051651_20220401T052734_T44RKQ,2022-04-01,ETAWAH,01-04-2022 08:05,26.74972222,78.98333333,9.0,0.1065302083333333,0.000189,0.0,0.0,0.0,0.0,0.0357763226047527,0.0314072495303326,0.0,-1.0,2,1,True,OK,140,Etawah_140_20220401T051651_20220401T052734_T44RKQ.tif,14,14,9,EPSG:32644,0.07815102487802505,0.02319999970495701,0.0861852616071701,0.0,0.21799999475479126,0.13731224834918976,0.08004999905824661,0.09670012444257736,0.03519999980926514,0.29089999198913574,0.16989848017692566,0.0989999994635582,0.1326688826084137,0.02449999935925007,0.37529999017715454,0.14855661988258362,0.07225000113248825,0.15546363592147827,0.0,0.37880000472068787,0.20409132540225983,0.11585000157356262,0.17028194665908813,0.035599999129772186,0.45080000162124634,0.18894951045513153,0.09200000017881393,0.16080348193645477,0.03440000116825104,0.4271000027656555,0.37042978405952454,0.05540180206298828,0.528459906578064,-0.17529334127902985,1.0,-0.10027885437011719,-0.1749849021434784,0.1505286693572998,-0.3255729377269745,0.24144139885902405,0.3163265306122449,True,True
141,Etawah_141_20220411T051651_20220411T052901_T44RKQ.tif,20220411T051651_20220411T052901_T44RKQ,2022-04-11,ETAWAH,11-04-2022 08:10,26.74972222,78.98333333,7.0,0.1100047106481481,0.045846,0.0215292653296486,0.0362630634341045,0.0344095863281279,0.0472920326026248,0.0555702001758356,0.0437557850759854,-0.1320257542931752,-0.2102421145206569,2,1,True,OK,141,Etawah_141_20220411T051651_20220411T052901_T44RKQ.tif,14,14,9,EPSG:32644,0.10967244952917099,0.09690000116825104,0.06484948098659515,0.0284000001847744,0.20110000669956207,0.15990255773067474,0.14399999380111694,0.07509265094995499,0.06310000270605087,0.2662000060081482,0.19693265855312347,0.18410000205039978,0.10102732479572296,0.057999998331069946,0.33820000290870667,0.2075648009777069,0.2085999995470047,0.12632587552070618,0.03620000183582306,0.3732999861240387,0.23884181678295135,0.23634999990463257,0.1535775363445282,0.05169999971985817,0.43689998984336853,0.2189520299434662,0.20184999704360962,0.15154793858528137,0.04410000145435333,0.41839998960494995,-0.05953826755285263,-0.16241252422332764,0.15341052412986755,-0.1976904273033142,0.27744510769844055,-0.11526374518871307,-0.2279796600341797,0.16527022421360016,-0.3403933644294739,0.23016394674777985,0.3163265306122449,True,True
142,Etawah_142_20220421T051701_20220421T052440_T44RKQ.tif,20220421T051701_20220421T052440_T44RKQ,2022-04-21,ETAWAH,21-04-2022 07:50,26.74972222,78.98333333,8.0,0.0960862962962963,24.838729,0.0,0.0006726632887376,0.0190150055621104,0.0196728743608833,0.092605996134414,0.072293077019748,-0.9434620732324078,-0.9860476265485224,2,1,True,OK,142,Etawah_142_20220421T051701_20220421T052440_T44RKQ.tif,14,14,9,EPSG:32644,0.1064102053642273,0.10694999992847443,0.08485574275255203,0.0,0.225600004196167,0.18432345986366272,0.1850000023841858,0.08889757841825485,0.05490000173449516,0.3138999938964844,0.24601686000823975,0.2526000142097473,0.11175739765167236,0.06459999829530716,0.4000999927520752,0.22145406901836395,0.24309998750686646,0.12952865660190582,0.021299999207258224,0.3828999996185303,0.28822651505470276,0.3172999918460846,0.13390737771987915,0.09749999642372131,0.4530999958515167,0.25166070461273193,0.2717999815940857,0.12677380442619324,0.07970000058412552,0.4090000092983246,-0.021817946806550026,-0.11184732615947723,0.17329025268554688,-0.21856184303760529,0.4409449100494385,-0.22078362107276917,-0.21259745955467224,0.050047680735588074,-0.41890135407447815,-0.04575745388865471,0.0,True,True
143,Etawah_143_20220501T051701_20220501T052759_T44RKQ.tif,20220501T051701_20220501T052759_T44RKQ,2022-05-01,ETAWAH,02-05-2022 08:20,26.74972222,78.98333333,1.0,1.116912476851852,25.296843,0.0992459745449433,0.111145382929543,0.0917409347477243,0.1618301800372465,0.173346045758441,0.190966046992102,-0.1844669036663699,-0.1977410480716457,2,1,True,OK,143,Etawah_143_20220501T051701_20220501T052759_T44RKQ.tif,14,14,9,EPSG:32644,0.1547510027885437,0.155799999833107,0.04618861898779869,0.08160000294446945,0.21389999985694885,0.21447856724262238,0.2162500023841858,0.05214919522404671,0.1378999948501587,0.2842999994754791,0.2641943693161011,0.2754499912261963,0.07217840850353241,0.14399999380111694,0.3560999929904938,0.27017754316329956,0.2917500138282776,0.08952581882476807,0.10999999940395355,0.3743000030517578,0.32049745321273804,0.3617500066757202,0.11445200443267822,0.125,0.4438999891281128,0.2861320972442627,0.3183000087738037,0.11156909912824631,0.10610000044107437,0.40939998626708984,-0.0972488671541214,-0.13724663853645325,0.07780823111534119,-0.1750272661447525,0.1341991275548935,-0.17321369051933289,-0.22250376641750336,0.10067453235387802,-0.34728214144706726,0.06391477584838867,0.14795918367346939,True,True
144,Etawah_144_20220511T051651_20220511T053033_T44RKQ.tif,20220511T051651_20220511T053033_T44RKQ,2022-05-11,ETAWAH,11-05-2022 08:00,26.74972222,78.98333333,14.0,0.1030405555555555,0.002326,0.0184441442630519,0.0478365851947953,0.0541924126975884,0.0557485364182424,0.0935040812263987,0.0737049128264524,-0.0767223592537538,-0.3263693758169073,2,1,True,OK,144,Etawah_144_20220511T051651_20220511T053033_T44RKQ.tif,14,14,9,EPSG:32644,0.13538315892219543,0.1462000012397766,0.057118725031614304,0.04129999876022339,0.2101999968290329,0.20680254697799683,0.22220000624656677,0.0621742345392704,0.10750000178813934,0.28519999980926514,0.2687061131000519,0.28995001316070557,0.08412059396505356,0.11180000007152557,0.3709000051021576,0.2596316337585449,0.2928999960422516,0.10102610290050507,0.07190000265836716,0.3736000061035156,0.3252699077129364,0.3718999922275543,0.12321116030216217,0.1111999973654747,0.46000000834465027,0.2846183478832245,0.3242499828338623,0.1171705424785614,0.09149999916553497,0.41670000553131104,-0.0877557098865509,-0.13410155475139618,0.09647899866104126,-0.18524502217769623,0.19843922555446625,-0.19925102591514587,-0.23660433292388916,0.094743512570858,-0.3791547119617462,0.040138114243745804,0.09183673469387756,True,True
145,Etawah_145_20220521T051701_20220521T052917_T44RKQ.tif,20220521T051701_20220521T052917_T44RKQ,2022-05-21,ETAWAH,21-05-2022 08:30,26.74972222,78.98333333,41.0,0.1238417129629629,38.496208,0.0674744792977927,0.1016583755551543,0.0984499437612825,0.1432972417930393,0.1390292506459429,0.1040807147573277,-0.1706379910717039,-0.156078397517663,2,1,True,OK,145,Etawah_145_20220521T051701_20220521T052917_T44RKQ.tif,14,14,9,EPSG:32644,0.08893010765314102,0.07475000619888306,0.03487703576683998,0.04450000077486038,0.1527000069618225,0.12574133276939392,0.10934999585151672,0.037327032536268234,0.07190000265836716,0.1882999986410141,0.14372193813323975,0.12985000014305115,0.04753060266375542,0.07699999958276749,0.2160000056028366,0.170773446559906,0.15839999914169312,0.05729322507977486,0.10019999742507935,0.2556000053882599,0.1838749796152115,0.1643500030040741,0.05971440672874451,0.11460000276565552,0.2685999870300293,0.15646938979625702,0.13699999451637268,0.05705103650689125,0.09049999713897705,0.24160000681877136,-0.1448245793581009,-0.15686215460300446,0.0321095809340477,-0.20580647885799408,-0.07604014128446579,-0.1827641874551773,-0.19263076782226562,0.042235661298036575,-0.32742613554000854,-0.08098269253969193,0.0,True,True
146,Etawah_146_20220531T051701_20220531T052755_T44RKQ.tif,20220531T051701_20220531T052755_T44RKQ,2022-05-31,ETAWAH,01-06-2022 08:35,26.74972222,78.98333333,42.0,1.127297951388889,0.02009,0.072310092254869,0.1057412020499222,0.1040644991077348,0.142742651057438,0.1442829369344992,0.1105042927707587,-0.1499778690259182,-0.155391840432007,2,1,True,OK,146,Etawah_146_20220531T051701_20220531T052755_T44RKQ.tif,14,14,9,EPSG:32644,0.13809490203857422,0.10809999704360962,0.05575574189424515,0.07159999758005142,0.22699999809265137,0.18930205702781677,0.1570499986410141,0.06205475702881813,0.11680000275373459,0.2858999967575073,0.21084080636501312,0.171750009059906,0.08524506539106369,0.11429999768733978,0.3391999900341034,0.21980153024196625,0.171999990940094,0.09678859263658524,0.1193000003695488,0.3619999885559082,0.24839845299720764,0.18455000221729279,0.10577846318483353,0.1445000022649765,0.4059000015258789,0.2140408307313919,0.14840000867843628,0.10401125997304916,0.11410000175237656,0.3702999949455261,-0.05151456594467163,-0.043794184923172,0.06542811542749405,-0.14981071650981903,0.0372578427195549,-0.11598024517297745,-0.11347232758998871,0.057122185826301575,-0.20602387189865112,0.004781994502991438,0.015306122448979591,True,True
147,Etawah_147_20220610T051701_20220610T052518_T44RKQ.tif,20220610T051701_20220610T052518_T44RKQ,2022-06-10,ETAWAH,11-06-2022 08:30,26.74972222,78.98333333,28.0,1.1238095138888888,10.060531,0.0287669623529681,0.0723918637193672,0.0741062085291052,0.1104718469773411,0.1384863458942991,0.106716962968553,-0.2082754591299506,-0.3135252250945783,2,1,True,OK,147,Etawah_147_20220610T051701_20220610T052518_T44RKQ.tif,14,14,9,EPSG:32644,0.0952301025390625,0.062199998646974564,0.06709473580121994,0.003700000001117587,0.19519999623298645,0.156930610537529,0.11855000257492065,0.070664182305336,0.0649000033736229,0.260699987411499,0.17053113877773285,0.12755000591278076,0.09424330294132233,0.054499998688697815,0.305400013923645,0.2011709362268448,0.15745000541210175,0.10405699163675308,0.08560000360012054,0.3490999937057495,0.24971584975719452,0.20055000483989716,0.10723677277565002,0.13600000739097595,0.4020000100135803,0.21722501516342163,0.16474999487400055,0.10239116102457047,0.10949999839067459,0.36469998955726624,-0.10440344363451004,-0.12886789441108704,0.05254954472184181,-0.204244002699852,-0.010452949441969395,-0.23312416672706604,-0.22288084030151367,0.041400257498025894,-0.3580613136291504,-0.10152426362037659,0.0,True,True
148,Etawah_148_20220620T051701_20220620T052701_T44RKQ.tif,20220620T051701_20220620T052701_T44RKQ,2022-06-20,ETAWAH,21-06-2022 08:35,26.74972222,78.98333333,13.0,1.127251423611111,38.315928,0.1049929472622,0.1281734518140453,0.1058022380703724,0.1224398780656089,0.1045819546268027,0.0896476916444429,0.0230447219341635,0.101535087103076,2,1,True,OK,148,Etawah_148_20220620T051701_20220620T052701_T44RKQ.tif,14,14,9,EPSG:32644,0.11226122826337814,0.0820000022649765,0.09181535243988037,0.010499999858438969,0.4239000082015991,0.13745255768299103,0.1067499965429306,0.09591587632894516,0.02199999988079071,0.3497999906539917,0.15214747190475464,0.11349999904632568,0.11854615807533264,0.01269999984651804,0.36559998989105225,0.16480305790901184,0.12139999866485596,0.13877756893634796,0.01209999993443489,0.4278999865055084,0.19579541683197021,0.1392500102519989,0.16506025195121765,0.031099999323487282,0.5052000284194946,0.1742841750383377,0.11134999990463257,0.15987181663513184,0.025100000202655792,0.4916999936103821,0.022297615185379982,-0.08303694427013397,0.1885564774274826,-0.17032042145729065,0.4226803779602051,-0.0974430963397026,-0.14734810590744019,0.15586230158805847,-0.3053208887577057,0.3891373872756958,0.20918367346938777,True,True
149,Etawah_149_20220705T051659_20220705T052853_T44RKQ.tif,20220705T051659_20220705T052853_T44RKQ,,,,,,,,,,,,,,,,,1,0,False,NO_CWC_METADATA,149,Etawah_149_20220705T051659_20220705T052853_T44RKQ.tif,14,14,9,EPSG:32644,0.12171632051467896,0.0934000015258789,0.08110219985246658,0.03610000014305115,0.4300000071525574,0.1204591765999794,0.09780000150203705,0.07623615860939026,0.03669999912381172,0.42260000109672546,0.11040153354406357,0.09149999916553497,0.07486829906702042,0.025299999862909317,0.42089998722076416,0.12096735090017319,0.09915000200271606,0.08397107571363449,0.023800000548362732,0.44350001215934753,0.12212399393320084,0.10455000400543213,0.07968229055404663,0.02290000021457672,0.4207000136375427,0.10464133322238922,0.085999995470047,0.0726742148399353,0.01889999955892563,0.34929999709129333,0.024662187322974205,0.005179458297789097,0.08765830099582672,-0.1355166733264923,0.30083566904067993,0.011496753431856632,0.0018704162212088704,0.16115149855613708,-0.4034063220024109,0.47064220905303955,0.5,False,True
150,Etawah_150_20220710T051701_20220710T052850_T44RKQ.tif,20220710T051701_20220710T052850_T44RKQ,2022-07-10,ETAWAH,11-07-2022 08:50,26.74972222,78.98333333,61.0,1.1376551157407406,37.888461,0.0642189898083473,0.0787497325213038,0.0566617541098002,0.0695233246089202,0.0295666949112945,0.0226009994399679,0.0622230301782077,0.4543351477037209,2,1,True,OK,150,Etawah_150_20220710T051701_20220710T052850_T44RKQ.tif,14,14,9,EPSG:32644,0.11604642868041992,0.10289999842643738,0.033588338643312454,0.08829999715089798,0.2029000073671341,0.13561581075191498,0.11505000293254852,0.047696489840745926,0.09740000218153,0.2572999894618988,0.1324290782213211,0.09719999879598618,0.07544451206922531,0.0754999965429306,0.3188000023365021,0.10974795371294022,0.0632999986410141,0.0957452654838562,0.04270000010728836,0.3456999957561493,0.12273520231246948,0.057100001722574234,0.13647723197937012,0.03229999914765358,0.46779999136924744,0.10711020231246948,0.046799998730421066,0.12993574142456055,0.02449999935925007,0.44830000400543213,0.2066284865140915,0.2887224853038788,0.1825968474149704,-0.14960072934627533,0.39118823409080505,0.22453081607818604,0.33784276247024536,0.25793546438217163,-0.29700347781181335,0.5120846033096313,0.7806122448979592,True,True
151,Etawah_151_20220809T051701_20220809T052911_T44RKQ.tif,20220809T051701_20220809T052911_T44RKQ,2022-08-09,ETAWAH,11-08-2022 08:00,26.74972222,78.98333333,42.0,2.1029467939814817,40.684968,0.099285615144008,0.1285889774601831,0.1353068405086896,0.1213141468711206,0.1393583350204485,0.1216865574378889,0.0866422219832374,-0.0202122231911178,2,1,True,OK,151,Etawah_151_20220809T051701_20220809T052911_T44RKQ.tif,14,14,9,EPSG:32644,0.15801887214183807,0.15805000066757202,0.00416029617190361,0.14659999310970306,0.1665000021457672,0.2217346876859665,0.22220000624656677,0.003973113838583231,0.20900000631809235,0.23019999265670776,0.2696448862552643,0.27000001072883606,0.004442492965608835,0.2547000050544739,0.28060001134872437,0.11977806687355042,0.11955000460147858,0.004351059440523386,0.10989999771118164,0.13120000064373016,0.06973213702440262,0.06994999945163727,0.003523512277752161,0.059700001031160355,0.0778999999165535,0.06467244774103165,0.06469999998807907,0.0033536541741341352,0.05429999902844429,0.0729999989271164,0.29873156547546387,0.29951345920562744,0.010820219293236732,0.2720629572868347,0.32632842659950256,0.5217821598052979,0.5203820466995239,0.013826523907482624,0.49015748500823975,0.5653440356254578,1.0,True,True
152,Etawah_152_20220824T051649_20220824T052826_T44RKQ.tif,20220824T051649_20220824T052826_T44RKQ,2022-08-24,ETAWAH,22-08-2022 08:20,26.74972222,78.98333333,89.0,1.883032476851852,54.355186,0.8246725287019939,0.7345501153587224,0.6683374445902202,0.6812419479561819,0.493267001546416,0.410875671572547,0.0371014909384308,0.1949967548423153,2,1,True,OK,152,Etawah_152_20220824T051649_20220824T052826_T44RKQ.tif,14,14,9,EPSG:32644,0.14247092604637146,0.15070000290870667,0.022776465862989426,0.09629999846220016,0.19220000505447388,0.1610918492078781,0.17194999754428864,0.032096125185489655,0.09929999709129333,0.20909999310970306,0.18441225588321686,0.1985500007867813,0.04327424615621567,0.10809999704360962,0.24650000035762787,0.17316938936710358,0.18755000829696655,0.047073595225811005,0.08900000154972076,0.2565999925136566,0.050779078155756,0.04540000110864639,0.02004941925406456,0.026100000366568565,0.15000000596046448,0.04191786050796509,0.037050001323223114,0.016588253900408745,0.021400000900030136,0.11010000109672546,-0.025856081396341324,-0.04067913442850113,0.045542869716882706,-0.1019969955086708,0.0734352245926857,0.5278996229171753,0.5673409104347229,0.11131647229194641,0.07975457608699799,0.6608501076698303,1.0,True,True
153,Etawah_153_20220903T051649_20220903T052701_T44RKQ.tif,20220903T051649_20220903T052701_T44RKQ,2022-09-03,ETAWAH,01-09-2022 08:50,26.74972222,78.98333333,167.0,1.862210891203704,22.696407,0.0768572069255651,0.1061881621261253,0.1084617963060736,0.0457277589494379,0.0309748451945451,0.0222599799668747,0.3981752399866983,0.5485048386947932,2,1,True,OK,153,Etawah_153_20220903T051649_20220903T052701_T44RKQ.tif,14,14,9,EPSG:32644,0.08811785280704498,0.08829999715089798,0.0017490340396761894,0.08349999785423279,0.09189999848604202,0.13678672909736633,0.13689999282360077,0.001295529305934906,0.1331000030040741,0.14030000567436218,0.16437652707099915,0.16459999978542328,0.0015013465890660882,0.1606999933719635,0.16820000112056732,0.05515408143401146,0.05559999868273735,0.002932459581643343,0.04650000110268593,0.061000000685453415,0.021669898182153702,0.0215000007301569,0.0008227393263950944,0.019899999722838402,0.025599999353289604,0.016968877986073494,0.01679999940097332,0.0006991252885200083,0.014399999752640724,0.019700000062584877,0.4256170690059662,0.42112067341804504,0.02194840833544731,0.38655886054039,0.4929116368293762,0.7265169024467468,0.7281923294067383,0.00915247481316328,0.6851168274879456,0.7453615069389343,1.0,True,True
154,Etawah_154_20221003T051649_20221003T052253_T44RKQ.tif,20221003T051649_20221003T052253_T44RKQ,2022-10-03,ETAWAH,01-10-2022 08:30,26.74972222,78.98333333,344.0,1.876067164351852,13.458627,0.0999217062112498,0.1234432152485022,0.1330124991253723,0.1127082911689203,0.0351119937180113,0.0251436513751065,0.0456389926789802,0.5571063819450437,2,1,True,OK,154,Etawah_154_20221003T051649_20221003T052253_T44RKQ.tif,14,14,9,EPSG:32644,0.08256939798593521,0.08264999836683273,0.0014763724757358432,0.0794999971985817,0.0860000029206276,0.11429183185100555,0.11420000344514847,0.001397167332470417,0.11089999973773956,0.11869999766349792,0.09520510584115982,0.09520000219345093,0.0011567791225388646,0.09139999747276306,0.09799999743700027,0.031158670783042908,0.03074999898672104,0.0016772719100117683,0.028699999675154686,0.03709999844431877,0.027057144790887833,0.026599999517202377,0.001173821510747075,0.025299999862909317,0.032999999821186066,0.023348981514573097,0.02329999953508377,0.001236869371496141,0.0203000009059906,0.03150000050663948,0.5717642903327942,0.5741446614265442,0.016890626400709152,0.5137615203857422,0.5997239351272583,0.6172364950180054,0.6210463047027588,0.013502249494194984,0.5576407313346863,0.6363636255264282,1.0,True,True
155,Etawah_155_20221013T051749_20221013T052416_T44RKQ.tif,20221013T051749_20221013T052416_T44RKQ,2022-10-13,ETAWAH,11-10-2022 08:30,26.74972222,78.98333333,66.0,1.8760708101851853,23.551807,0.0956623457080625,0.1279940604859426,0.1475459168337889,0.1071760417539039,0.0192407233664673,0.014117440879885,0.0885759248258756,0.7383434579850316,2,1,True,OK,155,Etawah_155_20221013T051749_20221013T052416_T44RKQ.tif,14,14,9,EPSG:32644,0.10484132170677185,0.10525000095367432,0.004729161970317364,0.09290000051259995,0.1143999993801117,0.15028724074363708,0.15080000460147858,0.004852780140936375,0.1387999951839447,0.1606999933719635,0.19013673067092896,0.19014999270439148,0.0044583422131836414,0.18119999766349792,0.19830000400543213,0.10857856273651123,0.10734999924898148,0.005285024177283049,0.0989999994635582,0.12479999661445618,0.015325001440942287,0.01549999974668026,0.0012187471147626638,0.012500000186264515,0.019300000742077827,0.01201785821467638,0.012000000104308128,0.001433113357052207,0.00800000037997961,0.01679999940097332,0.16140124201774597,0.16193583607673645,0.013450021855533123,0.1257442981004715,0.20207253098487854,0.8151010274887085,0.8148691654205322,0.01065482385456562,0.7811791300773621,0.8440424203872681,1.0,True,True
156,Etawah_156_20221023T051849_20221023T052729_T44RKQ.tif,20221023T051849_20221023T052729_T44RKQ,2022-10-23,ETAWAH,21-10-2022 08:20,26.74972222,78.98333333,123.0,1.8830214467592592,0.005756,0.0891487468873058,0.111054335490104,0.1216391324189382,0.0972985647669112,0.0288741413982656,0.0197458755445712,0.0661224735333628,0.5876816858344519,2,1,True,OK,156,Etawah_156_20221023T051849_20221023T052729_T44RKQ.tif,14,14,9,EPSG:32644,0.07130459696054459,0.07129999995231628,0.0018033781088888645,0.06729999929666519,0.07670000195503235,0.08797194063663483,0.08794999867677689,0.001735163852572441,0.08269999921321869,0.09380000084638596,0.06484285742044449,0.06499999761581421,0.0014785889070481062,0.06109999865293503,0.07249999791383743,0.03172857314348221,0.03135000169277191,0.0020048157311975956,0.02759999968111515,0.04019999876618385,0.021385718137025833,0.021299999207258224,0.0009162367205135524,0.019999999552965164,0.02669999934732914,0.015864795073866844,0.015799999237060547,0.0007328553474508226,0.0142000000923872,0.019899999722838402,0.47023260593414307,0.47582587599754333,0.023195108398795128,0.37480559945106506,0.5132275223731995,0.608899712562561,0.6126673221588135,0.014646830037236214,0.5360556244850159,0.6357142925262451,1.0,True,True
157,Etawah_157_20221102T051949_20221102T052958_T44RKQ.tif,20221102T051949_20221102T052958_T44RKQ,2022-11-02,ETAWAH,01-11-2022 09:30,26.74972222,78.98333333,63.0,0.8343934143518519,0.001125,0.0771617114843868,0.0987169061177032,0.0995518295031444,0.078176224004343,0.0355845856410031,0.0260169904053458,0.1162105433282081,0.4703922556159465,2,1,True,OK,157,Etawah_157_20221102T051949_20221102T052958_T44RKQ.tif,14,14,9,EPSG:32644,0.06393315643072128,0.05714999884366989,0.016529010608792305,0.050200000405311584,0.1680999994277954,0.08487755805253983,0.07474999874830246,0.022849204018712044,0.06830000132322311,0.2232999950647354,0.07564948499202728,0.05530000105500221,0.039761245250701904,0.04879999905824661,0.2784999907016754,0.05466989427804947,0.031950000673532486,0.052432987838983536,0.02539999969303608,0.3199999928474426,0.045641325414180756,0.02800000086426735,0.05114519223570824,0.02539999969303608,0.3874000012874603,0.03554132580757141,0.022299999371170998,0.04363619536161423,0.018799999728798866,0.3928000032901764,0.3151939809322357,0.4037324786186218,0.19509077072143555,-0.18721461296081543,0.47052738070487976,0.39086204767227173,0.45095324516296387,0.17319917678833008,-0.2687080502510071,0.5351437926292419,0.923469387755102,True,True
158,Etawah_158_20221112T052049_20221112T052220_T44RKQ.tif,20221112T052049_20221112T052220_T44RKQ,2022-11-12,ETAWAH,11-11-2022 08:40,26.74972222,78.98333333,45.0,0.8691331944444445,0.08923,0.1219234794025888,0.12818355845321,0.1081840514283006,0.0588331784447864,0.0169288708171849,0.0130732826596736,0.3710552787634771,0.7667230808570443,2,1,True,OK,158,Etawah_158_20221112T052049_20221112T052220_T44RKQ.tif,14,14,9,EPSG:32644,0.15495409071445465,0.14229999482631683,0.030140608549118042,0.12110000103712082,0.2329999953508377,0.16888929903507233,0.1493000090122223,0.04408343881368637,0.12520000338554382,0.27720001339912415,0.16026020050048828,0.12000000476837158,0.0750165805220604,0.09520000219345093,0.3391999900341034,0.11156070232391357,0.04105000197887421,0.11505938321352005,0.021299999207258224,0.36880001425743103,0.11384439468383789,0.018400000408291817,0.15776343643665314,0.01209999993443489,0.4993000030517578,0.10147754848003387,0.014349999837577343,0.1516943871974945,0.006800000090152025,0.4964999854564667,0.37729474902153015,0.5583676099777222,0.3188566267490387,-0.15270774066448212,0.7144772410392761,0.48794782161712646,0.7718824148178101,0.42971980571746826,-0.294611394405365,0.8304134607315063,0.7602040816326531,True,True
159,Etawah_159_20221122T052119_20221122T052433_T44RKQ.tif,20221122T052119_20221122T052433_T44RKQ,2022-11-22,ETAWAH,21-11-2022 08:30,26.74972222,78.98333333,56.0,0.876079537037037,0.000312,0.0721120492697836,0.0888028295012191,0.0815634432758481,0.062674634243563,0.0162352476261665,0.011522240902015,0.1724567416749123,0.6912853243416763,2,1,True,OK,159,Etawah_159_20221122T052119_20221122T052433_T44RKQ.tif,14,14,9,EPSG:32644,0.09825509786605835,0.06659999489784241,0.05328410118818283,0.04809999838471413,0.19050000607967377,0.1298035830259323,0.0934000015258789,0.06769038736820221,0.06390000134706497,0.2460000067949295,0.13971632719039917,0.0868000015616417,0.10412019491195679,0.040800001472234726,0.3084999918937683,0.1412474513053894,0.05224999785423279,0.14059633016586304,0.014999999664723873,0.3605000078678131,0.15761122107505798,0.02655000053346157,0.1829904168844223,0.010499999858438969,0.46050000190734863,0.15492703020572662,0.021150000393390656,0.1877405345439911,0.00839999970048666,0.4733999967575073,0.20799961686134338,0.2936893105506897,0.3496238887310028,-0.22194625437259674,0.6354799270629883,0.27579107880592346,0.5469151139259338,0.4452141225337982,-0.32414767146110535,0.7283372282981873,0.6275510204081632,True,True
160,Etawah_160_20221202T052159_20221202T052600_T44RKQ.tif,20221202T052159_20221202T052600_T44RKQ,2022-12-02,ETAWAH,01-12-2022 08:45,26.74972222,78.98333333,58.0,0.865644988425926,0.003533,0.0771634154921599,0.0989807849521287,0.0842401330592111,0.0798442007560568,0.0287033079552824,0.0174315599446721,0.1069299561351218,0.5503641432444859,2,1,True,OK,160,Etawah_160_20221202T052159_20221202T052600_T44RKQ.tif,14,14,9,EPSG:32644,0.10744795203208923,0.08264999836683273,0.04739867523312569,0.05700000002980232,0.18610000610351562,0.1458173543214798,0.11749999970197678,0.058539897203445435,0.08410000056028366,0.24250000715255737,0.1604846864938736,0.1180500015616417,0.09224990010261536,0.06560000032186508,0.30230000615119934,0.16104081273078918,0.10109999775886536,0.1305474042892456,0.028999999165534973,0.35179999470710754,0.18692244589328766,0.06595000624656677,0.18945527076721191,0.01940000057220459,0.47769999504089355,0.17902041971683502,0.04794999957084656,0.19440214335918427,0.012000000104308128,0.48170000314712524,0.11486822366714478,0.07155002653598785,0.2853349447250366,-0.22022773325443268,0.5059625506401062,0.177530437707901,0.2909085154533386,0.4214104413986206,-0.3561458885669708,0.6465364098548889,0.576530612244898,True,True
161,Etawah_161_20221212T052219_20221212T052632_T44RKQ.tif,20221212T052219_20221212T052632_T44RKQ,2022-12-12,ETAWAH,12-12-2022 08:30,26.74972222,78.98333333,39.0,0.1239474537037037,0.000229,0.0443279423372325,0.0642459034150978,0.0415147662043218,0.0398732550391877,0.0129099521885084,0.0088975226286607,0.2341400933649122,0.665979730527479,2,1,True,OK,161,Etawah_161_20221212T052219_20221212T052632_T44RKQ.tif,14,14,9,EPSG:32644,0.09151938557624817,0.060600001364946365,0.06292012333869934,0.02710000053048134,0.18729999661445618,0.12817959487438202,0.09604999423027039,0.07712257653474808,0.04390000179409981,0.24369999766349792,0.14247500896453857,0.0945499986410141,0.11279062181711197,0.02329999953508377,0.3043000102043152,0.15559490025043488,0.12000000476837158,0.14007657766342163,0.006300000008195639,0.3458999991416931,0.17933878302574158,0.0885000005364418,0.1831132471561432,0.006099999882280827,0.44369998574256897,0.18110664188861847,0.07224999368190765,0.19235685467720032,0.004600000102072954,0.4641000032424927,0.1698795109987259,-0.12657703459262848,0.3946523368358612,-0.21014009416103363,0.774193525314331,0.19292686879634857,0.0755157619714737,0.45447614789009094,-0.3233131766319275,0.7740740776062012,0.5153061224489796,True,True
162,Etawah_162_20221222T052229_20221222T052753_T44RKQ.tif,20221222T052229_20221222T052753_T44RKQ,2022-12-22,ETAWAH,21-12-2022 08:40,26.74972222,78.98333333,38.0,0.8691298032407407,0.000833,0.0246234515682911,0.0448048423743924,0.0270910330013443,0.0252674832787503,0.0143569538969943,0.0116384992619026,0.2807060094961376,0.5143644985751259,2,1,True,OK,162,Etawah_162_20221222T052229_20221222T052753_T44RKQ.tif,14,14,9,EPSG:32644,0.08821070939302444,0.06024999916553497,0.06370503455400467,0.017899999395012856,0.18449999392032623,0.12871377170085907,0.10130000114440918,0.07435493916273117,0.04280000180006027,0.2409999966621399,0.145175501704216,0.10830000042915344,0.11070934683084488,0.020999999716877937,0.3046000003814697,0.15603215992450714,0.1362999975681305,0.14070142805576324,0.0,0.3465000092983246,0.1869928538799286,0.10480000078678131,0.18139967322349548,0.007699999958276749,0.44510000944137573,0.18764643371105194,0.09634999930858612,0.18823733925819397,0.0071000000461936,0.4562000036239624,0.22211576998233795,-0.169133260846138,0.4817924499511719,-0.22621697187423706,1.0,0.13988029956817627,-0.00676918588578701,0.42936012148857117,-0.3350658118724823,0.7429048418998718,0.5,True,True
163,Etawah_163_20230101T052229_20230101T052722_T44RKQ.tif,20230101T052229_20230101T052722_T44RKQ,2023-01-01,ETAWAH,02-01-2023 09:00,26.74972222,78.98333333,13.0,1.144763761574074,36.256072,1.335389637514144,1.1799187902864572,1.0941913312653433,0.9805482059616496,0.7108802897520027,0.5780533787517532,0.0922844749288046,0.2480702926404774,2,1,True,OK,163,Etawah_163_20230101T052229_20230101T052722_T44RKQ.tif,14,14,9,EPSG:32644,1.3631805181503296,1.3587000370025635,0.027331525459885597,1.291200041770935,1.4279999732971191,1.2067397832870483,1.204200029373169,0.02547818049788475,1.1444000005722046,1.2685999870300293,1.1251071691513062,1.1220999956130981,0.02512415312230587,1.05840003490448,1.1859999895095825,0.9985408186912537,0.9973999857902527,0.025611823424696922,0.9336000084877014,1.0576000213623047,0.745090901851654,0.7430999875068665,0.023215044289827347,0.6840999722480774,0.8061000108718872,0.6116341352462769,0.6067999601364136,0.02466418594121933,0.5550000071525574,0.6772000193595886,0.09446068853139877,0.09450015425682068,0.003248484106734395,0.0858440175652504,0.1027047336101532,0.23662535846233368,0.23567186295986176,0.008669715374708176,0.21778631210327148,0.26310357451438904,1.0,True,True
164,Etawah_164_20230111T052159_20230111T052604_T44RKQ.tif,20230111T052159_20230111T052604_T44RKQ,2023-01-11,ETAWAH,11-01-2023 09:00,26.74972222,78.98333333,7.0,0.1447965972222222,36.526528,0.8403443645199277,0.770153379160072,0.7264291116263013,0.6832671161522872,0.560398869694689,0.456939075079218,0.0598321104656091,0.1578300388043259,2,1,True,OK,164,Etawah_164_20230111T052159_20230111T052604_T44RKQ.tif,14,14,9,EPSG:32644,1.2931357622146606,1.2890000343322754,0.03733294457197189,1.222599983215332,1.3833999633789062,1.1564306020736694,1.1520999670028687,0.03523319959640503,1.090399980545044,1.2425999641418457,1.0925040245056152,1.090499997138977,0.03350371867418289,1.0255999565124512,1.1712000370025635,0.9550326466560364,0.9508999586105347,0.040659964084625244,0.8849999904632568,1.054800033569336,0.8006545901298523,0.7994999885559082,0.02915942296385765,0.7437999844551086,0.8701000213623047,0.6849545836448669,0.6857500076293945,0.025505732744932175,0.631600022315979,0.7491999864578247,0.09559493511915207,0.09644286334514618,0.0064143231138587,0.08099967241287231,0.10581483691930771,0.18187585473060608,0.18243128061294556,0.0068452931009233,0.16438624262809753,0.1980646550655365,1.0,True,True
165,Etawah_165_20230121T052129_20230121T052439_T44RKQ.tif,20230121T052129_20230121T052439_T44RKQ,2023-01-21,ETAWAH,21-01-2023 08:40,26.74972222,78.98333333,12.0,0.1308859722222222,0.001238,0.1054819676026634,0.1088775612281736,0.0889989022450807,0.1041137253905453,0.0378782236434703,0.0212151182994775,0.0222859433814486,0.4842235450003598,2,1,True,OK,165,Etawah_165_20230121T052129_20230121T052439_T44RKQ.tif,14,14,9,EPSG:32644,0.14877194166183472,0.1436000019311905,0.024303624406456947,0.11659999936819077,0.18559999763965607,0.16429133713245392,0.16005000472068787,0.03122624196112156,0.12300000339746475,0.21130000054836273,0.16758976876735687,0.1602500081062317,0.0525900274515152,0.10260000079870224,0.24400000274181366,0.18671837449073792,0.19975000619888306,0.0813867598772049,0.08799999952316284,0.2973000109195709,0.19131529331207275,0.15290001034736633,0.14718741178512573,0.03480000048875809,0.39419999718666077,0.18875356018543243,0.12144999951124191,0.16481156647205353,0.0210999995470047,0.4187999963760376,-0.01879989355802536,-0.1010752022266388,0.14512749016284943,-0.17797644436359406,0.1882353127002716,0.10510386526584625,0.022857479751110077,0.3704839050769806,-0.30923283100128174,0.5722188353538513,0.5051020408163265,True,True
166,Etawah_166_20230131T052039_20230131T052214_T44RKQ.tif,20230131T052039_20230131T052214_T44RKQ,2023-01-31,ETAWAH,01-02-2023 08:30,26.74972222,78.98333333,7.0,1.1239480671296296,49.962077,0.0705525760642706,0.0822191452198485,0.0712500283770422,0.096638696479007,0.0386008729716146,0.0240959881475564,-0.0746323611526456,0.375767350125521,2,1,True,OK,166,Etawah_166_20230131T052039_20230131T052214_T44RKQ.tif,14,14,9,EPSG:32644,0.13824845850467682,0.11544999480247498,0.04953598976135254,0.08429999649524689,0.22269999980926514,0.17212295532226562,0.14425000548362732,0.05935100093483925,0.10750000178813934,0.26969999074935913,0.17990152537822723,0.14785000681877136,0.0921396017074585,0.07750000059604645,0.3215999901294708,0.1720132678747177,0.13370001316070557,0.1252496838569641,0.03370000049471855,0.35359999537467957,0.2016642838716507,0.11554999649524689,0.1819460093975067,0.02590000070631504,0.4756999909877777,0.20091941952705383,0.09229999780654907,0.19677254557609558,0.01759999990463257,0.5047000050544739,0.13150423765182495,0.05391304939985275,0.2631029486656189,-0.18435750901699066,0.5256140232086182,0.15144285559654236,0.16447752714157104,0.37487590312957764,-0.31443145871162415,0.6273381114006042,0.5714285714285714,True,True
167,Etawah_167_20230210T051949_20230210T052635_T44RKQ.tif,20230210T051949_20230210T052635_T44RKQ,2023-02-10,ETAWAH,11-02-2023 08:40,26.74972222,78.98333333,23.0,1.130877592592593,0.000209,0.0204277448345663,0.0341749017568397,0.0272579674070453,0.0364105856336594,0.0293946650024998,0.0224276185570586,-0.0315376735014577,0.0755042839523453,2,1,True,OK,167,Etawah_167_20230210T051949_20230210T052635_T44RKQ.tif,14,14,9,EPSG:32644,0.104460209608078,0.06974999606609344,0.07415503263473511,0.02979999966919422,0.21459999680519104,0.15356938540935516,0.11789999902248383,0.08770594745874405,0.061500001698732376,0.2854999899864197,0.17154592275619507,0.12790000438690186,0.12628774344921112,0.03519999980926514,0.3564999997615814,0.18721222877502441,0.18400000035762787,0.1549466997385025,0.01759999990463257,0.39980000257492065,0.2146643102169037,0.15514999628067017,0.1851053535938263,0.024299999698996544,0.4742000102996826,0.20933829247951508,0.13209998607635498,0.19062623381614685,0.020899999886751175,0.4819999933242798,0.1007038950920105,-0.16166569292545319,0.3266235291957855,-0.2651212513446808,0.5724637508392334,0.03709971159696579,-0.13009101152420044,0.30391424894332886,-0.29254773259162903,0.4955134689807892,0.45918367346938777,True,True
168,Etawah_168_20230220T051839_20230220T052919_T44RKQ.tif,20230220T051839_20230220T052919_T44RKQ,2023-02-20,ETAWAH,21-02-2023 08:40,26.74972222,78.98333333,15.0,1.130869340277778,0.209936,0.0160691301746877,0.0364730857645144,0.01840615150181,0.0291325590819191,0.0160463964948084,0.0134944538648768,0.1125609024977395,0.394784972822579,2,1,True,OK,168,Etawah_168_20230220T051839_20230220T052919_T44RKQ.tif,14,14,9,EPSG:32644,0.10874539613723755,0.09769999980926514,0.07369190454483032,0.02160000056028366,0.20819999277591705,0.15523263812065125,0.14899998903274536,0.0880560427904129,0.046799998730421066,0.27309998869895935,0.1820918470621109,0.17475000023841858,0.12452908605337143,0.027300000190734863,0.3458999991416931,0.19383928179740906,0.2325499951839447,0.1566545069217682,0.003700000001117587,0.3878999948501587,0.2266397923231125,0.22780001163482666,0.1899546980857849,0.013100000098347664,0.4754999876022339,0.22325000166893005,0.1944499909877777,0.19378185272216797,0.013000000268220901,0.4794999957084656,0.15296946465969086,-0.16689586639404297,0.4243486821651459,-0.2441827803850174,0.8768718838691711,0.0576382651925087,-0.19379380345344543,0.3610190153121948,-0.3036085367202759,0.6819708943367004,0.4387755102040816,True,True
169,Etawah_169_20230302T051729_20230302T052948_T44RKQ.tif,20230302T051729_20230302T052948_T44RKQ,2023-03-02,ETAWAH,01-03-2023 08:30,26.74972222,78.98333333,10.0,0.8760926620370371,0.204697,0.0232984655419247,0.0470663146986332,0.0312738034967018,0.0321984657339189,0.0304443695171325,0.0236367258434142,0.188694886645084,0.2155333005955342,2,1,True,OK,169,Etawah_169_20230302T051729_20230302T052948_T44RKQ.tif,14,14,9,EPSG:32644,0.11225968599319458,0.12044999748468399,0.07775501161813736,0.014399999752640724,0.21130000054836273,0.16384132206439972,0.1789500117301941,0.09121237695217133,0.04610000178217888,0.28139999508857727,0.19525764882564545,0.21975000202655792,0.12695778906345367,0.028599999845027924,0.3522000014781952,0.20098623633384705,0.26100000739097595,0.1559395045042038,0.0015999999595806003,0.38350000977516174,0.24111735820770264,0.2692999839782715,0.1840200573205948,0.022700000554323196,0.4722999930381775,0.23457194864749908,0.24494999647140503,0.18601404130458832,0.01889999955892563,0.4690000116825104,0.15502844750881195,-0.15287376940250397,0.42689248919487,-0.19160223007202148,0.9329140782356262,-0.017421867698431015,-0.21718838810920715,0.27343621850013733,-0.27032339572906494,0.5516279339790344,0.3979591836734694,True,True
170,Etawah_170_20230312T051659_20230312T052443_T44RKQ.tif,20230312T051659_20230312T052443_T44RKQ,2023-03-12,ETAWAH,11-03-2023 08:30,26.74972222,78.98333333,14.0,0.8761338310185185,3e-05,0.0274335301682029,0.0378928212648224,0.0225396677592102,0.0287335446164188,0.0187776604076576,0.0135672016929035,0.1377345270703773,0.3402458389566558,2,1,True,OK,170,Etawah_170_20230312T051659_20230312T052443_T44RKQ.tif,14,14,9,EPSG:32644,0.10966632515192032,0.11394999921321869,0.06075228005647659,0.03629999980330467,0.1876000016927719,0.152858167886734,0.1611499935388565,0.07398922741413116,0.061799999326467514,0.24660000205039978,0.18039029836654663,0.2028999924659729,0.11214780062437057,0.03819999843835831,0.31850001215934753,0.1893535554409027,0.23420000076293945,0.1441393494606018,0.011500000022351742,0.36010000109672546,0.22927245497703552,0.265749990940094,0.18564315140247345,0.01360000018030405,0.46459999680519104,0.22731533646583557,0.23765000700950623,0.18971966207027435,0.013299999758601189,0.47049999237060547,0.10763879865407944,-0.1791771501302719,0.365438848733902,-0.20207256078720093,0.690666675567627,0.0534326396882534,-0.20699968934059143,0.39402955770492554,-0.31560659408569336,0.7030567526817322,0.42346938775510207,True,True
171,Etawah_171_20230322T051659_20230322T052301_T44RKQ.tif,20230322T051659_20230322T052301_T44RKQ,2023-03-22,ETAWAH,21-03-2023 09:20,26.74972222,78.98333333,8.0,0.841392199074074,0.165298,0.0289357260741641,0.0385225505771551,0.0224706925916368,0.0278372043009054,0.0165251126934497,0.012554743732032,0.1621208613946077,0.4033151325121573,2,1,True,OK,171,Etawah_171_20230322T051659_20230322T052301_T44RKQ.tif,14,14,9,EPSG:32644,0.11104694753885269,0.10814999788999557,0.07778393477201462,0.01850000023841858,0.21480000019073486,0.15609590709209442,0.15725000202655792,0.0923747643828392,0.04270000010728836,0.27790001034736633,0.18359540402889252,0.19350001215934753,0.12897953391075134,0.023000000044703484,0.34529998898506165,0.1884061098098755,0.22714999318122864,0.15518005192279816,0.0,0.37459999322891235,0.23566581308841705,0.25905001163482666,0.19722864031791687,0.005400000140070915,0.48559999465942383,0.2353479415178299,0.24410000443458557,0.2014770805835724,0.007300000172108412,0.4950999915599823,0.2153048813343048,-0.14846323430538177,0.49133673310279846,-0.18956045806407928,1.0,0.0817004144191742,-0.2365880310535431,0.42431002855300903,-0.3104816973209381,0.8232405781745911,0.39285714285714285,True,True
172,Etawah_172_20230401T051659_20230401T052512_T44RKQ.tif,20230401T051659_20230401T052512_T44RKQ,2023-04-01,ETAWAH,01-04-2023 09:40,26.74972222,78.98333333,26.0,0.1724869791666666,2.326412,0.0230681587551795,0.0312193413553465,0.0177490005037864,0.0140489582956909,0.0141732264757166,0.01018810508338,0.3807436257122538,0.3808706160404022,2,1,True,OK,172,Etawah_172_20230401T051659_20230401T052512_T44RKQ.tif,14,14,9,EPSG:32644,0.12847551703453064,0.1550000011920929,0.09353184700012207,0.00570000009611249,0.24469999969005585,0.17832347750663757,0.2046000063419342,0.1088678389787674,0.03200000151991844,0.31790000200271606,0.21608367562294006,0.26065000891685486,0.14715619385242462,0.012199999764561653,0.39500001072883606,0.210942342877388,0.2690500020980835,0.16246071457862854,0.0,0.4032000005245209,0.266007661819458,0.33425000309944153,0.204896479845047,0.00419999985024333,0.5151000022888184,0.26492857933044434,0.323199987411499,0.20847299695014954,0.006599999964237213,0.5210999846458435,0.19555166363716125,-0.1182614117860794,0.47574135661125183,-0.1721985787153244,1.0,0.036525581032037735,-0.22405748069286346,0.3840391933917999,-0.3272969126701355,0.8592814207077026,0.336734693877551,True,True
173,Etawah_173_20230411T051649_20230411T052709_T44RKQ.tif,20230411T051649_20230411T052709_T44RKQ,2023-04-11,ETAWAH,11-04-2023 09:30,26.74972222,78.98333333,39.0,0.1655656481481481,0.155653,0.0193252816601228,0.0285297579439839,0.0199639218243736,0.0212487754113615,0.0218242395371366,0.0183909347908558,0.1467722567980312,0.1357092030953641,2,1,True,OK,173,Etawah_173_20230411T051649_20230411T052709_T44RKQ.tif,14,14,9,EPSG:32644,0.14099030196666718,0.18514999747276306,0.07132358103990555,0.030899999663233757,0.21289999783039093,0.18939438462257385,0.2401999980211258,0.08198945224285126,0.06040000170469284,0.27469998598098755,0.22797398269176483,0.29930001497268677,0.11604107916355133,0.03799999877810478,0.34439998865127563,0.24534080922603607,0.33504998683929443,0.1393875628709793,0.01850000023841858,0.38280001282691956,0.28580865263938904,0.40735000371932983,0.17354153096675873,0.026799999177455902,0.4684000015258789,0.2874714732170105,0.41614997386932373,0.18007363379001617,0.02319999970495701,0.476500004529953,-0.027125202119350433,-0.15959390997886658,0.22749535739421844,-0.1866523027420044,0.5310519933700562,-0.07831424474716187,-0.24106359481811523,0.24722398817539215,-0.3024372458457947,0.44178083539009094,0.29081632653061223,True,True
174,Etawah_174_20230421T051649_20230421T052441_T44RKQ.tif,20230421T051649_20230421T052441_T44RKQ,2023-04-21,ETAWAH,21-04-2023 09:10,26.74972222,78.98333333,9.0,0.1516705439814814,5.913876,0.0489321086830501,0.072850760016884,0.0612619793622519,0.0783433994699924,0.088390554403173,0.0709764349886828,-0.0364287452764262,-0.0989086244709134,2,1,True,OK,174,Etawah_174_20230421T051649_20230421T052441_T44RKQ.tif,14,14,9,EPSG:32644,0.1687382608652115,0.22095000743865967,0.08274704962968826,0.026900000870227814,0.25119999051094055,0.22736580669879913,0.2809000015258789,0.08786050230264664,0.08079999685287476,0.31700000166893005,0.27030664682388306,0.3386499881744385,0.11456482112407684,0.066600002348423,0.3840999901294708,0.2727805972099304,0.3499999940395355,0.1257392019033432,0.04470000043511391,0.390500009059906,0.3188280463218689,0.4216499924659729,0.14735788106918335,0.08049999922513962,0.4674000144004822,0.3042908012866974,0.4117000102996826,0.15078425407409668,0.06620000302791595,0.45260000228881836,-0.051626041531562805,-0.10559497773647308,0.11761835962533951,-0.16493216156959534,0.30828219652175903,-0.13380953669548035,-0.18117374181747437,0.09171821177005768,-0.2665999233722687,0.10946588963270187,0.15306122448979592,True,True
175,Etawah_175_20230501T051649_20230501T052839_T44RKQ.tif,20230501T051649_20230501T052839_T44RKQ,2023-05-01,ETAWAH,01-05-2023 20:50,26.74972222,78.98333333,20.0,0.6377793518518519,77.331245,0.0152878940669341,0.0339740430441976,0.0139507882183049,0.0128341640298163,0.0232079532245218,0.025277421370029,0.7417511899222995,0.1485195757476675,2,1,True,OK,175,Etawah_175_20230501T051649_20230501T052839_T44RKQ.tif,14,14,9,EPSG:32644,0.16406479477882385,0.1550000011920929,0.10189768671989441,0.0,0.329800009727478,0.21055100858211517,0.19335000216960907,0.1208951398730278,0.0,0.41290000081062317,0.2488071471452713,0.23759999871253967,0.1580837219953537,0.0,0.5063999891281128,0.21777242422103882,0.2008500099182129,0.1670241504907608,0.0,0.491100013256073,0.2613102197647095,0.23124998807907104,0.1936294287443161,0.0,0.5788000226020813,0.24648931622505188,0.19530001282691956,0.19125647842884064,0.0026000000070780516,0.5806000232696533,0.18753458559513092,0.0,0.39601844549179077,-0.15167300403118134,1.0,0.053526557981967926,-0.08340965211391449,0.3269975185394287,-0.23816660046577454,1.0,0.37755102040816324,True,True
176,Etawah_176_20230511T051649_20230511T052839_T44RKQ.tif,20230511T051649_20230511T052839_T44RKQ,2023-05-11,ETAWAH,11-05-2023 09:40,26.74972222,78.98333333,32.0,0.1724994791666666,0.000113,0.0340045044552073,0.048111739702657,0.0327909627715901,0.0489725226831102,0.0380518446883044,0.0315988878711642,-0.0083652853555487,0.1170430371214254,2,1,True,OK,176,Etawah_176_20230511T051649_20230511T052839_T44RKQ.tif,14,14,9,EPSG:32644,0.15095970034599304,0.19519999623298645,0.06346961110830307,0.039000000804662704,0.21359999477863312,0.20132753252983093,0.25290000438690186,0.07334143668413162,0.07490000128746033,0.2736999988555908,0.24434132874011993,0.3155999779701233,0.10265661776065826,0.05590000003576279,0.3409000039100647,0.26357501745224,0.3507000207901001,0.12683363258838654,0.03099999949336052,0.38019999861717224,0.30581173300743103,0.4142000079154968,0.15929241478443146,0.040300000458955765,0.4595000147819519,0.30448824167251587,0.42114999890327454,0.16598111391067505,0.035100001841783524,0.4661000072956085,-0.07348897308111191,-0.16018256545066833,0.16295088827610016,-0.18066348135471344,0.42909762263298035,-0.120049849152565,-0.2394508421421051,0.20704522728919983,-0.28914472460746765,0.41085273027420044,0.22448979591836735,True,True
177,Etawah_177_20230521T051659_20230521T052824_T44RKQ.tif,20230521T051659_20230521T052824_T44RKQ,2023-05-21,ETAWAH,22-05-2023 21:23,26.74972222,78.98333333,29.0,1.6606643055555557,0.086808,0.0817617965633519,0.1009464537387143,0.0906149209749691,0.1185268292000081,0.1074916530989933,0.0880432711182128,-0.0814764507042521,-0.0356830122142816,2,1,True,OK,177,Etawah_177_20230521T051659_20230521T052824_T44RKQ.tif,14,14,9,EPSG:32644,0.16685357689857483,0.1931000053882599,0.039454035460948944,0.09600000083446503,0.20739999413490295,0.21465766429901123,0.24489998817443848,0.04597882553935051,0.13169999420642853,0.26350000500679016,0.2524290680885315,0.29554998874664307,0.0665728822350502,0.12189999967813492,0.3179999887943268,0.2802484333515167,0.3328000009059906,0.08121047168970108,0.11890000104904175,0.35760000348091125,0.31744182109832764,0.39034998416900635,0.11126500368118286,0.12269999831914902,0.4253000020980835,0.3064607083797455,0.3875499963760376,0.12094394862651825,0.10419999808073044,0.42260000109672546,-0.11860236525535583,-0.15047787129878998,0.06484368443489075,-0.1761798858642578,0.07113895565271378,-0.1636739820241928,-0.22594058513641357,0.10919474810361862,-0.2630513906478882,0.09899663925170898,0.17346938775510204,True,True
178,Etawah_178_20230531T051659_20230531T052823_T44RKQ.tif,20230531T051659_20230531T052823_T44RKQ,2023-05-31,ETAWAH,01-06-2023 09:10,26.74972222,78.98333333,51.0,1.1516481712962965,0.032166,0.0300862330081767,0.0574010838460814,0.0429855292683429,0.0618337838100856,0.0544947345299554,0.0407037452431731,-0.0332839216451346,0.0177913146608835,2,1,True,OK,178,Etawah_178_20230531T051659_20230531T052823_T44RKQ.tif,14,14,9,EPSG:32644,0.16328316926956177,0.20319999754428864,0.06688722223043442,0.03099999949336052,0.23119999468326569,0.21661989390850067,0.2592499852180481,0.07419779151678085,0.07729999721050262,0.2921999990940094,0.260107159614563,0.31620001792907715,0.09776952117681503,0.06040000170469284,0.35760000348091125,0.2579030692577362,0.32429999113082886,0.10921775549650192,0.0284000001847744,0.3668999969959259,0.3052239716053009,0.39499998092651367,0.1399035006761551,0.053700000047683716,0.44119998812675476,0.28994080424308777,0.38314998149871826,0.14538957178592682,0.04639999940991402,0.43160000443458557,-0.05074615776538849,-0.10463139414787292,0.12840990722179413,-0.15386658906936646,0.4626300632953644,-0.12133333832025528,-0.1941610425710678,0.14125250279903412,-0.2690942883491516,0.23999997973442078,0.18877551020408162,True,True
179,Etawah_179_20230610T051659_20230610T052824_T44RKQ.tif,20230610T051659_20230610T052824_T44RKQ,2023-06-10,ETAWAH,12-06-2023 09:10,26.74972222,78.98333333,37.0,2.151635844907408,0.036105,0.0580111625667258,0.0739378105809174,0.0677667656233786,0.0940003376957532,0.0865676234096607,0.0680325591468948,-0.119442899775406,-0.0788340685933173,2,1,True,OK,179,Etawah_179_20230610T051659_20230610T052824_T44RKQ.tif,14,14,9,EPSG:32644,0.1474607139825821,0.1770000010728836,0.047642339020967484,0.056699998676776886,0.1956000030040741,0.1970994919538498,0.23100000619888306,0.053728409111499786,0.10040000081062317,0.2517000138759613,0.23383572697639465,0.28165000677108765,0.07610705494880676,0.07970000058412552,0.3073999881744385,0.24686990678310394,0.2997500002384186,0.08691615611314774,0.0658000037074089,0.3287999927997589,0.29703930020332336,0.3762499988079071,0.1207992285490036,0.08330000191926956,0.4106999933719635,0.28226736187934875,0.366100013256073,0.12642234563827515,0.06859999895095825,0.4034999907016754,-0.09006833285093307,-0.13014671206474304,0.08507165312767029,-0.15324817597866058,0.21031047403812408,-0.1622527837753296,-0.23349466919898987,0.12393175065517426,-0.283075213432312,0.12214767932891846,0.1836734693877551,True,True
180,Etawah_180_20230720T051659_20230720T052825_T44RKQ.tif,20230720T051659_20230720T052825_T44RKQ,2023-07-20,ETAWAH,21-07-2023 11:55,26.74972222,78.98333333,148.0,1.2662096296296297,47.023168,0.157427759808572,0.1877766905461547,0.2101825457779472,0.1544359797603442,0.0612379511915826,0.0541345572391701,0.0970125418751047,0.5092297104304774,2,1,True,OK,180,Etawah_180_20230720T051659_20230720T052825_T44RKQ.tif,14,14,9,EPSG:32644,0.49104589223861694,0.3609499931335449,0.33034852147102356,0.1370999962091446,1.0978000164031982,0.4862055778503418,0.37150001525878906,0.27936825156211853,0.15760000050067902,1.0108000040054321,0.4849102199077606,0.37770000100135803,0.2386499047279358,0.17870000004768372,0.9567000269889832,0.4405801296234131,0.39704999327659607,0.2555837035179138,0.11339999735355377,0.8776999711990356,0.3541305959224701,0.3242499828338623,0.2656242847442627,0.04520000144839287,0.7825999855995178,0.31851840019226074,0.2770499885082245,0.24478699266910553,0.03999999910593033,0.7181000113487244,0.05954219028353691,0.06370972096920013,0.04864292964339256,-0.057675801217556,0.18194742500782013,0.2578161060810089,0.1369343250989914,0.19639979302883148,-0.01737319305539131,0.5590828657150269,0.9795918367346939,True,True
181,Etawah_181_20230819T051659_20230819T052701_T44RKQ.tif,20230819T051659_20230819T052701_T44RKQ,,,,,,,,,,,,,,,,,2,0,True,NO_CWC_METADATA,181,Etawah_181_20230819T051659_20230819T052701_T44RKQ.tif,14,14,9,EPSG:32644,0.10292041301727295,0.09835000336170197,0.014882114715874195,0.0746999979019165,0.15889999270439148,0.1242627501487732,0.11945000290870667,0.01686006598174572,0.08820000290870667,0.19419999420642853,0.11173061281442642,0.09174999594688416,0.038866788148880005,0.06689999997615814,0.24060000479221344,0.0727071464061737,0.041850000619888306,0.05259689688682556,0.02370000071823597,0.2362000048160553,0.08341836929321289,0.04859999939799309,0.06036362051963806,0.030700000002980232,0.30660000443458557,0.07290969043970108,0.04390000179409981,0.05489339679479599,0.025800000876188278,0.3052999973297119,0.3409585654735565,0.4809606075286865,0.24792678654193878,-0.09957849979400635,0.640266478061676,0.2778485417366028,0.4156109094619751,0.2388458251953125,-0.24583503603935242,0.5657062530517578,0.7857142857142857,False,True
182,Etawah_182_20230903T051701_20230903T053110_T44RKQ.tif,20230903T051701_20230903T053110_T44RKQ,2023-09-03,ETAWAH,01-09-2023 09:00,26.74972222,78.98333333,230.0,1.8553121527777776,1.039313,0.0873741691141297,0.1248630909343577,0.1443896970736819,0.1015588125299981,0.0446489026569677,0.0324665118309853,0.1030441868613969,0.4734253233072122,2,1,True,OK,182,Etawah_182_20230903T051701_20230903T053110_T44RKQ.tif,14,14,9,EPSG:32644,0.09089081734418869,0.0640999972820282,0.04499473422765732,0.05889999866485596,0.20160000026226044,0.14047551155090332,0.10999999940395355,0.05121799558401108,0.10339999943971634,0.26809999346733093,0.14687907695770264,0.09665000438690186,0.0839979499578476,0.08399999886751175,0.33500000834465027,0.09816019982099533,0.020399998873472214,0.11822925508022308,0.011900000274181366,0.34060001373291016,0.13288825750350952,0.04244999960064888,0.1404743641614914,0.033399999141693115,0.43479999899864197,0.11486071348190308,0.032749999314546585,0.1315600872039795,0.025800000876188278,0.41130000352859497,0.4350477457046509,0.6825907826423645,0.3944585919380188,-0.15472480654716492,0.8001679182052612,0.2343374490737915,0.43759727478027344,0.3174217641353607,-0.291527658700943,0.5252310037612915,0.6785714285714286,True,True
183,Etawah_183_20230923T051651_20230923T052212_T44RKQ.tif,20230923T051651_20230923T052212_T44RKQ,2023-09-23,ETAWAH,21-09-2023 09:10,26.74972222,78.98333333,55.0,1.848327430555556,65.008098,1.6550207292946344,1.4709159864934984,1.2881451635076122,1.1328120496593883,0.0821420895638414,0.1241690158992921,0.1298735793428244,0.894230715192116,3,2,True,DUPLICATE_SENTINEL_ID_REVIEW,183,Etawah_183_20230923T051651_20230923T052212_T44RKQ.tif,14,14,9,EPSG:32644,1.1151663064956665,1.0901999473571777,0.08217068016529083,0.9990000128746033,1.305400013923645,0.953190803527832,0.9168000221252441,0.08019571006298065,0.8650000095367432,1.1297999620437622,0.8502388000488281,0.8183000087738037,0.06811124831438065,0.7842000126838684,1.0089999437332153,0.7579147815704346,0.7381000518798828,0.05590938404202461,0.6898999810218811,0.879800021648407,0.15959541499614716,0.148499995470047,0.027023877948522568,0.13230000436306,0.2475000023841858,0.20835308730602264,0.2062000036239624,0.014609178528189659,0.16529999673366547,0.3019999861717224,0.11371584981679916,0.11339947581291199,0.015636252239346504,0.06012022867798805,0.1608833223581314,0.7140161395072937,0.7201895117759705,0.030603541061282158,0.6177310943603516,0.7571233510971069,1.0,True,True
184,Etawah_184_20231003T051651_20231003T052230_T44RKQ.tif,20231003T051651_20231003T052230_T44RKQ,2023-10-03,ETAWAH,03-10-2023 09:10,26.74972222,78.98333333,26.0,0.1516736111111111,15.05851,0.0327157097751157,0.0534295465583233,0.0394825732633303,0.0546464243707633,0.0303888232040802,0.0217613036616344,-0.0111578348429034,0.2752602171815663,2,1,True,OK,184,Etawah_184_20231003T051651_20231003T052230_T44RKQ.tif,14,14,9,EPSG:32644,0.07060254365205765,0.07050000131130219,0.001439190236851573,0.06719999760389328,0.07450000196695328,0.11000356823205948,0.11020000278949738,0.0017197051784023643,0.10159999877214432,0.11339999735355377,0.08874642848968506,0.08860000222921371,0.0016598309157416224,0.0860000029206276,0.10040000081062317,0.031005099415779114,0.030500000342726707,0.001829707995057106,0.028300000354647636,0.040699999779462814,0.02225000038743019,0.022099999710917473,0.0009887375636026263,0.02070000022649765,0.026900000870227814,0.01650102064013481,0.01640000008046627,0.0009936528513208032,0.013899999670684338,0.020600000396370888,0.5603978037834167,0.566300630569458,0.02172801084816456,0.4279690682888031,0.5899280309677124,0.6635736227035522,0.6664154529571533,0.012574694119393826,0.6118326187133789,0.6863636374473572,1.0,True,True
185,Etawah_185_20231013T051741_20231013T052432_T44RKQ.tif,20231013T051741_20231013T052432_T44RKQ,2023-10-13,ETAWAH,11-10-2023 09:20,26.74972222,78.98333333,60.0,1.841336712962963,5e-05,0.028983431910731,0.0499514922340241,0.0393605433894229,0.0551607123322298,0.035081306603519,0.0248376411681592,-0.0496810865981781,0.1746601908664882,2,1,True,OK,185,Etawah_185_20231013T051741_20231013T052432_T44RKQ.tif,14,14,9,EPSG:32644,0.07257296144962311,0.034199997782707214,0.060491062700748444,0.0272000003606081,0.19529999792575836,0.11010102182626724,0.06765000522136688,0.0747113972902298,0.051100000739097595,0.26080000400543213,0.11648010462522507,0.04859999939799309,0.10726051032543182,0.03460000082850456,0.32420000433921814,0.11341021209955215,0.026599999517202377,0.12846896052360535,0.01889999955892563,0.3560999929904938,0.13888214528560638,0.034299999475479126,0.15721315145492554,0.02800000086426735,0.4399999976158142,0.12564946711063385,0.0284000001847744,0.15145014226436615,0.022700000554323196,0.42649999260902405,0.21500582993030548,0.3892974853515625,0.2687181532382965,-0.1760319620370865,0.4939759075641632,0.10233201086521149,0.25621387362480164,0.2462722808122635,-0.2887120246887207,0.37726837396621704,0.6632653061224489,True,True
186,Etawah_186_20231023T051851_20231023T052716_T44RKQ.tif,20231023T051851_20231023T052716_T44RKQ,2023-10-23,ETAWAH,23-10-2023 09:10,26.74972222,78.98333333,26.0,0.1516933101851852,0.000272,0.0471960306188578,0.0681336712876653,0.0543882882317972,0.0503499017229203,0.0277719315501173,0.0202050112727463,0.15007129795262,0.4210346421679934,2,1,True,OK,186,Etawah_186_20231023T051851_20231023T052716_T44RKQ.tif,14,14,9,EPSG:32644,0.09519847482442856,0.07434999942779541,0.0598139725625515,0.032499998807907104,0.18770000338554382,0.1373433619737625,0.11290000379085541,0.07594442367553711,0.05559999868273735,0.25450000166893005,0.15912652015686035,0.12540000677108765,0.11238327622413635,0.03909999877214432,0.3249000012874603,0.15818572044372559,0.12229999899864197,0.1385326087474823,0.010099999606609344,0.3634999990463257,0.20381735265254974,0.10809999704360962,0.18624550104141235,0.022199999541044235,0.48080000281333923,0.18751375377178192,0.07705000042915344,0.18149437010288239,0.01720000058412552,0.46790000796318054,0.16045066714286804,-0.044784191995859146,0.3518168032169342,-0.18569329380989075,0.69838947057724,0.043328139930963516,-0.029493562877178192,0.3298183083534241,-0.3412604331970215,0.4893617033958435,0.49489795918367346,True,True
187,Etawah_187_20231102T051951_20231102T052415_T44RKQ.tif,20231102T051951_20231102T052415_T44RKQ,2023-11-02,ETAWAH,01-11-2023 09:15,26.74972222,78.98333333,16.0,0.8448188194444445,0.053905,0.0533931584156177,0.0743785333496661,0.0581949886657205,0.0556604309135477,0.0247186516515956,0.0161736205861031,0.144272483370334,0.5015511757627062,2,1,True,OK,187,Etawah_187_20231102T051951_20231102T052415_T44RKQ.tif,14,14,9,EPSG:32644,0.11221529543399811,0.11924999952316284,0.046435847878456116,0.05130000039935112,0.17669999599456787,0.1558770388364792,0.16120000183582306,0.05829007551074028,0.07980000227689743,0.23589999973773956,0.1817091703414917,0.2012999951839447,0.0931515246629715,0.059700001031160355,0.30550000071525574,0.19221888482570648,0.22945000231266022,0.12487398087978363,0.03220000118017197,0.35530000925064087,0.2581341862678528,0.2910500168800354,0.19126255810260773,0.022099999710917473,0.49619999527931213,0.241531103849411,0.2487500011920929,0.18819062411785126,0.016599999740719795,0.4814000129699707,0.026290280744433403,-0.17136043310165405,0.2653461694717407,-0.21180084347724915,0.44248533248901367,-0.02590309828519821,-0.2836194634437561,0.39071786403656006,-0.3751893639564514,0.5741811394691467,0.37244897959183676,True,True
188,Etawah_188_20231107T052019_20231107T052323_T44RKQ.tif,20231107T052019_20231107T052323_T44RKQ,2023-11-07,ETAWAH,07-11-2023 08:50,26.74972222,78.98333333,37.0,0.1377753125,0.001994,0.0512862474367081,0.0746126555929984,0.0653824608275868,0.0576697353515899,0.0447484522136054,0.0290613594495896,0.1284867618636748,0.2503197214142461,2,1,True,OK,188,Etawah_188_20231107T052019_20231107T052323_T44RKQ.tif,14,14,9,EPSG:32644,0.12822142243385315,0.14030000567436218,0.058472469449043274,0.04879999905824661,0.20919999480247498,0.17929081618785858,0.19040000438690186,0.06867021322250366,0.08460000157356262,0.2705000042915344,0.21216684579849243,0.23954999446868896,0.10273859649896622,0.07349999994039536,0.3395000100135803,0.20856785774230957,0.25564998388290405,0.13030840456485748,0.037300001829862595,0.37279999256134033,0.2768377661705017,0.33230000734329224,0.18219886720180511,0.04639999940991402,0.4970000088214874,0.2646607458591461,0.3073999881744385,0.18514582514762878,0.035100001841783524,0.48910000920295715,0.03586865961551666,-0.13610295951366425,0.23043350875377655,-0.17660115659236908,0.4259542226791382,-0.07461424171924591,-0.26095423102378845,0.2670918107032776,-0.3271615207195282,0.3545108139514923,0.3622448979591837,True,True
189,Etawah_189_20231112T052041_20231112T052318_T44RKQ.tif,20231112T052041_20231112T052318_T44RKQ,2023-11-12,ETAWAH,13-11-2023 09:10,26.74972222,78.98333333,27.0,1.151701111111111,0.000153,0.0451387809584261,0.0653941306214242,0.0505513372350702,0.0544066300431081,0.0224081081184055,0.0148839387752436,0.0915319941969911,0.4897618738070198,2,1,True,OK,189,Etawah_189_20231112T052041_20231112T052318_T44RKQ.tif,14,14,9,EPSG:32644,0.12170255184173584,0.13405001163482666,0.05125429108738899,0.05490000173449516,0.18930000066757202,0.16413980722427368,0.18254999816417694,0.06361902505159378,0.07819999754428864,0.24779999256134033,0.1916821300983429,0.22595000267028809,0.09568849205970764,0.06159999966621399,0.30970001220703125,0.20840714871883392,0.2605000138282776,0.1251753717660904,0.042899999767541885,0.3619000017642975,0.2651668190956116,0.3275499939918518,0.18778638541698456,0.023600000888109207,0.49140000343322754,0.25178468227386475,0.304099977016449,0.18750537931919098,0.01640000008046627,0.4837000072002411,-0.020387668162584305,-0.17247214913368225,0.20605792105197906,-0.20419390499591827,0.3108433783054352,-0.032788995653390884,-0.2834179997444153,0.36818039417266846,-0.3554076552391052,0.5557476282119751,0.3520408163265306,True,True
190,Etawah_190_20231122T052121_20231122T052116_T44RKQ.tif,20231122T052121_20231122T052116_T44RKQ,2023-11-22,ETAWAH,21-11-2023 09:10,26.74972222,78.98333333,46.0,0.8482610532407407,0.018643,0.0509134856213161,0.0761621340874347,0.0582748030654263,0.047605179967086,0.0210268719783598,0.0149848676119618,0.2309857278281973,0.5675705645132709,3,2,True,DUPLICATE_SENTINEL_ID_REVIEW,190,Etawah_190_20231122T052121_20231122T052116_T44RKQ.tif,14,14,9,EPSG:32644,0.1380040943622589,0.1488499939441681,0.0420004241168499,0.07440000027418137,0.19679999351501465,0.17914694547653198,0.19244998693466187,0.053585778921842575,0.10140000283718109,0.24740000069141388,0.20975661277770996,0.2391500025987625,0.08475112915039062,0.08789999783039093,0.3158999979496002,0.21498622000217438,0.264849990606308,0.12107595801353455,0.04960000142455101,0.36899998784065247,0.28000563383102417,0.36629998683929443,0.1928343027830124,0.025299999862909317,0.5094000101089478,0.26277604699134827,0.3378499746322632,0.19029377400875092,0.016100000590085983,0.49300000071525574,0.0024485685862600803,-0.1578664481639862,0.21924491226673126,-0.2066655308008194,0.3685534596443176,-0.017389608547091484,-0.29695484042167664,0.3958870768547058,-0.3563763201236725,0.6235119104385376,0.3622448979591837,True,True
191,Etawah_191_20231202T052151_20231202T052152_T44RKQ.tif,20231202T052151_20231202T052152_T44RKQ,2023-12-02,ETAWAH,01-12-2023 09:20,26.74972222,78.98333333,19.0,0.841269050925926,10.253151,0.0481052369446712,0.0750880349712731,0.0579051097633678,0.0813117547019443,0.0331696226662192,0.0173648791146456,-0.0403126701914827,0.3864079713276042,2,1,True,OK,191,Etawah_191_20231202T052151_20231202T052152_T44RKQ.tif,14,14,9,EPSG:32644,0.10937346518039703,0.08740000426769257,0.058510925620794296,0.03519999980926514,0.19589999318122864,0.1591046005487442,0.13190001249313354,0.06585285067558289,0.08020000159740448,0.2572000026702881,0.1810096800327301,0.15880000591278076,0.09628347307443619,0.06700000166893005,0.3151000142097473,0.17265306413173676,0.15205000340938568,0.12128178030252457,0.03689999878406525,0.3440999984741211,0.23160457611083984,0.17374999821186066,0.19684666395187378,0.02630000002682209,0.5044999718666077,0.2121637463569641,0.12639999389648438,0.19680026173591614,0.014499999582767487,0.49390000104904175,0.07794951647520065,-0.04053664952516556,0.22654083371162415,-0.1871657818555832,0.4274924397468567,0.05291927978396416,-0.13315033912658691,0.3748246431350708,-0.35768812894821167,0.5471100807189941,0.4744897959183674,True,True
192,Etawah_192_20231212T052221_20231212T052217_T44RKQ.tif,20231212T052221_20231212T052217_T44RKQ,2023-12-12,ETAWAH,11-12-2023 08:30,26.74972222,78.98333333,18.0,0.8760295601851852,0.000438,0.0425534488733958,0.0616704956124964,0.0445961715026364,0.0567001403070281,0.0244121623625622,0.015759501731687,0.0419573192691812,0.4327910823143415,3,1,True,OK,192,Etawah_192_20231212T052221_20231212T052217_T44RKQ.tif,14,14,9,EPSG:32644,0.10093317180871964,0.07954999804496765,0.052277132868766785,0.04500000178813934,0.1843000054359436,0.1418658047914505,0.11755000054836273,0.0654485896229744,0.07029999792575836,0.24320000410079956,0.161643385887146,0.13244999945163727,0.09689176827669144,0.05559999868273735,0.30660000443458557,0.17356479167938232,0.14965000748634338,0.1280975639820099,0.03189999982714653,0.366100013256073,0.20738981664180756,0.12960000336170197,0.18688175082206726,0.019500000402331352,0.49059998989105225,0.1885351985692978,0.09395000338554382,0.18387368321418762,0.013199999928474426,0.4778999984264374,0.0302380733191967,-0.11609895527362823,0.23743247985839844,-0.2132684290409088,0.4065116345882416,0.06914673000574112,-0.06138085946440697,0.3825366199016571,-0.34928491711616516,0.589905321598053,0.4846938775510204,True,True
193,Etawah_193_20231212T052221_20231212T052217_T44RKQ.tif,20231212T052221_20231212T052217_T44RKQ,2023-12-12,ETAWAH,11-12-2023 08:30,26.74972222,78.98333333,18.0,0.8760295601851852,0.000438,0.0425534488733958,0.0616704956124964,0.0445961715026364,0.0567001403070281,0.0244121623625622,0.015759501731687,0.0419573192691812,0.4327910823143415,3,1,True,OK,193,Etawah_193_20231212T052221_20231212T052217_T44RKQ.tif,14,14,9,EPSG:32644,0.10093317180871964,0.07954999804496765,0.052277132868766785,0.04500000178813934,0.1843000054359436,0.1418658047914505,0.11755000054836273,0.0654485896229744,0.07029999792575836,0.24320000410079956,0.161643385887146,0.13244999945163727,0.09689176827669144,0.05559999868273735,0.30660000443458557,0.17356479167938232,0.14965000748634338,0.1280975639820099,0.03189999982714653,0.366100013256073,0.20738981664180756,0.12960000336170197,0.18688175082206726,0.019500000402331352,0.49059998989105225,0.1885351985692978,0.09395000338554382,0.18387368321418762,0.013199999928474426,0.4778999984264374,0.0302380733191967,-0.11609895527362823,0.23743247985839844,-0.2132684290409088,0.4065116345882416,0.06914673000574112,-0.06138085946440697,0.3825366199016571,-0.34928491711616516,0.589905321598053,0.4846938775510204,True,True
194,Etawah_194_20240111T052201_20240111T052201_T44RKQ.tif,20240111T052201_20240111T052201_T44RKQ,2024-01-11,ETAWAH,11-01-2024 21:20,26.74972222,78.98333333,9.0,0.6586985763888888,12.813301,0.7249190463256595,0.7147856675977777,0.7171405718938724,0.7472301401399277,0.6584495885113071,0.5645136528539364,-0.0223498065412665,0.0405711872395136,2,1,True,OK,194,Etawah_194_20240111T052201_20240111T052201_T44RKQ.tif,14,14,9,EPSG:32644,0.2356107085943222,0.24455000460147858,0.07529212534427643,0.10090000182390213,0.3896999955177307,0.2571408152580261,0.26330000162124634,0.07185098528862,0.1251000016927719,0.39649999141693115,0.26482701301574707,0.27239999175071716,0.0760788768529892,0.12049999833106995,0.4203999936580658,0.26748520135879517,0.2796500027179718,0.08453232049942017,0.10000000149011612,0.4336000084877014,0.23843060433864594,0.24700000882148743,0.09246006608009338,0.07609999924898148,0.40230000019073486,0.19544541835784912,0.1919499933719635,0.09162639826536179,0.05090000107884407,0.35010001063346863,-0.01162146870046854,-0.017192112281918526,0.05927981063723564,-0.14866109192371368,0.122036874294281,0.061547014862298965,0.05634094774723053,0.12308092415332794,-0.1991434544324875,0.27657774090766907,0.5714285714285714,True,True
195,Etawah_195_20240210T051951_20240210T052850_T44RKQ.tif,20240210T051951_20240210T052850_T44RKQ,2024-02-10,ETAWAH,12-02-2024 09:00,26.74972222,78.98333333,22.0,2.144790891203704,3.6e-05,0.0369169343984476,0.0495679900747606,0.0411553911823854,0.0360700171278277,0.0133308839713126,0.0101293638295615,0.1592411400848866,0.5748141831760337,2,1,True,OK,195,Etawah_195_20240210T051951_20240210T052850_T44RKQ.tif,14,14,9,EPSG:32644,0.09911581873893738,0.06989999860525131,0.062073349952697754,0.03420000150799751,0.19140000641345978,0.1438204050064087,0.10944999754428864,0.0766659751534462,0.05979999899864197,0.26030001044273376,0.164182648062706,0.12255000323057175,0.11285887658596039,0.03750000149011612,0.33070001006126404,0.1836249828338623,0.15755000710487366,0.1498972624540329,0.016200000420212746,0.39079999923706055,0.2043658345937729,0.1451999992132187,0.18804146349430084,0.008700000122189522,0.4648999869823456,0.1917913854122162,0.10690000653266907,0.1835394948720932,0.007799999788403511,0.4560999870300293,0.07677007466554642,-0.1795923411846161,0.32866159081459045,-0.23589591681957245,0.6000000238418579,0.1335143893957138,-0.14421850442886353,0.44573673605918884,-0.3255419135093689,0.7593361139297485,0.4744897959183674,True,True
196,Etawah_196_20240220T051841_20240220T052240_T44RKQ.tif,20240220T051841_20240220T052240_T44RKQ,2024-02-20,ETAWAH,21-02-2024 09:10,26.74972222,78.98333333,19.0,1.151717476851852,0.070677,0.0304484797572415,0.0545314756701364,0.050021297862619,0.0704288009720904,0.059893496566859,0.0461331082550968,-0.1195547089656093,-0.0544866177718726,2,1,True,OK,196,Etawah_196_20240220T051841_20240220T052240_T44RKQ.tif,14,14,9,EPSG:32644,0.10833265632390976,0.08834999799728394,0.07591976970434189,0.021800000220537186,0.20800000429153442,0.1632428616285324,0.1396999955177307,0.08743131905794144,0.06109999865293503,0.27900001406669617,0.1855606883764267,0.1632000058889389,0.11911696195602417,0.042100001126527786,0.3440999984741211,0.2015683501958847,0.20340000092983246,0.14113907516002655,0.03310000151395798,0.382099986076355,0.2365494966506958,0.22255000472068787,0.16891030967235565,0.045899998396635056,0.45019999146461487,0.21913161873817444,0.18724998831748962,0.16438576579093933,0.04010000079870224,0.4325000047683716,0.0015149310929700732,-0.1437264084815979,0.19762979447841644,-0.20949868857860565,0.31682145595550537,-0.0792291909456253,-0.20770926773548126,0.18179360032081604,-0.2949880063533783,0.28358209133148193,0.37244897959183676,True,True
197,Etawah_197_20240311T051651_20240311T053119_T44RKQ.tif,20240311T051651_20240311T053119_T44RKQ,,,,,,,,,,,,,,,,,1,0,False,NO_CWC_METADATA,197,Etawah_197_20240311T051651_20240311T053119_T44RKQ.tif,14,14,9,EPSG:32644,0.09671786427497864,0.08269999921321869,0.04450640454888344,0.04010000079870224,0.15870000422000885,0.13692601025104523,0.1221500039100647,0.052989013493061066,0.06859999895095825,0.20669999718666077,0.1531178504228592,0.14765000343322754,0.07940541952848434,0.05130000039935112,0.25600001215934753,0.1734892725944519,0.18119999766349792,0.10131656378507614,0.04149999842047691,0.299699991941452,0.19647397100925446,0.19374999403953552,0.12027336657047272,0.0502999983727932,0.3529999852180481,0.1747010350227356,0.15779998898506165,0.11313226073980331,0.04089999943971634,0.32429999113082886,-0.04561292752623558,-0.16579271852970123,0.15930356085300446,-0.21744705736637115,0.25560539960861206,-0.0968623086810112,-0.2010364532470703,0.17134034633636475,-0.3086306154727936,0.2236194610595703,0.3877551020408163,False,True
198,Etawah_198_20240321T051651_20240321T053116_T44RKQ.tif,20240321T051651_20240321T053116_T44RKQ,2024-03-21,ETAWAH,21-03-2024 09:30,26.74972222,78.98333333,9.0,0.1655700347222222,5.146705,0.030692567449191,0.0535054476868764,0.0397926801836604,0.0310866694697095,0.0193094032429062,0.0166075874386388,0.2650227060747073,0.4700040107316061,2,1,True,OK,198,Etawah_198_20240321T051651_20240321T053116_T44RKQ.tif,14,14,9,EPSG:32644,0.11825510859489441,0.11834999918937683,0.06190347298979759,0.03420000150799751,0.19750000536441803,0.1687515377998352,0.17065000534057617,0.07317005097866058,0.07180000096559525,0.26339998841285706,0.19319285452365875,0.20649999380111694,0.10884582251310349,0.04650000110268593,0.32670000195503235,0.20658212900161743,0.24195000529289246,0.13672994077205658,0.024399999529123306,0.37070000171661377,0.24578265845775604,0.2755500078201294,0.17314007878303528,0.027699999511241913,0.45730000734329224,0.22623620927333832,0.24979999661445618,0.16625787317752838,0.024800000712275505,0.43299999833106995,0.02311290055513382,-0.1583232283592224,0.24627549946308136,-0.1987966001033783,0.5090543627738953,-0.030350081622600555,-0.2267724722623825,0.28923532366752625,-0.314726859331131,0.4713740646839142,0.3469387755102041,True,True
199,Etawah_199_20240331T051651_20240331T052929_T44RKQ.tif,20240331T051651_20240331T052929_T44RKQ,2024-03-31,ETAWAH,01-04-2024 08:35,26.74972222,78.98333333,14.0,1.1273982291666669,0.000113,0.0344945246834614,0.0521484657394204,0.0376401747323085,0.0578068693394999,0.032799943700288,0.0226317144275395,-0.0502270502841932,0.2274336934714737,2,1,True,OK,199,Etawah_199_20240331T051651_20240331T052929_T44RKQ.tif,14,14,9,EPSG:32644,0.11159949749708176,0.11710000038146973,0.06039024144411087,0.037300001829862595,0.18559999763965607,0.15674643218517303,0.16144999861717224,0.07122921198606491,0.0681999996304512,0.2433999925851822,0.18152855336666107,0.19814999401569366,0.10488375276327133,0.04820000007748604,0.30820000171661377,0.20345866680145264,0.2425999939441681,0.1320667266845703,0.037300001829862595,0.3598000109195709,0.24002550542354584,0.2745000123977661,0.17062635719776154,0.03310000151395798,0.435699999332428,0.23000101745128632,0.2495500147342682,0.1719883233308792,0.024299999698996544,0.4345000088214874,-0.025055574253201485,-0.17905810475349426,0.20510253310203552,-0.22174039483070374,0.31028205156326294,-0.058039188385009766,-0.2508917450904846,0.27198338508605957,-0.3262163996696472,0.36612021923065186,0.35714285714285715,True,True
200,Etawah_200_20240420T051651_20240420T052641_T44RKQ.tif,20240420T051651_20240420T052641_T44RKQ,2024-04-20,ETAWAH,22-04-2024 09:30,26.74972222,78.98333333,27.0,2.165543726851852,15.7132,0.0770367958115179,0.0992666947328158,0.0965757325610464,0.1411585025898357,0.1346287300646607,0.1052114580252401,-0.1786983782480059,-0.1491926128741119,2,1,True,OK,200,Etawah_200_20240420T051651_20240420T052641_T44RKQ.tif,14,14,9,EPSG:32644,0.13648827373981476,0.1619499921798706,0.05312851443886757,0.05570000037550926,0.195700004696846,0.18523827195167542,0.21085000038146973,0.05784747377038002,0.10040000081062317,0.25110000371932983,0.21691633760929108,0.2575500011444092,0.0836661085486412,0.08810000121593475,0.3100999891757965,0.24764645099639893,0.30114999413490295,0.10543110221624374,0.0877000018954277,0.3635999858379364,0.27873674035072327,0.341949999332428,0.12516666948795319,0.09279999881982803,0.4147999882698059,0.25843316316604614,0.3204500079154968,0.12634147703647614,0.0763000026345253,0.3986999988555908,-0.11073195189237595,-0.17073288559913635,0.09626923501491547,-0.21118010580539703,0.07180570065975189,-0.1592925488948822,-0.23174580931663513,0.11687975376844406,-0.2923147976398468,0.060336291790008545,0.23469387755102042,True,True
201,Etawah_201_20240430T051651_20240430T053056_T44RKQ.tif,20240430T051651_20240430T053056_T44RKQ,2024-04-30,ETAWAH,01-05-2024 08:40,26.74972222,78.98333333,29.0,1.1308285300925929,0.000182,0.1021113589952431,0.1243142729985888,0.1296464657822103,0.1501049684687845,0.16916652759621,0.1475685812209875,-0.0987238150387834,-0.1494113506407368,2,1,True,OK,201,Etawah_201_20240430T051651_20240430T053056_T44RKQ.tif,14,14,9,EPSG:32644,0.15415459871292114,0.19155000150203705,0.0607890747487545,0.05420000106096268,0.21739999949932098,0.21005254983901978,0.24904999136924744,0.0666348934173584,0.10260000079870224,0.2797999978065491,0.25081580877304077,0.3050000071525574,0.09584226459264755,0.09399999678134918,0.35120001435279846,0.2583734691143036,0.33009999990463257,0.12075713276863098,0.0658000037074089,0.37950000166893005,0.30460917949676514,0.39375001192092896,0.14187826216220856,0.08529999852180481,0.4440000057220459,0.2848148047924042,0.36695000529289246,0.1403140425682068,0.07329999655485153,0.42579999566078186,-0.049494605511426926,-0.1389995813369751,0.1448068916797638,-0.18090954422950745,0.246857151389122,-0.13059355318546295,-0.2159366011619568,0.14355069398880005,-0.2981272041797638,0.16812528669834137,0.25510204081632654,True,True
202,Etawah_202_20240510T051651_20240510T052922_T44RKQ.tif,20240510T051651_20240510T052922_T44RKQ,2024-05-10,ETAWAH,11-05-2024 20:36,26.74972222,78.98333333,25.0,1.6280491782407407,2e-05,0.0839878238741778,0.112068764247663,0.1245180030787565,0.1057045890350285,0.163751972181647,0.1429415683603954,0.0637541799665127,-0.1703502884944543,2,1,True,OK,202,Etawah_202_20240510T051651_20240510T052922_T44RKQ.tif,14,14,9,EPSG:32644,0.16502143442630768,0.20434999465942383,0.06992175430059433,0.03460000082850456,0.23929999768733978,0.22835612297058105,0.27354997396469116,0.07757578790187836,0.08529999852180481,0.30959999561309814,0.288109689950943,0.35234999656677246,0.11103186756372452,0.0812000036239624,0.4000999927520752,0.25495508313179016,0.3445500135421753,0.13901373744010925,0.008100000210106373,0.387800008058548,0.3325938880443573,0.4384499788284302,0.16209857165813446,0.060100000351667404,0.482699990272522,0.3126291036605835,0.4175499975681305,0.15574637055397034,0.055399999022483826,0.4609000086784363,0.04478573426604271,-0.10313306748867035,0.2456631362438202,-0.1489836871623993,0.8265524506568909,-0.12145715206861496,-0.214827761054039,0.1726301908493042,-0.30752450227737427,0.2588699162006378,0.25,True,True
203,Etawah_203_20240530T051651_20240530T053020_T44RKQ.tif,20240530T051651_20240530T053020_T44RKQ,2024-05-30,ETAWAH,01-06-2024 08:40,26.74972222,78.98333333,19.4,2.130830243055556,43.092409,0.1305321647485651,0.1654576018079276,0.1714708341845639,0.1999882339071986,0.2210411760989611,0.183143500366609,-0.0931058273622388,-0.1406501658860728,2,1,True,OK,203,Etawah_203_20240530T051651_20240530T053020_T44RKQ.tif,14,14,9,EPSG:32644,0.20384132862091064,0.22664999961853027,0.037222739309072495,0.12870000302791595,0.23890000581741333,0.26451683044433594,0.2903999984264374,0.04404878243803978,0.17309999465942383,0.30709999799728394,0.30697551369667053,0.3397499918937683,0.06304415315389633,0.1843000054359436,0.36910000443458557,0.3279433846473694,0.3779500126838684,0.08379298448562622,0.17229999601840973,0.40849998593330383,0.3872296214103699,0.42524999380111694,0.08705751597881317,0.18799999356269836,0.4713999927043915,0.3508734703063965,0.3788500130176544,0.07321058958768845,0.16439999639987946,0.43720000982284546,-0.09482180327177048,-0.12964844703674316,0.06334663927555084,-0.15456236898899078,0.12571896612644196,-0.17977182567119598,-0.20211204886436462,0.06782608479261398,-0.33445191383361816,0.020323118194937706,0.04591836734693878,True,True
204,Etawah_204_20240609T051701_20240609T052940_T44RKQ.tif,20240609T051701_20240609T052940_T44RKQ,2024-06-09,ETAWAH,11-06-2024 08:40,26.74972222,78.98333333,14.0,2.1307916319444447,0.097269,0.0828280689305969,0.1109045886142003,0.114834755862568,0.1307473118293208,0.1621292656033744,0.133308403718344,-0.0775848913967042,-0.1893583247301731,2,1,True,OK,204,Etawah_204_20240609T051701_20240609T052940_T44RKQ.tif,14,14,9,EPSG:32644,0.17593315243721008,0.20354999601840973,0.04932312294840813,0.07609999924898148,0.2282000035047531,0.23469847440719604,0.2677000164985657,0.057116732001304626,0.11490000039339066,0.29490000009536743,0.2804734408855438,0.32784998416900635,0.08211361616849899,0.12549999356269836,0.36039999127388,0.2799862325191498,0.3385000228881836,0.10012903064489365,0.09880000352859497,0.37450000643730164,0.33639028668403625,0.4136500060558319,0.12918618321418762,0.11429999768733978,0.45089998841285706,0.311705619096756,0.39294999837875366,0.1282123625278473,0.09839999675750732,0.42800000309944153,-0.061674438416957855,-0.11558778584003448,0.09875614941120148,-0.15853656828403473,0.20201238989830017,-0.1415768712759018,-0.2109966278076172,0.12502217292785645,-0.29517436027526855,0.13492345809936523,0.20408163265306123,True,True
205,Etawah_205_20240619T051701_20240619T052437_T44RKQ.tif,20240619T051701_20240619T052437_T44RKQ,2024-06-19,ETAWAH,21-06-2024 08:40,26.74972222,78.98333333,16.3,2.1307983449074075,7.99494,0.128843806842384,0.1608326860906992,0.1635214532043802,0.1845407664129796,0.2116275901092334,0.1748681995023445,-0.0650526180218114,-0.1322509513010044,2,1,True,OK,205,Etawah_205_20240619T051701_20240619T052437_T44RKQ.tif,14,14,9,EPSG:32644,0.18122857809066772,0.20645000040531158,0.04465654119849205,0.09200000017881393,0.22859999537467957,0.237527534365654,0.26635000109672546,0.052581943571567535,0.13519999384880066,0.290800005197525,0.27947449684143066,0.32134997844696045,0.07362131774425507,0.14659999310970306,0.3528999984264374,0.28408879041671753,0.33614999055862427,0.08718648552894592,0.12680000066757202,0.3686000108718872,0.3372454345226288,0.40735000371932983,0.11606395989656448,0.13510000705718994,0.4406000077724457,0.30469080805778503,0.37610000371932983,0.1148764118552208,0.11100000143051147,0.40869998931884766,-0.0729486420750618,-0.10960111767053604,0.0698980763554573,-0.13295795023441315,0.12181878834962845,-0.1465202122926712,-0.20309770107269287,0.10034165531396866,-0.2551724314689636,0.07769253849983215,0.17346938775510204,True,True
206,Etawah_206_20240624T051659_20240624T052822_T44RKQ.tif,20240624T051659_20240624T052822_T44RKQ,,,,,,,,,,,,,,,,,1,0,False,NO_CWC_METADATA,206,Etawah_206_20240624T051659_20240624T052822_T44RKQ.tif,14,14,9,EPSG:32644,0.22769437730312347,0.24489998817443848,0.030451951548457146,0.16380000114440918,0.26579999923706055,0.2614958882331848,0.2831000089645386,0.03689621016383171,0.1881999969482422,0.30300000309944153,0.29166531562805176,0.32600000500679016,0.05923787131905556,0.17239999771118164,0.3564999997615814,0.30987146496772766,0.3607499897480011,0.08429902791976929,0.14219999313354492,0.39480000734329224,0.36092647910118103,0.45055001974105835,0.14003412425518036,0.10939999669790268,0.49230000376701355,0.3547663390636444,0.4582499861717224,0.16043131053447723,0.07940000295639038,0.5134999752044678,-0.06739113479852676,-0.11954228579998016,0.0860002338886261,-0.14277170598506927,0.14748205244541168,-0.11017186939716339,-0.2242174744606018,0.18116401135921478,-0.2726556360721588,0.27260640263557434,0.28061224489795916,False,True
207,Etawah_207_20240709T051651_20240709T053028_T44RKQ.tif,20240709T051651_20240709T053028_T44RKQ,2024-07-09,ETAWAH,11-07-2024 08:40,26.74972222,78.98333333,109.0,2.1308225810185184,56.074959,0.085339287961917,0.1108871054004978,0.0826253945591045,0.0908847274038487,0.0332929195431354,0.022481461462506,0.0992179122587733,0.5381781060693299,2,1,True,OK,207,Etawah_207_20240709T051651_20240709T053028_T44RKQ.tif,14,14,9,EPSG:32644,0.17603878676891327,0.15520000457763672,0.058410391211509705,0.11060000211000443,0.3968000113964081,0.1891239732503891,0.16875000298023224,0.04869162663817406,0.14169999957084656,0.37400001287460327,0.20189489424228668,0.18709999322891235,0.03905237838625908,0.15880000591278076,0.35199999809265137,0.20956426858901978,0.19009999930858612,0.05893390625715256,0.1437000036239624,0.42340001463890076,0.07184132933616638,0.04389999806880951,0.06265362352132797,0.021199999377131462,0.29739999771118164,0.05205152928829193,0.03074999898672104,0.046922966837882996,0.014800000004470348,0.23170000314712524,-0.0484088696539402,-0.05346508324146271,0.03339744731783867,-0.10380205512046814,0.02918483130633831,0.5235224962234497,0.5947278738021851,0.18610714375972748,0.08733867108821869,0.7537747025489807,1.0,True,True
208,Etawah_208_20240823T051649_20240823T052843_T44RKQ.tif,20240823T051649_20240823T052843_T44RKQ,2024-08-23,ETAWAH,21-08-2024 08:45,26.74972222,78.98333333,18.4,1.865660671296296,52.504051,0.1481705805379058,0.1598849667399819,0.1456949891929456,0.1281788010760588,0.0495910623382466,0.0343246477297381,0.1103746951557695,0.5269710348314934,2,1,True,OK,208,Etawah_208_20240823T051649_20240823T052843_T44RKQ.tif,14,14,9,EPSG:32644,0.1272658109664917,0.1274999976158142,0.005218628793954849,0.11010000109672546,0.1395999938249588,0.16592347621917725,0.16680000722408295,0.006176052615046501,0.13910000026226044,0.1784999966621399,0.1952928751707077,0.19629999995231628,0.006783905439078808,0.15929999947547913,0.20649999380111694,0.13511428236961365,0.1352500021457672,0.005139443092048168,0.10790000110864639,0.1444000005722046,0.028941838070750237,0.0284000001847744,0.001695306971669197,0.02590000070631504,0.033399999141693115,0.019144389778375626,0.01850000023841858,0.0017143808072432876,0.016100000590085983,0.02419999986886978,0.10236428678035736,0.10245373845100403,0.006202668882906437,0.08639384061098099,0.1326366513967514,0.703077495098114,0.704892635345459,0.009384802542626858,0.6733967065811157,0.7199592590332031,1.0,True,True
