patch_number,patch_filename,sentinel2_id,satellite_date,station,cwc_datetime,latitude,longitude,turbidity_NTU,days_difference,cloud_percentage,B2,B3,B4,B8,B11,B12,NDWI,MNDWI,sentinel_patch_count,candidate_cwc_records,duplicate_sentinel_id,linkage_status,patch,patch_file,patch_width,patch_height,num_bands,crs,B2_mean,B2_median,B2_std,B2_min,B2_max,B3_mean,B3_median,B3_std,B3_min,B3_max,B4_mean,B4_median,B4_std,B4_min,B4_max,B8_mean,B8_median,B8_std,B8_min,B8_max,B11_mean,B11_median,B11_std,B11_min,B11_max,B12_mean,B12_median,B12_std,B12_min,B12_max,NDWI_mean,NDWI_median,NDWI_std,NDWI_min,NDWI_max,MNDWI_mean,MNDWI_median,MNDWI_std,MNDWI_min,MNDWI_max,water_fraction,has_turbidity_label,has_patch_features,fold,observed_turbidity,predicted_turbidity,residual,absolute_error,relative_error_percent,absolute_relative_error_percent,underpredicted,turbidity_category
49,Etawah_49_20221003T051649_20221003T052253_T44RKQ.tif,20221003T051649_20221003T052253_T44RKQ,2022-10-03,ETAWAH,01-10-2022 08:30,26.74972222,78.98333333,344.0,1.876067164351852,13.458627,0.0999217062112498,0.1234432152485022,0.1330124991253723,0.1127082911689203,0.0351119937180113,0.0251436513751065,0.0456389926789802,0.5571063819450437,2,1,True,OK,49,Etawah_49_20221003T051649_20221003T052253_T44RKQ.tif,13,14,9,EPSG:32644,0.0897192284464836,0.09825000166893,0.018021073192358,0.0527999997138977,0.1177999973297119,0.1141401156783104,0.122699998319149,0.0197432842105627,0.0710000023245811,0.1568000018596649,0.1143362671136856,0.1319499909877777,0.0331012941896915,0.0454000011086463,0.1683000028133392,0.1697868108749389,0.1177500039339065,0.0901760831475257,0.0834999978542327,0.3702000081539154,0.0815500020980835,0.0389499999582767,0.0663255453109741,0.0308999996632337,0.3145000040531158,0.0500208772718906,0.0282000005245208,0.0407149605453014,0.0222999993711709,0.2730000019073486,-0.1267338693141937,0.0236147791147232,0.2767122387886047,-0.6416938304901123,0.2707423865795135,0.2622250020503998,0.5189192295074463,0.3945963680744171,-0.4168618321418762,0.6118090152740479,0.7252747252747253,True,True,4,344.0,86.46146530849842,257.5385346915016,257.5385346915016,74.86585310799465,74.86585310799465,True,≥100 NTU
154,Etawah_154_20221003T051649_20221003T052253_T44RKQ.tif,20221003T051649_20221003T052253_T44RKQ,2022-10-03,ETAWAH,01-10-2022 08:30,26.74972222,78.98333333,344.0,1.876067164351852,13.458627,0.0999217062112498,0.1234432152485022,0.1330124991253723,0.1127082911689203,0.0351119937180113,0.0251436513751065,0.0456389926789802,0.5571063819450437,2,1,True,OK,154,Etawah_154_20221003T051649_20221003T052253_T44RKQ.tif,14,14,9,EPSG:32644,0.0825693979859352,0.0826499983668327,0.0014763724757358,0.0794999971985817,0.0860000029206276,0.1142918318510055,0.1142000034451484,0.0013971673324704,0.1108999997377395,0.1186999976634979,0.0952051058411598,0.0952000021934509,0.0011567791225388,0.091399997472763,0.0979999974370002,0.0311586707830429,0.030749998986721,0.0016772719100117,0.0286999996751546,0.0370999984443187,0.0270571447908878,0.0265999995172023,0.001173821510747,0.0252999998629093,0.032999999821186,0.023348981514573,0.0232999995350837,0.0012368693714961,0.0203000009059906,0.0315000005066394,0.5717642903327942,0.5741446614265442,0.0168906264007091,0.5137615203857422,0.5997239351272583,0.6172364950180054,0.6210463047027588,0.0135022494941949,0.5576407313346863,0.6363636255264282,1.0,True,True,4,344.0,89.28726898882509,254.71273101117492,254.71273101117492,74.04439854976015,74.04439854976015,True,≥100 NTU
77,Etawah_77_20230903T051701_20230903T053110_T44RKQ.tif,20230903T051701_20230903T053110_T44RKQ,2023-09-03,ETAWAH,01-09-2023 09:00,26.74972222,78.98333333,230.0,1.8553121527777776,1.039313,0.0873741691141297,0.1248630909343577,0.1443896970736819,0.1015588125299981,0.0446489026569677,0.0324665118309853,0.1030441868613969,0.4734253233072122,2,1,True,OK,77,Etawah_77_20230903T051701_20230903T053110_T44RKQ.tif,13,14,9,EPSG:32644,0.0744406506419181,0.0860999971628189,0.0241543781012296,0.0222999993711709,0.126800000667572,0.112580768764019,0.1238999962806701,0.0244494248181581,0.0593999996781349,0.1738000065088272,0.1199192181229591,0.1432999968528747,0.0416701436042785,0.0337000004947185,0.2071000039577484,0.1795549541711807,0.1069499999284744,0.1116503775119781,0.0943000018596649,0.4253000020980835,0.1058802157640457,0.0609499998390674,0.0728252232074737,0.0403000004589557,0.3133000135421753,0.0680439621210098,0.0403499975800514,0.0513072088360786,0.0297999996691942,0.2865999937057495,-0.1317294538021087,0.0795074924826622,0.3194119930267334,-0.7286707162857056,0.1332720518112182,0.1204080283641815,0.3468812704086303,0.3879317045211792,-0.5064395666122437,0.5067319273948669,0.6153846153846154,True,True,2,230.0,48.78685149193952,181.21314850806047,181.21314850806047,78.78832543828716,78.78832543828716,True,≥100 NTU
182,Etawah_182_20230903T051701_20230903T053110_T44RKQ.tif,20230903T051701_20230903T053110_T44RKQ,2023-09-03,ETAWAH,01-09-2023 09:00,26.74972222,78.98333333,230.0,1.8553121527777776,1.039313,0.0873741691141297,0.1248630909343577,0.1443896970736819,0.1015588125299981,0.0446489026569677,0.0324665118309853,0.1030441868613969,0.4734253233072122,2,1,True,OK,182,Etawah_182_20230903T051701_20230903T053110_T44RKQ.tif,14,14,9,EPSG:32644,0.0908908173441886,0.0640999972820282,0.0449947342276573,0.0588999986648559,0.2016000002622604,0.1404755115509033,0.1099999994039535,0.051217995584011,0.1033999994397163,0.2680999934673309,0.1468790769577026,0.0966500043869018,0.0839979499578476,0.0839999988675117,0.3350000083446502,0.0981601998209953,0.0203999988734722,0.118229255080223,0.0119000002741813,0.3406000137329101,0.1328882575035095,0.0424499996006488,0.1404743641614914,0.0333999991416931,0.4347999989986419,0.114860713481903,0.0327499993145465,0.1315600872039795,0.0258000008761882,0.4113000035285949,0.4350477457046509,0.6825907826423645,0.3944585919380188,-0.1547248065471649,0.8001679182052612,0.2343374490737915,0.4375972747802734,0.3174217641353607,-0.291527658700943,0.5252310037612915,0.6785714285714286,True,True,2,230.0,147.15084290582664,82.84915709417336,82.84915709417336,36.02137264964059,36.02137264964059,True,≥100 NTU
48,Etawah_48_20220903T051649_20220903T052701_T44RKQ.tif,20220903T051649_20220903T052701_T44RKQ,2022-09-03,ETAWAH,01-09-2022 08:50,26.74972222,78.98333333,167.0,1.862210891203704,22.696407,0.0768572069255651,0.1061881621261253,0.1084617963060736,0.0457277589494379,0.0309748451945451,0.0222599799668747,0.3981752399866983,0.5485048386947932,2,1,True,OK,48,Etawah_48_20220903T051649_20220903T052701_T44RKQ.tif,13,14,9,EPSG:32644,0.0662659332156181,0.0751499980688095,0.0186977293342351,0.0234999991953372,0.0873000025749206,0.0967269316315651,0.1045999974012374,0.0188638232648372,0.0515000000596046,0.1237000003457069,0.0943285748362541,0.1088500022888183,0.02989455871284,0.0296999998390674,0.1307999938726425,0.1361538469791412,0.0595999993383884,0.1198309808969497,0.0401999987661838,0.4110000133514404,0.0936280265450477,0.0505499988794326,0.0691479668021202,0.0278999991714954,0.2261999994516372,0.0586499944329261,0.0363500006496906,0.0422649160027504,0.0188999995589256,0.1703999936580658,0.0192037262022495,0.2794096767902374,0.429420530796051,-0.7475869059562683,0.4661354720592499,0.1382106691598892,0.349636971950531,0.4292440414428711,-0.5674111247062683,0.5858511328697205,0.5989010989010989,True,True,5,167.0,43.363294282198666,123.63670571780133,123.63670571780133,74.03395551964151,74.03395551964151,True,≥100 NTU
153,Etawah_153_20220903T051649_20220903T052701_T44RKQ.tif,20220903T051649_20220903T052701_T44RKQ,2022-09-03,ETAWAH,01-09-2022 08:50,26.74972222,78.98333333,167.0,1.862210891203704,22.696407,0.0768572069255651,0.1061881621261253,0.1084617963060736,0.0457277589494379,0.0309748451945451,0.0222599799668747,0.3981752399866983,0.5485048386947932,2,1,True,OK,153,Etawah_153_20220903T051649_20220903T052701_T44RKQ.tif,14,14,9,EPSG:32644,0.0881178528070449,0.0882999971508979,0.0017490340396761,0.0834999978542327,0.091899998486042,0.1367867290973663,0.1368999928236007,0.0012955293059349,0.1331000030040741,0.1403000056743621,0.1643765270709991,0.1645999997854232,0.001501346589066,0.1606999933719635,0.1682000011205673,0.0551540814340114,0.0555999986827373,0.0029324595816433,0.0465000011026859,0.0610000006854534,0.0216698981821537,0.0215000007301569,0.000822739326395,0.0198999997228384,0.0255999993532896,0.0169688779860734,0.0167999994009733,0.00069912528852,0.0143999997526407,0.0197000000625848,0.4256170690059662,0.421120673418045,0.0219484083354473,0.38655886054039,0.4929116368293762,0.7265169024467468,0.7281923294067383,0.0091524748131632,0.6851168274879456,0.7453615069389343,1.0,True,True,5,167.0,88.4934044849401,78.5065955150599,78.5065955150599,47.009937434167604,47.009937434167604,True,≥100 NTU
180,Etawah_180_20230720T051659_20230720T052825_T44RKQ.tif,20230720T051659_20230720T052825_T44RKQ,2023-07-20,ETAWAH,21-07-2023 11:55,26.74972222,78.98333333,148.0,1.2662096296296297,47.023168,0.157427759808572,0.1877766905461547,0.2101825457779472,0.1544359797603442,0.0612379511915826,0.0541345572391701,0.0970125418751047,0.5092297104304774,2,1,True,OK,180,Etawah_180_20230720T051659_20230720T052825_T44RKQ.tif,14,14,9,EPSG:32644,0.4910458922386169,0.3609499931335449,0.3303485214710235,0.1370999962091446,1.0978000164031982,0.4862055778503418,0.371500015258789,0.2793682515621185,0.157600000500679,1.010800004005432,0.4849102199077606,0.377700001001358,0.2386499047279358,0.1787000000476837,0.9567000269889832,0.4405801296234131,0.397049993276596,0.2555837035179138,0.1133999973535537,0.8776999711990356,0.3541305959224701,0.3242499828338623,0.2656242847442627,0.0452000014483928,0.7825999855995178,0.3185184001922607,0.2770499885082245,0.2447869926691055,0.0399999991059303,0.7181000113487244,0.0595421902835369,0.0637097209692001,0.0486429296433925,-0.057675801217556,0.1819474250078201,0.2578161060810089,0.1369343250989914,0.1963997930288314,-0.0173731930553913,0.5590828657150269,0.979591836734694,True,True,3,148.0,16.026842397659895,131.9731576023401,131.9731576023401,89.17105243401359,89.17105243401359,True,≥100 NTU
75,Etawah_75_20230720T051659_20230720T052825_T44RKQ.tif,20230720T051659_20230720T052825_T44RKQ,2023-07-20,ETAWAH,21-07-2023 11:55,26.74972222,78.98333333,148.0,1.2662096296296297,47.023168,0.157427759808572,0.1877766905461547,0.2101825457779472,0.1544359797603442,0.0612379511915826,0.0541345572391701,0.0970125418751047,0.5092297104304774,2,1,True,OK,75,Etawah_75_20230720T051659_20230720T052825_T44RKQ.tif,13,14,9,EPSG:32644,0.1227346137166023,0.1308499872684478,0.0426920317113399,0.0434999987483024,0.179199993610382,0.1519302278757095,0.1601999998092651,0.0441187918186187,0.0680000036954879,0.2099000066518783,0.1583197712898254,0.1789499968290329,0.0664874836802482,0.0313000008463859,0.2342000007629394,0.1993186920881271,0.1527000069618225,0.1078924313187599,0.0833000019192695,0.4578999876976013,0.0822390019893646,0.0631999969482421,0.0603267662227153,0.0162000004202127,0.218299999833107,0.0524774715304374,0.0545499995350837,0.0220526214689016,0.0141000002622604,0.1062999963760376,-0.0743257626891136,0.0934686064720153,0.3250676989555359,-0.728068470954895,0.2961554825305938,0.3375145196914673,0.500643253326416,0.4109362661838531,-0.4974838197231293,0.8146452903747559,0.7747252747252747,True,True,3,148.0,69.40917559143955,78.59082440856045,78.59082440856045,53.10190838416246,53.10190838416246,True,≥100 NTU
104,Etawah_104_20240922T051649_20240922T052326_T44RKQ.tif,20240922T051649_20240922T052326_T44RKQ,2024-09-22,ETAWAH,21-09-2024 08:30,26.74972222,78.98333333,128.4,0.8760474537037037,40.162694,0.0960940038250457,0.1204854729134371,0.1335101362489801,0.0688761826143138,0.0088931729939455,0.0076727760154156,0.2728148033330636,0.8626638212417431,1,1,False,OK,104,Etawah_104_20240922T051649_20240922T052326_T44RKQ.tif,13,14,9,EPSG:32644,0.0853115394711494,0.0952999964356422,0.0229214094579219,0.0384999997913837,0.1356000006198883,0.111439548432827,0.1198500022292137,0.0232193693518638,0.0615999996662139,0.17739999294281,0.1122747287154197,0.1333999931812286,0.0426904968917369,0.0273000001907348,0.1935999989509582,0.1625110059976577,0.0779999941587448,0.1287486851215362,0.064699999988079,0.4499000012874603,0.0771412178874015,0.0149499997496604,0.0853694602847099,0.0065000001341104,0.3136000037193298,0.0440093465149402,0.0130000002682209,0.0491239316761493,0.0055999998003244,0.2615000009536743,-0.0337440632283687,0.2168752253055572,0.3843333423137665,-0.7257902026176453,0.311335802078247,0.3820734620094299,0.7747211456298828,0.5523896813392639,-0.5089676976203918,0.898595929145813,0.6923076923076923,True,True,1,128.4,72.18676793836136,56.21323206163865,56.21323206163865,43.779775748939755,43.779775748939755,True,≥100 NTU
51,Etawah_51_20221023T051849_20221023T052729_T44RKQ.tif,20221023T051849_20221023T052729_T44RKQ,2022-10-23,ETAWAH,21-10-2022 08:20,26.74972222,78.98333333,123.0,1.8830214467592592,0.005756,0.0891487468873058,0.111054335490104,0.1216391324189382,0.0972985647669112,0.0288741413982656,0.0197458755445712,0.0661224735333628,0.5876816858344519,2,1,True,OK,51,Etawah_51_20221023T051849_20221023T052729_T44RKQ.tif,13,14,9,EPSG:32644,0.0826280191540718,0.0886000022292137,0.0128409210592508,0.0544999986886978,0.1022000014781951,0.1051763817667961,0.1106500029563903,0.0128572098910808,0.0753000006079673,0.1367000043392181,0.1051368191838264,0.1202500015497207,0.0277842693030834,0.0493000000715255,0.1533000022172927,0.171315923333168,0.1039499938488006,0.1014350354671478,0.0877000018954277,0.3980999886989593,0.091262087225914,0.0547000020742416,0.0722289755940437,0.025000000372529,0.3082000017166137,0.056519228965044,0.0346499979496002,0.0483100935816764,0.0167999994009733,0.262800008058548,-0.1487745940685272,0.0212386026978492,0.2788764536380768,-0.6436828970909119,0.1316831409931183,0.1966669112443924,0.3383528590202331,0.4072372615337372,-0.4288363456726074,0.6358339190483093,0.6208791208791209,True,True,2,123.0,38.683105257975996,84.316894742024,84.316894742024,68.55032092847479,68.55032092847479,True,≥100 NTU
156,Etawah_156_20221023T051849_20221023T052729_T44RKQ.tif,20221023T051849_20221023T052729_T44RKQ,2022-10-23,ETAWAH,21-10-2022 08:20,26.74972222,78.98333333,123.0,1.8830214467592592,0.005756,0.0891487468873058,0.111054335490104,0.1216391324189382,0.0972985647669112,0.0288741413982656,0.0197458755445712,0.0661224735333628,0.5876816858344519,2,1,True,OK,156,Etawah_156_20221023T051849_20221023T052729_T44RKQ.tif,14,14,9,EPSG:32644,0.0713045969605445,0.0712999999523162,0.0018033781088888,0.0672999992966651,0.0767000019550323,0.0879719406366348,0.0879499986767768,0.0017351638525724,0.0826999992132186,0.0938000008463859,0.0648428574204444,0.0649999976158142,0.0014785889070481,0.061099998652935,0.0724999979138374,0.0317285731434822,0.0313500016927719,0.0020048157311975,0.0275999996811151,0.0401999987661838,0.0213857181370258,0.0212999992072582,0.0009162367205135,0.0199999995529651,0.0266999993473291,0.0158647950738668,0.0157999992370605,0.0007328553474508,0.0142000000923872,0.0198999997228384,0.470232605934143,0.4758258759975433,0.0231951083987951,0.374805599451065,0.5132275223731995,0.608899712562561,0.6126673221588135,0.0146468300372362,0.5360556244850159,0.6357142925262451,1.0,True,True,2,123.0,61.85512062980681,61.14487937019319,61.14487937019319,49.71128404080747,49.71128404080747,True,≥100 NTU
102,Etawah_102_20240709T051651_20240709T053028_T44RKQ.tif,20240709T051651_20240709T053028_T44RKQ,2024-07-09,ETAWAH,11-07-2024 08:40,26.74972222,78.98333333,109.0,2.1308225810185184,56.074959,0.085339287961917,0.1108871054004978,0.0826253945591045,0.0908847274038487,0.0332929195431354,0.022481461462506,0.0992179122587733,0.5381781060693299,2,1,True,OK,102,Etawah_102_20240709T051651_20240709T053028_T44RKQ.tif,13,14,9,EPSG:32644,0.0850500091910362,0.0851500034332275,0.0140798771753907,0.0537000000476837,0.1352999955415725,0.11192087829113,0.1105500012636184,0.0155527889728546,0.0838000029325485,0.179299995303154,0.0828642919659614,0.0816500037908554,0.0273743066936731,0.0408000014722347,0.1999000012874603,0.1721131950616836,0.1048500016331672,0.098785288631916,0.0696000009775161,0.3944999873638153,0.1077395603060722,0.0562499985098838,0.0858553797006607,0.0264999996870756,0.3537999987602234,0.0697978064417839,0.0383000001311302,0.0672446638345718,0.018300000578165,0.3269999921321869,-0.1252024620771408,0.0308829359710216,0.2648153603076935,-0.5863141417503357,0.1724137812852859,0.156109482049942,0.3426897823810577,0.3702562153339386,-0.3688725531101227,0.5763389468193054,0.5989010989010989,True,True,5,109.0,59.16621887837135,49.83378112162865,49.83378112162865,45.71906524920059,45.71906524920059,True,≥100 NTU
207,Etawah_207_20240709T051651_20240709T053028_T44RKQ.tif,20240709T051651_20240709T053028_T44RKQ,2024-07-09,ETAWAH,11-07-2024 08:40,26.74972222,78.98333333,109.0,2.1308225810185184,56.074959,0.085339287961917,0.1108871054004978,0.0826253945591045,0.0908847274038487,0.0332929195431354,0.022481461462506,0.0992179122587733,0.5381781060693299,2,1,True,OK,207,Etawah_207_20240709T051651_20240709T053028_T44RKQ.tif,14,14,9,EPSG:32644,0.1760387867689132,0.1552000045776367,0.0584103912115097,0.1106000021100044,0.3968000113964081,0.1891239732503891,0.1687500029802322,0.048691626638174,0.1416999995708465,0.3740000128746032,0.2018948942422866,0.1870999932289123,0.039052378386259,0.1588000059127807,0.3519999980926513,0.2095642685890197,0.1900999993085861,0.0589339062571525,0.1437000036239624,0.4234000146389007,0.0718413293361663,0.0438999980688095,0.0626536235213279,0.0211999993771314,0.2973999977111816,0.0520515292882919,0.030749998986721,0.0469229668378829,0.0148000000044703,0.2317000031471252,-0.0484088696539402,-0.0534650832414627,0.0333974473178386,-0.1038020551204681,0.0291848313063383,0.5235224962234497,0.5947278738021851,0.1861071437597274,0.0873386710882186,0.7537747025489807,1.0,True,True,5,109.0,72.75322610770165,36.24677389229835,36.24677389229835,33.25392100210858,33.25392100210858,True,≥100 NTU
125,Etawah_125_20211013T051751_20211013T052103_T44RKQ.tif,20211013T051751_20211013T052103_T44RKQ,2021-10-13,ETAWAH,11-10-2021 08:20,26.74972222,78.98333333,104.0,1.8830908564814808,0.000219,0.0581332065415702,0.085820707096089,0.0854408361756049,0.0592247608111466,0.0274836712316001,0.020411430273377,0.1835234407314544,0.5149063993799123,2,1,True,OK,125,Etawah_125_20211013T051751_20211013T052103_T44RKQ.tif,14,14,9,EPSG:32644,0.0519576556980609,0.0507000014185905,0.0052113588899374,0.0476000010967254,0.0829000025987625,0.0814260244369506,0.0789000019431114,0.0073787812143564,0.0763000026345253,0.121799997985363,0.0586530640721321,0.0524000003933906,0.0172953680157661,0.0485000014305114,0.1500000059604644,0.0240642838180065,0.018300000578165,0.0219484120607376,0.0153000000864267,0.1674000024795532,0.0245464295148849,0.0205000005662441,0.0152446255087852,0.0181000009179115,0.1456000059843063,0.0187102034687995,0.016499999910593,0.0098505979403853,0.0141000002622604,0.1009000018239021,0.5827829241752625,0.6233838796615601,0.144217237830162,-0.1576763689517974,0.670258641242981,0.557255744934082,0.583796501159668,0.1008018553256988,-0.0890052616596221,0.6302348971366882,0.9897959183673468,True,True,2,104.0,227.53273539698412,-123.53273539698412,123.53273539698412,-118.78147634325396,118.78147634325396,False,≥100 NTU
21,Etawah_21_20211013T051751_20211013T052103_T44RKQ.tif,20211013T051751_20211013T052103_T44RKQ,2021-10-13,ETAWAH,11-10-2021 08:20,26.74972222,78.98333333,104.0,1.8830908564814808,0.000219,0.0581332065415702,0.085820707096089,0.0854408361756049,0.0592247608111466,0.0274836712316001,0.020411430273377,0.1835234407314544,0.5149063993799123,2,1,True,OK,21,Etawah_21_20211013T051751_20211013T052103_T44RKQ.tif,13,14,9,EPSG:32644,0.0566813200712204,0.0577999986708164,0.0156296174973249,0.0300999991595745,0.1406999975442886,0.0863417610526084,0.0856499969959259,0.0181948859244585,0.0577999986708164,0.1908999979496002,0.0800329744815826,0.0853499993681907,0.0278365574777126,0.0324000008404254,0.2202000021934509,0.1642999947071075,0.0701999962329864,0.1347061246633529,0.0546000003814697,0.447299987077713,0.0940516516566276,0.0516000017523765,0.0781861767172813,0.0247000008821487,0.3619999885559082,0.0597467012703418,0.0353499986231327,0.0561470203101635,0.0175999999046325,0.3366000056266784,-0.1290961354970932,0.0967282429337501,0.3604495227336883,-0.7401283979415894,0.2151536643505096,0.1115145608782768,0.2331296503543853,0.4016266465187073,-0.4908333420753479,0.5492700338363647,0.5769230769230769,True,True,2,104.0,43.49123232018101,60.50876767981899,60.50876767981899,58.18150738444133,58.18150738444133,True,≥100 NTU
124,Etawah_124_20211003T051701_20211003T052600_T44RKQ.tif,20211003T051701_20211003T052600_T44RKQ,2021-10-03,ETAWAH,01-10-2021 08:30,26.74972222,78.98333333,94.0,1.876138136574074,0.05719,0.0776076016953919,0.1052789132609997,0.1101964246156533,0.0797073053592514,0.0215039414011239,0.0149214384670428,0.1383185514242615,0.6608290720378628,2,1,True,OK,124,Etawah_124_20211003T051701_20211003T052600_T44RKQ.tif,14,14,9,EPSG:32644,0.0670352056622505,0.0671999976038932,0.0016536400653421,0.061999998986721,0.0706000030040741,0.1059107109904289,0.1062000021338462,0.0016201972030103,0.1018999963998794,0.1090999990701675,0.0838775411248207,0.0842999964952468,0.0015446435427293,0.0790000036358833,0.0868000015616417,0.0285964310169219,0.0285000000149011,0.0011084728175774,0.0256999991834163,0.031700000166893,0.0146857155486941,0.0146000003442168,0.0006366366287693,0.0132999997586011,0.016499999910593,0.0111193880438804,0.0109999999403953,0.0010179670061916,0.0089999996125698,0.0152000002562999,0.5748748183250427,0.5751612186431885,0.0124307908117771,0.5428983569145203,0.6097190380096436,0.7564499378204346,0.7571491003036499,0.0099499393254518,0.723849356174469,0.7759336233139038,1.0,True,True,3,94.0,39.351742777140096,54.648257222859904,54.648257222859904,58.136443854106275,58.136443854106275,True,50–100 NTU
20,Etawah_20_20211003T051701_20211003T052600_T44RKQ.tif,20211003T051701_20211003T052600_T44RKQ,2021-10-03,ETAWAH,01-10-2021 08:30,26.74972222,78.98333333,94.0,1.876138136574074,0.05719,0.0776076016953919,0.1052789132609997,0.1101964246156533,0.0797073053592514,0.0215039414011239,0.0149214384670428,0.1383185514242615,0.6608290720378628,2,1,True,OK,20,Etawah_20_20211003T051701_20211003T052600_T44RKQ.tif,13,14,9,EPSG:32644,0.0691763684153556,0.0759000033140182,0.0174976866692304,0.0355999991297721,0.1455000042915344,0.1001467034220695,0.1052000001072883,0.0184349752962589,0.0648000016808509,0.200200006365776,0.0943988934159278,0.1093999966979026,0.0319712720811367,0.0328000001609325,0.2233999967575073,0.164752185344696,0.0876000002026557,0.1175124049186706,0.0709000006318092,0.4153999984264374,0.083199992775917,0.034400001168251,0.0810306593775749,0.017400000244379,0.3928999900817871,0.0490351654589176,0.0216000005602836,0.0555611699819564,0.0118000004440546,0.3605999946594238,-0.1154062896966934,0.1023216992616653,0.3297009170055389,-0.6979358196258545,0.2532912194728851,0.2555671632289886,0.5096030235290527,0.4549613893032074,-0.4590984582901001,0.7218225598335266,0.6648351648351648,True,True,3,94.0,70.36390393364547,23.636096066354526,23.636096066354526,25.144783049313325,25.144783049313325,True,50–100 NTU
47,Etawah_47_20220824T051649_20220824T052826_T44RKQ.tif,20220824T051649_20220824T052826_T44RKQ,2022-08-24,ETAWAH,22-08-2022 08:20,26.74972222,78.98333333,89.0,1.883032476851852,54.355186,0.8246725287019939,0.7345501153587224,0.6683374445902202,0.6812419479561819,0.493267001546416,0.410875671572547,0.0371014909384308,0.1949967548423153,2,1,True,OK,47,Etawah_47_20220824T051649_20220824T052826_T44RKQ.tif,13,14,9,EPSG:32644,0.7928669452667236,0.788599967956543,0.1117299199104309,0.573199987411499,1.0606000423431396,0.7135279774665833,0.7124999761581421,0.095249556005001,0.5320000052452087,0.9160000085830688,0.6522703766822815,0.663100004196167,0.0885291770100593,0.4758000075817108,0.8069999814033508,0.6620627045631409,0.6689500212669373,0.068834900856018,0.5194000005722046,0.8191999793052673,0.4803791344165802,0.4886000156402588,0.0604653917253017,0.3567000031471252,0.598800003528595,0.3994906842708587,0.4070000052452087,0.06348467618227,0.2671999931335449,0.5386999845504761,0.0356038659811019,0.0340151563286781,0.0198736358433961,-0.0100769307464361,0.0748550072312355,0.1943245083093643,0.1880540549755096,0.0509121939539909,0.0742931514978408,0.3060409426689148,1.0,True,True,1,89.0,26.167467089973844,62.83253291002616,62.83253291002616,70.59835158429905,70.59835158429905,True,50–100 NTU
152,Etawah_152_20220824T051649_20220824T052826_T44RKQ.tif,20220824T051649_20220824T052826_T44RKQ,2022-08-24,ETAWAH,22-08-2022 08:20,26.74972222,78.98333333,89.0,1.883032476851852,54.355186,0.8246725287019939,0.7345501153587224,0.6683374445902202,0.6812419479561819,0.493267001546416,0.410875671572547,0.0371014909384308,0.1949967548423153,2,1,True,OK,152,Etawah_152_20220824T051649_20220824T052826_T44RKQ.tif,14,14,9,EPSG:32644,0.1424709260463714,0.1507000029087066,0.0227764658629894,0.0962999984622001,0.1922000050544738,0.1610918492078781,0.1719499975442886,0.0320961251854896,0.0992999970912933,0.209099993109703,0.1844122558832168,0.1985500007867813,0.0432742461562156,0.1080999970436096,0.2465000003576278,0.1731693893671035,0.1875500082969665,0.047073595225811,0.0890000015497207,0.2565999925136566,0.050779078155756,0.0454000011086463,0.0200494192540645,0.0261000003665685,0.1500000059604644,0.041917860507965,0.0370500013232231,0.0165882539004087,0.0214000009000301,0.1101000010967254,-0.0258560813963413,-0.0406791344285011,0.0455428697168827,-0.1019969955086708,0.0734352245926857,0.5278996229171753,0.5673409104347229,0.1113164722919464,0.0797545760869979,0.6608501076698303,1.0,True,True,1,89.0,75.9376797369329,13.062320263067093,13.062320263067093,14.676764340524823,14.676764340524823,True,50–100 NTU
50,Etawah_50_20221013T051749_20221013T052416_T44RKQ.tif,20221013T051749_20221013T052416_T44RKQ,2022-10-13,ETAWAH,11-10-2022 08:30,26.74972222,78.98333333,66.0,1.8760708101851853,23.551807,0.0956623457080625,0.1279940604859426,0.1475459168337889,0.1071760417539039,0.0192407233664673,0.014117440879885,0.0885759248258756,0.7383434579850316,2,1,True,OK,50,Etawah_50_20221013T051749_20221013T052416_T44RKQ.tif,13,14,9,EPSG:32644,0.0830681324005127,0.0938500016927719,0.0205867439508438,0.0397000014781951,0.1084999963641166,0.1145708709955215,0.1260000020265579,0.0224609430879354,0.0658999979496002,0.1504999995231628,0.1206873580813407,0.1430000066757202,0.041425947099924,0.0373000018298625,0.1653999984264373,0.1787522137165069,0.1168999969959259,0.102065622806549,0.0785999968647956,0.414900004863739,0.0773873627185821,0.0302499998360872,0.0736600011587143,0.0141000002622604,0.2481999993324279,0.0436994470655918,0.018300000578165,0.0406247861683368,0.0109000001102685,0.1876000016927719,-0.1366484463214874,0.0398083552718162,0.3048237860202789,-0.6938150525093079,0.3138367831707001,0.3277685344219208,0.6199513673782349,0.4903297424316406,-0.4595034420490265,0.8011283278465271,0.6868131868131868,True,True,3,66.0,80.03873593471468,-14.03873593471468,14.03873593471468,-21.27081202229497,21.27081202229497,False,50–100 NTU
155,Etawah_155_20221013T051749_20221013T052416_T44RKQ.tif,20221013T051749_20221013T052416_T44RKQ,2022-10-13,ETAWAH,11-10-2022 08:30,26.74972222,78.98333333,66.0,1.8760708101851853,23.551807,0.0956623457080625,0.1279940604859426,0.1475459168337889,0.1071760417539039,0.0192407233664673,0.014117440879885,0.0885759248258756,0.7383434579850316,2,1,True,OK,155,Etawah_155_20221013T051749_20221013T052416_T44RKQ.tif,14,14,9,EPSG:32644,0.1048413217067718,0.1052500009536743,0.0047291619703173,0.0929000005125999,0.1143999993801117,0.150287240743637,0.1508000046014785,0.0048527801409363,0.1387999951839447,0.1606999933719635,0.1901367306709289,0.1901499927043914,0.0044583422131836,0.1811999976634979,0.1983000040054321,0.1085785627365112,0.1073499992489814,0.005285024177283,0.0989999994635582,0.1247999966144561,0.0153250014409422,0.0154999997466802,0.0012187471147626,0.0125000001862645,0.0193000007420778,0.0120178582146763,0.0120000001043081,0.0014331133570522,0.0080000003799796,0.0167999994009733,0.1614012420177459,0.1619358360767364,0.0134500218555331,0.1257442981004715,0.2020725309848785,0.8151010274887085,0.8148691654205322,0.0106548238545656,0.7811791300773621,0.8440424203872681,1.0,True,True,3,66.0,72.98187193137116,-6.98187193137116,6.98187193137116,-10.578593835410848,10.578593835410848,False,50–100 NTU
52,Etawah_52_20221102T051949_20221102T052958_T44RKQ.tif,20221102T051949_20221102T052958_T44RKQ,2022-11-02,ETAWAH,01-11-2022 09:30,26.74972222,78.98333333,63.0,0.8343934143518519,0.001125,0.0771617114843868,0.0987169061177032,0.0995518295031444,0.078176224004343,0.0355845856410031,0.0260169904053458,0.1162105433282081,0.4703922556159465,2,1,True,OK,52,Etawah_52_20221102T051949_20221102T052958_T44RKQ.tif,13,14,9,EPSG:32644,0.0760961547493934,0.0789500027894973,0.0139052215963602,0.0483000017702579,0.1099999994039535,0.0987923145294189,0.0992500036954879,0.0148077923804521,0.0700000002980232,0.1366000026464462,0.0934648439288139,0.0994499996304512,0.0259186699986457,0.0445000007748603,0.155699998140335,0.1678263694047927,0.0971499979496002,0.1130537018179893,0.0746999979019165,0.4092000126838684,0.0991763621568679,0.064249999821186,0.0704922080039978,0.0324000008404254,0.3176000118255615,0.0656840652227401,0.0412000007927417,0.0526013784110546,0.0227000005543231,0.2779000103473663,-0.1383297741413116,0.0382360145449638,0.3086074888706207,-0.6804465055465698,0.1457975953817367,0.1132837831974029,0.2177751362323761,0.3631966114044189,-0.4135338068008423,0.5090909004211426,0.5714285714285714,True,True,1,63.0,35.0591844740911,27.940815525908903,27.940815525908903,44.350500834776035,44.350500834776035,True,50–100 NTU
157,Etawah_157_20221102T051949_20221102T052958_T44RKQ.tif,20221102T051949_20221102T052958_T44RKQ,2022-11-02,ETAWAH,01-11-2022 09:30,26.74972222,78.98333333,63.0,0.8343934143518519,0.001125,0.0771617114843868,0.0987169061177032,0.0995518295031444,0.078176224004343,0.0355845856410031,0.0260169904053458,0.1162105433282081,0.4703922556159465,2,1,True,OK,157,Etawah_157_20221102T051949_20221102T052958_T44RKQ.tif,14,14,9,EPSG:32644,0.0639331564307212,0.0571499988436698,0.0165290106087923,0.0502000004053115,0.1680999994277954,0.0848775580525398,0.0747499987483024,0.022849204018712,0.0683000013232231,0.2232999950647354,0.0756494849920272,0.0553000010550022,0.0397612452507019,0.0487999990582466,0.2784999907016754,0.0546698942780494,0.0319500006735324,0.0524329878389835,0.025399999693036,0.3199999928474426,0.0456413254141807,0.0280000008642673,0.0511451922357082,0.025399999693036,0.3874000012874603,0.0355413258075714,0.0222999993711709,0.0436361953616142,0.0187999997287988,0.3928000032901764,0.3151939809322357,0.4037324786186218,0.1950907707214355,-0.1872146129608154,0.4705273807048797,0.3908620476722717,0.4509532451629638,0.17319917678833,-0.2687080502510071,0.5351437926292419,0.923469387755102,True,True,1,63.0,37.51921484519606,25.48078515480394,25.48078515480394,40.445690721911014,40.445690721911014,True,50–100 NTU
45,Etawah_45_20220710T051701_20220710T052850_T44RKQ.tif,20220710T051701_20220710T052850_T44RKQ,2022-07-10,ETAWAH,11-07-2022 08:50,26.74972222,78.98333333,61.0,1.1376551157407406,37.888461,0.0642189898083473,0.0787497325213038,0.0566617541098002,0.0695233246089202,0.0295666949112945,0.0226009994399679,0.0622230301782077,0.4543351477037209,2,1,True,OK,45,Etawah_45_20220710T051701_20220710T052850_T44RKQ.tif,13,14,9,EPSG:32644,0.0712450593709945,0.0669500008225441,0.011761006899178,0.0606999993324279,0.1168999969959259,0.0900439620018005,0.0837000012397766,0.0150305153802037,0.0741000026464462,0.1467999964952469,0.0752466991543769,0.064300000667572,0.0261076670140028,0.0540000014007091,0.1722999960184097,0.1483450531959533,0.0900000035762786,0.0925652533769607,0.063799999654293,0.3596000075340271,0.1190972477197647,0.0845500007271766,0.0879850834608078,0.0254999995231628,0.274399995803833,0.0827939510345459,0.061499997973442,0.0625423341989517,0.0198999997228384,0.24269999563694,-0.147964596748352,-0.0296046286821365,0.2312056869268417,-0.5890411138534546,0.0886075720191001,0.0234406944364309,-0.0218034461140632,0.3539917767047882,-0.4635503888130188,0.4935451745986938,0.4945054945054945,True,True,3,61.0,25.126583976575333,35.87341602342467,35.87341602342467,58.808878726925684,58.808878726925684,True,50–100 NTU
150,Etawah_150_20220710T051701_20220710T052850_T44RKQ.tif,20220710T051701_20220710T052850_T44RKQ,2022-07-10,ETAWAH,11-07-2022 08:50,26.74972222,78.98333333,61.0,1.1376551157407406,37.888461,0.0642189898083473,0.0787497325213038,0.0566617541098002,0.0695233246089202,0.0295666949112945,0.0226009994399679,0.0622230301782077,0.4543351477037209,2,1,True,OK,150,Etawah_150_20220710T051701_20220710T052850_T44RKQ.tif,14,14,9,EPSG:32644,0.1160464286804199,0.1028999984264373,0.0335883386433124,0.0882999971508979,0.2029000073671341,0.1356158107519149,0.1150500029325485,0.0476964898407459,0.09740000218153,0.2572999894618988,0.1324290782213211,0.0971999987959861,0.0754445120692253,0.0754999965429306,0.3188000023365021,0.1097479537129402,0.0632999986410141,0.0957452654838562,0.0427000001072883,0.3456999957561493,0.1227352023124694,0.0571000017225742,0.1364772319793701,0.0322999991476535,0.4677999913692474,0.1071102023124694,0.046799998730421,0.1299357414245605,0.02449999935925,0.4483000040054321,0.2066284865140915,0.2887224853038788,0.1825968474149704,-0.1496007293462753,0.391188234090805,0.224530816078186,0.3378427624702453,0.2579354643821716,-0.2970034778118133,0.5120846033096313,0.7806122448979592,True,True,3,61.0,29.202447367491985,31.797552632508015,31.797552632508015,52.12713546312789,52.12713546312789,True,50–100 NTU
81,Etawah_81_20231013T051741_20231013T052432_T44RKQ.tif,20231013T051741_20231013T052432_T44RKQ,2023-10-13,ETAWAH,11-10-2023 09:20,26.74972222,78.98333333,60.0,1.841336712962963,5e-05,0.028983431910731,0.0499514922340241,0.0393605433894229,0.0551607123322298,0.035081306603519,0.0248376411681592,-0.0496810865981781,0.1746601908664882,2,1,True,OK,81,Etawah_81_20231013T051741_20231013T052432_T44RKQ.tif,13,14,9,EPSG:32644,0.040972527116537,0.0307000000029802,0.0235342476516962,0.0265999995172023,0.1282999962568283,0.0668175891041755,0.0540999993681907,0.0279217716306448,0.0471000000834465,0.1661999970674514,0.0551230758428573,0.0406500026583671,0.0347061268985271,0.0297999996691942,0.1829999983310699,0.1668373495340347,0.065650001168251,0.1405147761106491,0.048700001090765,0.4447000026702881,0.1034791246056556,0.0520999990403652,0.0770576298236846,0.0322999991476535,0.2985999882221222,0.0676219761371612,0.038050003349781,0.0567830391228199,0.0225000008940696,0.2443999946117401,-0.2602401673793793,-0.1102023869752883,0.2772083878517151,-0.7476910948753357,0.0030211615376174,-0.092377670109272,-0.0066405804827809,0.2624669969081878,-0.5130984783172607,0.2131547182798385,0.5,True,True,5,60.0,21.231223827377512,38.76877617262249,38.76877617262249,64.6146269543708,64.6146269543708,True,50–100 NTU
185,Etawah_185_20231013T051741_20231013T052432_T44RKQ.tif,20231013T051741_20231013T052432_T44RKQ,2023-10-13,ETAWAH,11-10-2023 09:20,26.74972222,78.98333333,60.0,1.841336712962963,5e-05,0.028983431910731,0.0499514922340241,0.0393605433894229,0.0551607123322298,0.035081306603519,0.0248376411681592,-0.0496810865981781,0.1746601908664882,2,1,True,OK,185,Etawah_185_20231013T051741_20231013T052432_T44RKQ.tif,14,14,9,EPSG:32644,0.0725729614496231,0.0341999977827072,0.0604910627007484,0.0272000003606081,0.1952999979257583,0.1101010218262672,0.0676500052213668,0.0747113972902298,0.0511000007390975,0.2608000040054321,0.116480104625225,0.048599999397993,0.1072605103254318,0.0346000008285045,0.3242000043392181,0.1134102120995521,0.0265999995172023,0.1284689605236053,0.0188999995589256,0.3560999929904938,0.1388821452856063,0.0342999994754791,0.1572131514549255,0.0280000008642673,0.4399999976158142,0.1256494671106338,0.0284000001847744,0.1514501422643661,0.0227000005543231,0.426499992609024,0.2150058299303054,0.3892974853515625,0.2687181532382965,-0.1760319620370865,0.4939759075641632,0.1023320108652114,0.2562138736248016,0.2462722808122635,-0.2887120246887207,0.377268373966217,0.6632653061224489,True,True,5,60.0,21.529524003119786,38.47047599688021,38.47047599688021,64.11745999480036,64.11745999480036,True,50–100 NTU
160,Etawah_160_20221202T052159_20221202T052600_T44RKQ.tif,20221202T052159_20221202T052600_T44RKQ,2022-12-02,ETAWAH,01-12-2022 08:45,26.74972222,78.98333333,58.0,0.865644988425926,0.003533,0.0771634154921599,0.0989807849521287,0.0842401330592111,0.0798442007560568,0.0287033079552824,0.0174315599446721,0.1069299561351218,0.5503641432444859,2,1,True,OK,160,Etawah_160_20221202T052159_20221202T052600_T44RKQ.tif,14,14,9,EPSG:32644,0.1074479520320892,0.0826499983668327,0.0473986752331256,0.0570000000298023,0.1861000061035156,0.1458173543214798,0.1174999997019767,0.0585398972034454,0.0841000005602836,0.2425000071525573,0.1604846864938736,0.1180500015616417,0.0922499001026153,0.065600000321865,0.3023000061511993,0.1610408127307891,0.1010999977588653,0.1305474042892456,0.0289999991655349,0.3517999947071075,0.1869224458932876,0.0659500062465667,0.1894552707672119,0.0194000005722045,0.4776999950408935,0.179020419716835,0.0479499995708465,0.1944021433591842,0.0120000001043081,0.4817000031471252,0.1148682236671447,0.0715500265359878,0.2853349447250366,-0.2202277332544326,0.5059625506401062,0.177530437707901,0.2909085154533386,0.4214104413986206,-0.3561458885669708,0.6465364098548889,0.576530612244898,True,True,3,58.0,28.88446943331905,29.11553056668095,29.11553056668095,50.199190632208534,50.199190632208534,True,50–100 NTU
55,Etawah_55_20221202T052159_20221202T052600_T44RKQ.tif,20221202T052159_20221202T052600_T44RKQ,2022-12-02,ETAWAH,01-12-2022 08:45,26.74972222,78.98333333,58.0,0.865644988425926,0.003533,0.0771634154921599,0.0989807849521287,0.0842401330592111,0.0798442007560568,0.0287033079552824,0.0174315599446721,0.1069299561351218,0.5503641432444859,2,1,True,OK,55,Etawah_55_20221202T052159_20221202T052600_T44RKQ.tif,13,14,9,EPSG:32644,0.0786439552903175,0.0776000022888183,0.0146366711705923,0.0533000007271766,0.1225000023841857,0.1025609895586967,0.0993999987840652,0.0162311010062694,0.0750999972224235,0.1513999998569488,0.0888065919280052,0.0843999981880188,0.0255863517522811,0.05180000141263,0.1662999987602234,0.1695076823234558,0.0921000018715858,0.104150004684925,0.0769999995827674,0.3980000019073486,0.098331868648529,0.0652499943971633,0.0767790451645851,0.02449999935925,0.290800005197525,0.0637681260704994,0.0376500003039836,0.0626941546797752,0.0138999996706843,0.2827000021934509,-0.1442132741212844,0.0120619684457778,0.2806590497493744,-0.6472455263137817,0.1439518630504608,0.1624284833669662,0.1897428482770919,0.3898051381111145,-0.3725000023841858,0.6282246112823486,0.5714285714285714,True,True,3,58.0,70.39639840134136,-12.396398401341358,12.396398401341358,-21.37310069196786,21.37310069196786,False,50–100 NTU
159,Etawah_159_20221122T052119_20221122T052433_T44RKQ.tif,20221122T052119_20221122T052433_T44RKQ,2022-11-22,ETAWAH,21-11-2022 08:30,26.74972222,78.98333333,56.0,0.876079537037037,0.000312,0.0721120492697836,0.0888028295012191,0.0815634432758481,0.062674634243563,0.0162352476261665,0.011522240902015,0.1724567416749123,0.6912853243416763,2,1,True,OK,159,Etawah_159_20221122T052119_20221122T052433_T44RKQ.tif,14,14,9,EPSG:32644,0.0982550978660583,0.0665999948978424,0.0532841011881828,0.0480999983847141,0.1905000060796737,0.1298035830259323,0.0934000015258789,0.0676903873682022,0.0639000013470649,0.2460000067949295,0.1397163271903991,0.0868000015616417,0.1041201949119567,0.0408000014722347,0.3084999918937683,0.1412474513053894,0.0522499978542327,0.140596330165863,0.0149999996647238,0.3605000078678131,0.1576112210750579,0.0265500005334615,0.1829904168844223,0.0104999998584389,0.4605000019073486,0.1549270302057266,0.0211500003933906,0.1877405345439911,0.0083999997004866,0.4733999967575073,0.2079996168613433,0.2936893105506897,0.3496238887310028,-0.2219462543725967,0.6354799270629883,0.2757910788059234,0.5469151139259338,0.4452141225337982,-0.3241476714611053,0.7283372282981873,0.6275510204081632,True,True,4,56.0,24.2232514061234,31.7767485938766,31.7767485938766,56.744193917636785,56.744193917636785,True,50–100 NTU
54,Etawah_54_20221122T052119_20221122T052433_T44RKQ.tif,20221122T052119_20221122T052433_T44RKQ,2022-11-22,ETAWAH,21-11-2022 08:30,26.74972222,78.98333333,56.0,0.876079537037037,0.000312,0.0721120492697836,0.0888028295012191,0.0815634432758481,0.062674634243563,0.0162352476261665,0.011522240902015,0.1724567416749123,0.6912853243416763,2,1,True,OK,54,Etawah_54_20221122T052119_20221122T052433_T44RKQ.tif,13,14,9,EPSG:32644,0.0727538466453552,0.0719000026583671,0.0161242000758647,0.0478000007569789,0.1281999945640564,0.0924054905772209,0.0888999998569488,0.0191221330314874,0.0612999983131885,0.1643999963998794,0.0829857215285301,0.0819000005722045,0.0302236322313547,0.0379000008106231,0.2046999931335449,0.1600351929664611,0.0764500051736831,0.1166421100497245,0.0599999986588954,0.3980999886989593,0.0876379087567329,0.0547500029206275,0.0797605141997337,0.0131999999284744,0.3384999930858612,0.0600291229784488,0.0322500020265579,0.0673887208104133,0.0082000000402331,0.3411999940872192,-0.1218138560652732,0.057412214577198,0.332918256521225,-0.7001281380653381,0.2037160098552703,0.2147059142589569,0.2348043322563171,0.4571208357810974,-0.4056040346622467,0.748344361782074,0.5824175824175825,True,True,4,56.0,37.068252950403256,18.931747049596744,18.931747049596744,33.80669115999419,33.80669115999419,True,50–100 NTU
78,Etawah_78_20230923T051651_20230923T052212_T44RKQ.tif,20230923T051651_20230923T052212_T44RKQ,2023-09-23,ETAWAH,21-09-2023 09:10,26.74972222,78.98333333,55.0,1.848327430555556,65.008098,1.6550207292946344,1.4709159864934984,1.2881451635076122,1.1328120496593883,0.0821420895638414,0.1241690158992921,0.1298735793428244,0.894230715192116,3,2,True,DUPLICATE_SENTINEL_ID_REVIEW,78,Etawah_78_20230923T051651_20230923T052212_T44RKQ.tif,13,14,9,EPSG:32644,1.6922614574432373,1.6956000328063965,0.0597502216696739,1.5736000537872314,1.871999979019165,1.4058351516723633,1.4336999654769895,0.0869808718562126,1.0570000410079956,1.5049999952316284,1.1578835248947144,1.203700065612793,0.153258666396141,0.7888000011444092,1.3272000551223757,1.1195759773254397,1.1277999877929688,0.0385070405900478,0.954200029373169,1.212000012397766,0.1357835233211517,0.1184999942779541,0.0681372284889221,0.0403000004589557,0.2587999999523163,0.1914126276969909,0.19200000166893,0.0601401589810848,0.0920000001788139,0.2951000034809112,0.1125683486461639,0.1200146526098251,0.0233681108802557,0.038271065801382,0.1385634839534759,0.826690673828125,0.8410412073135376,0.0803024470806121,0.6783105731010437,0.9415899515151978,1.0,True,True,3,55.0,76.23760317866353,-21.237603178663534,21.237603178663534,-38.61382396120642,38.61382396120642,False,50–100 NTU
79,Etawah_79_20230923T051651_20230923T052212_T44RKQ.tif,20230923T051651_20230923T052212_T44RKQ,2023-09-23,ETAWAH,21-09-2023 09:10,26.74972222,78.98333333,55.0,1.848327430555556,65.008098,1.6550207292946344,1.4709159864934984,1.2881451635076122,1.1328120496593883,0.0821420895638414,0.1241690158992921,0.1298735793428244,0.894230715192116,3,2,True,DUPLICATE_SENTINEL_ID_REVIEW,79,Etawah_79_20230923T051651_20230923T052212_T44RKQ.tif,13,14,9,EPSG:32644,1.6922614574432373,1.6956000328063965,0.0597502216696739,1.5736000537872314,1.871999979019165,1.4058351516723633,1.4336999654769895,0.0869808718562126,1.0570000410079956,1.5049999952316284,1.1578835248947144,1.203700065612793,0.153258666396141,0.7888000011444092,1.3272000551223757,1.1195759773254397,1.1277999877929688,0.0385070405900478,0.954200029373169,1.212000012397766,0.1357835233211517,0.1184999942779541,0.0681372284889221,0.0403000004589557,0.2587999999523163,0.1914126276969909,0.19200000166893,0.0601401589810848,0.0920000001788139,0.2951000034809112,0.1125683486461639,0.1200146526098251,0.0233681108802557,0.038271065801382,0.1385634839534759,0.826690673828125,0.8410412073135376,0.0803024470806121,0.6783105731010437,0.9415899515151978,1.0,True,True,3,55.0,76.23760317866353,-21.237603178663534,21.237603178663534,-38.61382396120642,38.61382396120642,False,50–100 NTU
183,Etawah_183_20230923T051651_20230923T052212_T44RKQ.tif,20230923T051651_20230923T052212_T44RKQ,2023-09-23,ETAWAH,21-09-2023 09:10,26.74972222,78.98333333,55.0,1.848327430555556,65.008098,1.6550207292946344,1.4709159864934984,1.2881451635076122,1.1328120496593883,0.0821420895638414,0.1241690158992921,0.1298735793428244,0.894230715192116,3,2,True,DUPLICATE_SENTINEL_ID_REVIEW,183,Etawah_183_20230923T051651_20230923T052212_T44RKQ.tif,14,14,9,EPSG:32644,1.1151663064956665,1.0901999473571775,0.0821706801652908,0.9990000128746032,1.305400013923645,0.953190803527832,0.916800022125244,0.0801957100629806,0.8650000095367432,1.1297999620437622,0.8502388000488281,0.8183000087738037,0.0681112483143806,0.7842000126838684,1.008999943733215,0.7579147815704346,0.7381000518798828,0.0559093840420246,0.6898999810218811,0.879800021648407,0.1595954149961471,0.148499995470047,0.0270238779485225,0.13230000436306,0.2475000023841858,0.2083530873060226,0.2062000036239624,0.0146091785281896,0.1652999967336654,0.3019999861717224,0.1137158498167991,0.1133994758129119,0.0156362522393465,0.060120228677988,0.1608833223581314,0.7140161395072937,0.7201895117759705,0.0306035410612821,0.6177310943603516,0.7571233510971069,1.0,True,True,3,55.0,34.08157943220543,20.91842056779457,20.91842056779457,38.03349194144467,38.03349194144467,True,50–100 NTU
73,Etawah_73_20230531T051659_20230531T052823_T44RKQ.tif,20230531T051659_20230531T052823_T44RKQ,2023-05-31,ETAWAH,01-06-2023 09:10,26.74972222,78.98333333,51.0,1.1516481712962965,0.032166,0.0300862330081767,0.0574010838460814,0.0429855292683429,0.0618337838100856,0.0544947345299554,0.0407037452431731,-0.0332839216451346,0.0177913146608835,2,1,True,OK,73,Etawah_73_20230531T051659_20230531T052823_T44RKQ.tif,13,14,9,EPSG:32644,0.0344917587935924,0.0247500017285347,0.0239056311547756,0.0131999999284744,0.1254999935626983,0.0656681358814239,0.0583000034093856,0.0255567599087953,0.0408999994397163,0.1606000065803527,0.0526450537145137,0.0391499996185302,0.0338106378912925,0.025900000706315,0.1790000051259994,0.1571104377508163,0.1005499958992004,0.115435242652893,0.0421000011265277,0.3889999985694885,0.1195972561836242,0.0970000028610229,0.0738299340009689,0.0388999991118907,0.2741999924182892,0.0809763744473457,0.0707499980926513,0.0507279448211193,0.0300999991595745,0.2284999936819076,-0.2713870704174042,-0.1552436351776123,0.265394926071167,-0.755176305770874,0.055555559694767,-0.2095087319612503,-0.183374136686325,0.2069653868675232,-0.5584830045700073,0.1378530859947204,0.2527472527472527,True,True,5,51.0,21.231223827377512,29.768776172622488,29.768776172622488,58.37014935808331,58.37014935808331,True,50–100 NTU
178,Etawah_178_20230531T051659_20230531T052823_T44RKQ.tif,20230531T051659_20230531T052823_T44RKQ,2023-05-31,ETAWAH,01-06-2023 09:10,26.74972222,78.98333333,51.0,1.1516481712962965,0.032166,0.0300862330081767,0.0574010838460814,0.0429855292683429,0.0618337838100856,0.0544947345299554,0.0407037452431731,-0.0332839216451346,0.0177913146608835,2,1,True,OK,178,Etawah_178_20230531T051659_20230531T052823_T44RKQ.tif,14,14,9,EPSG:32644,0.1632831692695617,0.2031999975442886,0.0668872222304344,0.0309999994933605,0.2311999946832656,0.2166198939085006,0.2592499852180481,0.0741977915167808,0.0772999972105026,0.2921999990940094,0.260107159614563,0.3162000179290771,0.097769521176815,0.0604000017046928,0.3576000034809112,0.2579030692577362,0.3242999911308288,0.1092177554965019,0.0284000001847744,0.3668999969959259,0.3052239716053009,0.3949999809265136,0.1399035006761551,0.0537000000476837,0.4411999881267547,0.2899408042430877,0.3831499814987182,0.1453895717859268,0.046399999409914,0.4316000044345855,-0.0507461577653884,-0.1046313941478729,0.1284099072217941,-0.1538665890693664,0.4626300632953644,-0.1213333383202552,-0.1941610425710678,0.1412525027990341,-0.2690942883491516,0.2399999797344207,0.1887755102040816,True,True,5,51.0,22.159409065875682,28.840590934124318,28.840590934124318,56.55017830220454,56.55017830220454,True,50–100 NTU
190,Etawah_190_20231122T052121_20231122T052116_T44RKQ.tif,20231122T052121_20231122T052116_T44RKQ,2023-11-22,ETAWAH,21-11-2023 09:10,26.74972222,78.98333333,46.0,0.8482610532407407,0.018643,0.0509134856213161,0.0761621340874347,0.0582748030654263,0.047605179967086,0.0210268719783598,0.0149848676119618,0.2309857278281973,0.5675705645132709,3,2,True,DUPLICATE_SENTINEL_ID_REVIEW,190,Etawah_190_20231122T052121_20231122T052116_T44RKQ.tif,14,14,9,EPSG:32644,0.1380040943622589,0.1488499939441681,0.0420004241168499,0.0744000002741813,0.1967999935150146,0.1791469454765319,0.1924499869346618,0.0535857789218425,0.101400002837181,0.2474000006914138,0.2097566127777099,0.2391500025987625,0.0847511291503906,0.0878999978303909,0.3158999979496002,0.2149862200021743,0.264849990606308,0.1210759580135345,0.049600001424551,0.3689999878406524,0.2800056338310241,0.3662999868392944,0.1928343027830124,0.0252999998629093,0.5094000101089478,0.2627760469913482,0.3378499746322632,0.1902937740087509,0.0161000005900859,0.4930000007152557,0.00244856858626,-0.1578664481639862,0.2192449122667312,-0.2066655308008194,0.3685534596443176,-0.0173896085470914,-0.2969548404216766,0.3958870768547058,-0.3563763201236725,0.6235119104385376,0.3622448979591837,True,True,2,46.0,16.880546266268517,29.119453733731483,29.119453733731483,63.30316029072062,63.30316029072062,True,20–50 NTU
86,Etawah_86_20231122T052121_20231122T052116_T44RKQ.tif,20231122T052121_20231122T052116_T44RKQ,2023-11-22,ETAWAH,21-11-2023 09:10,26.74972222,78.98333333,46.0,0.8482610532407407,0.018643,0.0509134856213161,0.0761621340874347,0.0582748030654263,0.047605179967086,0.0210268719783598,0.0149848676119618,0.2309857278281973,0.5675705645132709,3,2,True,DUPLICATE_SENTINEL_ID_REVIEW,86,Etawah_86_20231122T052121_20231122T052116_T44RKQ.tif,13,14,9,EPSG:32644,0.0619890093803405,0.0569499991834163,0.0167075358331203,0.0414999984204769,0.122699998319149,0.0906186774373054,0.0823500007390976,0.0202818270772695,0.0714000016450882,0.164900004863739,0.0745467022061348,0.0623000003397464,0.0294075775891542,0.0513999983668327,0.2014999985694885,0.1637945026159286,0.0890499949455261,0.1265554279088974,0.0452999994158744,0.4149999916553497,0.1036247238516807,0.0741000026464462,0.0886466279625892,0.0184000004082918,0.3946999907493591,0.0655483528971672,0.0505999997258186,0.0651191398501396,0.0129000004380941,0.3336000144481659,-0.1182358488440513,0.0053304731845855,0.3345565795898437,-0.6716290712356567,0.274229884147644,0.1156885996460914,0.0996350049972534,0.3940085470676422,-0.4388947784900665,0.6252545714378357,0.5659340659340659,True,True,2,46.0,26.374303623336537,19.625696376663463,19.625696376663463,42.66455734057274,42.66455734057274,True,20–50 NTU
87,Etawah_87_20231122T052121_20231122T052116_T44RKQ.tif,20231122T052121_20231122T052116_T44RKQ,2023-11-22,ETAWAH,21-11-2023 09:10,26.74972222,78.98333333,46.0,0.8482610532407407,0.018643,0.0509134856213161,0.0761621340874347,0.0582748030654263,0.047605179967086,0.0210268719783598,0.0149848676119618,0.2309857278281973,0.5675705645132709,3,2,True,DUPLICATE_SENTINEL_ID_REVIEW,87,Etawah_87_20231122T052121_20231122T052116_T44RKQ.tif,13,14,9,EPSG:32644,0.0619890093803405,0.0569499991834163,0.0167075358331203,0.0414999984204769,0.122699998319149,0.0906186774373054,0.0823500007390976,0.0202818270772695,0.0714000016450882,0.164900004863739,0.0745467022061348,0.0623000003397464,0.0294075775891542,0.0513999983668327,0.2014999985694885,0.1637945026159286,0.0890499949455261,0.1265554279088974,0.0452999994158744,0.4149999916553497,0.1036247238516807,0.0741000026464462,0.0886466279625892,0.0184000004082918,0.3946999907493591,0.0655483528971672,0.0505999997258186,0.0651191398501396,0.0129000004380941,0.3336000144481659,-0.1182358488440513,0.0053304731845855,0.3345565795898437,-0.6716290712356567,0.274229884147644,0.1156885996460914,0.0996350049972534,0.3940085470676422,-0.4388947784900665,0.6252545714378357,0.5659340659340659,True,True,2,46.0,26.374303623336537,19.625696376663463,19.625696376663463,42.66455734057274,42.66455734057274,True,20–50 NTU
158,Etawah_158_20221112T052049_20221112T052220_T44RKQ.tif,20221112T052049_20221112T052220_T44RKQ,2022-11-12,ETAWAH,11-11-2022 08:40,26.74972222,78.98333333,45.0,0.8691331944444445,0.08923,0.1219234794025888,0.12818355845321,0.1081840514283006,0.0588331784447864,0.0169288708171849,0.0130732826596736,0.3710552787634771,0.7667230808570443,2,1,True,OK,158,Etawah_158_20221112T052049_20221112T052220_T44RKQ.tif,14,14,9,EPSG:32644,0.1549540907144546,0.1422999948263168,0.030140608549118,0.1211000010371208,0.2329999953508377,0.1688892990350723,0.1493000090122223,0.0440834388136863,0.1252000033855438,0.2772000133991241,0.1602602005004882,0.1200000047683715,0.0750165805220604,0.0952000021934509,0.3391999900341034,0.1115607023239135,0.0410500019788742,0.11505938321352,0.0212999992072582,0.368800014257431,0.1138443946838378,0.0184000004082918,0.1577634364366531,0.0120999999344348,0.4993000030517578,0.1014775484800338,0.0143499998375773,0.1516943871974945,0.006800000090152,0.4964999854564667,0.3772947490215301,0.5583676099777222,0.3188566267490387,-0.1527077406644821,0.7144772410392761,0.4879478216171264,0.7718824148178101,0.4297198057174682,-0.294611394405365,0.8304134607315063,0.7602040816326531,True,True,5,45.0,66.2241535664052,-21.224153566405207,21.224153566405207,-47.16478570312268,47.16478570312268,False,20–50 NTU
53,Etawah_53_20221112T052049_20221112T052220_T44RKQ.tif,20221112T052049_20221112T052220_T44RKQ,2022-11-12,ETAWAH,11-11-2022 08:40,26.74972222,78.98333333,45.0,0.8691331944444445,0.08923,0.1219234794025888,0.12818355845321,0.1081840514283006,0.0588331784447864,0.0169288708171849,0.0130732826596736,0.3710552787634771,0.7667230808570443,2,1,True,OK,53,Etawah_53_20221112T052049_20221112T052220_T44RKQ.tif,13,14,9,EPSG:32644,0.1150434091687202,0.1147499978542327,0.0155487339943647,0.0859000012278556,0.1587000042200088,0.1293631792068481,0.1253000050783157,0.0182082951068878,0.1008000001311302,0.182899996638298,0.1095483601093292,0.1057000011205673,0.0304139908403158,0.0640000030398368,0.2023999989032745,0.1672098934650421,0.0684999972581863,0.1404276043176651,0.048599999397993,0.4690999984741211,0.097097247838974,0.048599999397993,0.0899327918887138,0.0118000004440546,0.3761000037193298,0.0639714300632476,0.032549999654293,0.0692427456378936,0.0089999996125698,0.3337000012397766,0.0495772324502468,0.2713184952735901,0.385487288236618,-0.6131361722946167,0.4465908706188202,0.3157300353050232,0.4153244495391845,0.446043848991394,-0.3463397026062011,0.8320284485816956,0.6263736263736264,True,True,5,45.0,62.355213407862635,-17.355213407862635,17.355213407862635,-38.567140906361416,38.567140906361416,False,20–50 NTU
46,Etawah_46_20220809T051701_20220809T052911_T44RKQ.tif,20220809T051701_20220809T052911_T44RKQ,2022-08-09,ETAWAH,11-08-2022 08:00,26.74972222,78.98333333,42.0,2.1029467939814817,40.684968,0.099285615144008,0.1285889774601831,0.1353068405086896,0.1213141468711206,0.1393583350204485,0.1216865574378889,0.0866422219832374,-0.0202122231911178,2,1,True,OK,46,Etawah_46_20220809T051701_20220809T052911_T44RKQ.tif,13,14,9,EPSG:32644,0.1084642857313156,0.0460000000894069,0.1158001646399498,0.013600000180304,0.4821999967098236,0.1247296705842018,0.0657500028610229,0.1113621667027473,0.0186999998986721,0.4695000052452087,0.1170620992779731,0.0634500011801719,0.1070238128304481,0.0144999995827674,0.4354000091552734,0.1702604442834854,0.1521999984979629,0.1411041617393493,0.0,0.4880000054836273,0.149845615029335,0.1137499958276748,0.1292195916175842,0.0052999998442828,0.4833999872207641,0.1126258224248886,0.0684999972581863,0.1059974804520607,0.0055999998003244,0.3968999981880188,0.0320167057216167,-0.0904092639684677,0.4995149374008178,-0.7311099171638489,1.0,-0.0129491807892918,-0.0705347061157226,0.3010775446891784,-0.5074349641799927,0.7613168954849243,0.2967032967032967,True,True,2,42.0,18.18277458341211,23.81722541658789,23.81722541658789,56.707679563304495,56.707679563304495,True,20–50 NTU
146,Etawah_146_20220531T051701_20220531T052755_T44RKQ.tif,20220531T051701_20220531T052755_T44RKQ,2022-05-31,ETAWAH,01-06-2022 08:35,26.74972222,78.98333333,42.0,1.127297951388889,0.02009,0.072310092254869,0.1057412020499222,0.1040644991077348,0.142742651057438,0.1442829369344992,0.1105042927707587,-0.1499778690259182,-0.155391840432007,2,1,True,OK,146,Etawah_146_20220531T051701_20220531T052755_T44RKQ.tif,14,14,9,EPSG:32644,0.1380949020385742,0.1080999970436096,0.0557557418942451,0.0715999975800514,0.2269999980926513,0.1893020570278167,0.1570499986410141,0.0620547570288181,0.1168000027537345,0.2858999967575073,0.2108408063650131,0.171750009059906,0.0852450653910636,0.1142999976873397,0.3391999900341034,0.2198015302419662,0.171999990940094,0.0967885926365852,0.1193000003695488,0.3619999885559082,0.2483984529972076,0.1845500022172927,0.1057784631848335,0.1445000022649765,0.4059000015258789,0.2140408307313919,0.1484000086784362,0.1040112599730491,0.1141000017523765,0.3702999949455261,-0.0515145659446716,-0.043794184923172,0.065428115427494,-0.149810716509819,0.0372578427195549,-0.1159802451729774,-0.1134723275899887,0.0571221858263015,-0.2060238718986511,0.0047819945029914,0.0153061224489795,True,True,1,42.0,21.853766314946807,20.146233685053193,20.146233685053193,47.96722305965046,47.96722305965046,True,20–50 NTU
42,Etawah_42_20220531T051701_20220531T052755_T44RKQ.tif,20220531T051701_20220531T052755_T44RKQ,2022-05-31,ETAWAH,01-06-2022 08:35,26.74972222,78.98333333,42.0,1.127297951388889,0.02009,0.072310092254869,0.1057412020499222,0.1040644991077348,0.142742651057438,0.1442829369344992,0.1105042927707587,-0.1499778690259182,-0.155391840432007,2,1,True,OK,42,Etawah_42_20220531T051701_20220531T052755_T44RKQ.tif,13,14,9,EPSG:32644,0.0694884657859802,0.0595999993383884,0.0259711891412735,0.0405000001192092,0.1756999939680099,0.1109609901905059,0.1051499992609024,0.0294827315956354,0.0784000009298324,0.2326000034809112,0.1120351627469062,0.0991000011563301,0.0363697297871112,0.0785000026226043,0.2752000093460083,0.2120329737663269,0.1684000045061111,0.0830232501029968,0.120899997651577,0.3621000051498413,0.1946642696857452,0.1771999895572662,0.0592979453504085,0.1281999945640564,0.3732999861240387,0.1426373571157455,0.1296000033617019,0.0458980128169059,0.0962999984622001,0.3253999948501587,-0.2856724560260772,-0.2283617556095123,0.1213555485010147,-0.5227615833282471,-0.1220249161124229,-0.2656397521495819,-0.2504932880401611,0.0715953856706619,-0.4129146933555603,-0.1266441345214843,0.0,True,True,1,42.0,26.945647522390384,15.054352477609616,15.054352477609616,35.84369637526099,35.84369637526099,True,20–50 NTU
151,Etawah_151_20220809T051701_20220809T052911_T44RKQ.tif,20220809T051701_20220809T052911_T44RKQ,2022-08-09,ETAWAH,11-08-2022 08:00,26.74972222,78.98333333,42.0,2.1029467939814817,40.684968,0.099285615144008,0.1285889774601831,0.1353068405086896,0.1213141468711206,0.1393583350204485,0.1216865574378889,0.0866422219832374,-0.0202122231911178,2,1,True,OK,151,Etawah_151_20220809T051701_20220809T052911_T44RKQ.tif,14,14,9,EPSG:32644,0.158018872141838,0.158050000667572,0.0041602961719036,0.146599993109703,0.1665000021457672,0.2217346876859665,0.2222000062465667,0.0039731138385832,0.2090000063180923,0.2301999926567077,0.2696448862552643,0.270000010728836,0.0044424929656088,0.2547000050544739,0.2806000113487243,0.1197780668735504,0.1195500046014785,0.0043510594405233,0.1098999977111816,0.1312000006437301,0.0697321370244026,0.0699499994516372,0.0035235122777521,0.0597000010311603,0.0778999999165535,0.0646724477410316,0.064699999988079,0.0033536541741341,0.0542999990284442,0.0729999989271164,0.2987315654754638,0.2995134592056274,0.0108202192932367,0.2720629572868347,0.3263284265995025,0.5217821598052979,0.5203820466995239,0.0138265239074826,0.4901574850082397,0.5653440356254578,1.0,True,True,2,42.0,50.30880629859304,-8.30880629859304,8.30880629859304,-19.78287213950724,19.78287213950724,False,20–50 NTU
13,Etawah_13_20210710T051649_20210710T053111_T44RKQ.tif,20210710T051649_20210710T053111_T44RKQ,2021-07-10,ETAWAH,12-07-2021 07:40,26.74972222,78.98333333,41.0,2.089172349537037,67.810458,0.0813602342717098,0.0776647525411602,0.0255042792217667,0.061943834697878,0.0549574467853794,0.0661453278473083,0.1463727723680717,0.1717411475292793,2,1,True,OK,13,Etawah_13_20210710T051649_20210710T053111_T44RKQ.tif,13,14,9,EPSG:32644,0.134279116988182,0.1197500005364418,0.0670327544212341,0.0205000005662441,0.2971999943256378,0.1427994519472122,0.1259500086307525,0.0613483935594558,0.0476000010967254,0.3100000023841858,0.1101247370243072,0.0837499946355819,0.075231172144413,0.0057000000961124,0.337799996137619,0.2265725135803222,0.2284500002861023,0.1223693564534187,0.025900000706315,0.5213000178337097,0.2013917714357376,0.1887000054121017,0.1133327186107635,0.0260000005364418,0.4916999936103821,0.1648489087820053,0.1454499959945678,0.1001442372798919,0.0239000003784894,0.4733000099658966,-0.1581097543239593,-0.0754198729991912,0.2692221105098724,-0.7149974703788757,0.3927315175533294,-0.1226637288928031,-0.1676000356674194,0.2469384968280792,-0.6059249043464661,0.4796460270881653,0.3461538461538461,True,True,3,41.0,17.956883604744682,23.043116395255318,23.043116395255318,56.20272291525688,56.20272291525688,True,20–50 NTU
145,Etawah_145_20220521T051701_20220521T052917_T44RKQ.tif,20220521T051701_20220521T052917_T44RKQ,2022-05-21,ETAWAH,21-05-2022 08:30,26.74972222,78.98333333,41.0,0.1238417129629629,38.496208,0.0674744792977927,0.1016583755551543,0.0984499437612825,0.1432972417930393,0.1390292506459429,0.1040807147573277,-0.1706379910717039,-0.156078397517663,2,1,True,OK,145,Etawah_145_20220521T051701_20220521T052917_T44RKQ.tif,14,14,9,EPSG:32644,0.088930107653141,0.074750006198883,0.0348770357668399,0.0445000007748603,0.1527000069618225,0.1257413327693939,0.1093499958515167,0.0373270325362682,0.0719000026583671,0.1882999986410141,0.1437219381332397,0.1298500001430511,0.0475306026637554,0.0769999995827674,0.2160000056028366,0.170773446559906,0.1583999991416931,0.0572932250797748,0.1001999974250793,0.2556000053882599,0.1838749796152115,0.1643500030040741,0.0597144067287445,0.1146000027656555,0.2685999870300293,0.156469389796257,0.1369999945163726,0.0570510365068912,0.090499997138977,0.2416000068187713,-0.1448245793581009,-0.1568621546030044,0.0321095809340477,-0.205806478857994,-0.0760401412844657,-0.1827641874551773,-0.1926307678222656,0.0422356612980365,-0.3274261355400085,-0.0809826925396919,0.0,True,True,2,41.0,19.19038984837265,21.80961015162735,21.80961015162735,53.19417110153012,53.19417110153012,True,20–50 NTU
41,Etawah_41_20220521T051701_20220521T052917_T44RKQ.tif,20220521T051701_20220521T052917_T44RKQ,2022-05-21,ETAWAH,21-05-2022 08:30,26.74972222,78.98333333,41.0,0.1238417129629629,38.496208,0.0674744792977927,0.1016583755551543,0.0984499437612825,0.1432972417930393,0.1390292506459429,0.1040807147573277,-0.1706379910717039,-0.156078397517663,2,1,True,OK,41,Etawah_41_20220521T051701_20220521T052917_T44RKQ.tif,13,14,9,EPSG:32644,0.075904943048954,0.0677499994635582,0.0215151123702526,0.0502000004053115,0.1601999998092651,0.1172192320227623,0.1104499995708465,0.0249210987240076,0.0881000012159347,0.213699996471405,0.1160736158490181,0.1038499996066093,0.0333150178194046,0.0854000002145767,0.2606000006198883,0.2201357036828994,0.1807500123977661,0.0817105919122695,0.135000005364418,0.3695999979972839,0.1941884607076645,0.1753499954938888,0.0570975765585899,0.1333999931812286,0.3456000089645386,0.1401489078998565,0.1274000108242035,0.0434469431638717,0.0984999984502792,0.3007000088691711,-0.2783969938755035,-0.2216991484165191,0.109652005136013,-0.4858083128929138,-0.1497882008552551,-0.2358053624629974,-0.2330729365348816,0.0648088455200195,-0.3698708713054657,-0.1227651759982109,0.0,True,True,2,41.0,19.656026823314928,21.343973176685072,21.343973176685072,52.05847116264651,52.05847116264651,True,20–50 NTU
117,Etawah_117_20210710T051649_20210710T053111_T44RKQ.tif,20210710T051649_20210710T053111_T44RKQ,2021-07-10,ETAWAH,12-07-2021 07:40,26.74972222,78.98333333,41.0,2.089172349537037,67.810458,0.0813602342717098,0.0776647525411602,0.0255042792217667,0.061943834697878,0.0549574467853794,0.0661453278473083,0.1463727723680717,0.1717411475292793,2,1,True,OK,117,Etawah_117_20210710T051649_20210710T053111_T44RKQ.tif,14,14,9,EPSG:32644,0.9033413529396056,0.9123499989509584,0.108755886554718,0.614300012588501,1.1507999897003174,0.7498776316642761,0.7588000297546387,0.084711380302906,0.4948999881744385,0.9513999819755554,0.6291576027870178,0.6371999979019165,0.0726881548762321,0.4467000067234039,0.8226000070571899,0.5931520462036133,0.5969499945640564,0.0488000623881816,0.4496999979019165,0.7067999839782715,0.456890344619751,0.4601500034332275,0.0332526825368404,0.3556999862194061,0.548799991607666,0.413663238286972,0.4175000190734863,0.0363053940236568,0.3016999959945678,0.5009999871253967,0.1150738820433616,0.115794837474823,0.0193840581923723,0.04202201962471,0.1537716686725616,0.2405627965927124,0.239881157875061,0.0376440100371837,0.0858443230390548,0.3227498233318329,1.0,True,True,3,41.0,27.667390379651057,13.332609620348943,13.332609620348943,32.51856004963157,32.51856004963157,True,20–50 NTU
68,Etawah_68_20230411T051649_20230411T052709_T44RKQ.tif,20230411T051649_20230411T052709_T44RKQ,2023-04-11,ETAWAH,11-04-2023 09:30,26.74972222,78.98333333,39.0,0.1655656481481481,0.155653,0.0193252816601228,0.0285297579439839,0.0199639218243736,0.0212487754113615,0.0218242395371366,0.0183909347908558,0.1467722567980312,0.1357092030953641,2,1,True,OK,68,Etawah_68_20230411T051649_20230411T052709_T44RKQ.tif,13,14,9,EPSG:32644,0.0364560410380363,0.0248000007122755,0.0243806354701519,0.0162000004202127,0.1240999996662139,0.0529780238866806,0.0335500016808509,0.0333939492702484,0.0255999993532896,0.1673000007867813,0.0460670329630374,0.0263999998569488,0.0432016104459762,0.017799999564886,0.2266999930143356,0.1446016579866409,0.0382499992847442,0.1357010304927826,0.0175000000745058,0.4440000057220459,0.1054302230477333,0.063400000333786,0.0939956828951835,0.0167999994009733,0.3668000102043152,0.0718241780996322,0.0464999973773956,0.0685581788420677,0.0131000000983476,0.3237000107765198,-0.2101891636848449,-0.0852838158607482,0.3430036008358001,-0.731540322303772,0.2200435996055603,-0.1605572402477264,-0.2219432294368744,0.2747487723827362,-0.5511491298675537,0.2398190200328827,0.4230769230769231,True,True,5,39.0,16.152034299207838,22.847965700792162,22.847965700792162,58.58452743792862,58.58452743792862,True,20–50 NTU
161,Etawah_161_20221212T052219_20221212T052632_T44RKQ.tif,20221212T052219_20221212T052632_T44RKQ,2022-12-12,ETAWAH,12-12-2022 08:30,26.74972222,78.98333333,39.0,0.1239474537037037,0.000229,0.0443279423372325,0.0642459034150978,0.0415147662043218,0.0398732550391877,0.0129099521885084,0.0088975226286607,0.2341400933649122,0.665979730527479,2,1,True,OK,161,Etawah_161_20221212T052219_20221212T052632_T44RKQ.tif,14,14,9,EPSG:32644,0.0915193855762481,0.0606000013649463,0.0629201233386993,0.0271000005304813,0.1872999966144561,0.128179594874382,0.0960499942302703,0.077122576534748,0.0439000017940998,0.2436999976634979,0.1424750089645385,0.0945499986410141,0.1127906218171119,0.0232999995350837,0.3043000102043152,0.1555949002504348,0.1200000047683715,0.1400765776634216,0.0063000000081956,0.3458999991416931,0.1793387830257415,0.0885000005364418,0.1831132471561432,0.0060999998822808,0.4436999857425689,0.1811066418886184,0.0722499936819076,0.1923568546772003,0.0046000001020729,0.4641000032424927,0.1698795109987259,-0.1265770345926284,0.3946523368358612,-0.2101400941610336,0.774193525314331,0.1929268687963485,0.0755157619714737,0.4544761478900909,-0.3233131766319275,0.7740740776062012,0.5153061224489796,True,True,2,39.0,18.755884582867317,20.244115417132683,20.244115417132683,51.90798824905816,51.90798824905816,True,20–50 NTU
56,Etawah_56_20221212T052219_20221212T052632_T44RKQ.tif,20221212T052219_20221212T052632_T44RKQ,2022-12-12,ETAWAH,12-12-2022 08:30,26.74972222,78.98333333,39.0,0.1239474537037037,0.000229,0.0443279423372325,0.0642459034150978,0.0415147662043218,0.0398732550391877,0.0129099521885084,0.0088975226286607,0.2341400933649122,0.665979730527479,2,1,True,OK,56,Etawah_56_20221212T052219_20221212T052632_T44RKQ.tif,13,14,9,EPSG:32644,0.0519395656883716,0.0441000014543533,0.018683960661292,0.0295000001788139,0.1111000031232833,0.0748714283108711,0.0650999993085861,0.0215742755681276,0.0478999987244606,0.1413999944925308,0.0569192357361316,0.0423500016331672,0.0331213921308517,0.0266999993473291,0.1622000038623809,0.1364510953426361,0.0533000007271766,0.111569657921791,0.0355999991297721,0.3689000010490417,0.0846505463123321,0.0511500015854835,0.0791985988616943,0.0076999999582767,0.2763000130653381,0.0599010996520519,0.0353999994695186,0.0679833516478538,0.0055999998003244,0.2797999978065491,-0.0973224639892578,0.0789920315146446,0.3610470592975616,-0.7029096484184265,0.2771084904670715,0.1795393079519271,0.1102658361196518,0.4746934771537781,-0.4499054849147796,0.7821782231330872,0.5384615384615384,True,True,2,39.0,21.631141564572225,17.368858435427775,17.368858435427775,44.535534449814804,44.535534449814804,True,20–50 NTU
173,Etawah_173_20230411T051649_20230411T052709_T44RKQ.tif,20230411T051649_20230411T052709_T44RKQ,2023-04-11,ETAWAH,11-04-2023 09:30,26.74972222,78.98333333,39.0,0.1655656481481481,0.155653,0.0193252816601228,0.0285297579439839,0.0199639218243736,0.0212487754113615,0.0218242395371366,0.0183909347908558,0.1467722567980312,0.1357092030953641,2,1,True,OK,173,Etawah_173_20230411T051649_20230411T052709_T44RKQ.tif,14,14,9,EPSG:32644,0.1409903019666671,0.185149997472763,0.0713235810399055,0.0308999996632337,0.2128999978303909,0.1893943846225738,0.2401999980211258,0.0819894522428512,0.0604000017046928,0.2746999859809875,0.2279739826917648,0.2993000149726867,0.1160410791635513,0.0379999987781047,0.3443999886512756,0.245340809226036,0.3350499868392944,0.1393875628709793,0.0185000002384185,0.3828000128269195,0.285808652639389,0.4073500037193298,0.1735415309667587,0.0267999991774559,0.4684000015258789,0.2874714732170105,0.4161499738693237,0.1800736337900161,0.023199999704957,0.476500004529953,-0.0271252021193504,-0.1595939099788665,0.2274953573942184,-0.1866523027420044,0.5310519933700562,-0.0783142447471618,-0.2410635948181152,0.2472239881753921,-0.3024372458457947,0.4417808353900909,0.2908163265306122,True,True,5,39.0,22.159409065875682,16.840590934124318,16.840590934124318,43.18100239519056,43.18100239519056,True,20–50 NTU
162,Etawah_162_20221222T052229_20221222T052753_T44RKQ.tif,20221222T052229_20221222T052753_T44RKQ,2022-12-22,ETAWAH,21-12-2022 08:40,26.74972222,78.98333333,38.0,0.8691298032407407,0.000833,0.0246234515682911,0.0448048423743924,0.0270910330013443,0.0252674832787503,0.0143569538969943,0.0116384992619026,0.2807060094961376,0.5143644985751259,2,1,True,OK,162,Etawah_162_20221222T052229_20221222T052753_T44RKQ.tif,14,14,9,EPSG:32644,0.0882107093930244,0.0602499991655349,0.0637050345540046,0.0178999993950128,0.1844999939203262,0.128713771700859,0.1013000011444091,0.0743549391627311,0.0428000018000602,0.2409999966621399,0.145175501704216,0.1083000004291534,0.1107093468308448,0.0209999997168779,0.3046000003814697,0.1560321599245071,0.1362999975681305,0.1407014280557632,0.0,0.3465000092983246,0.1869928538799286,0.1048000007867813,0.1813996732234954,0.0076999999582767,0.4451000094413757,0.1876464337110519,0.0963499993085861,0.1882373392581939,0.0071000000461936,0.4562000036239624,0.2221157699823379,-0.169133260846138,0.4817924499511719,-0.226216971874237,1.0,0.1398802995681762,-0.006769185885787,0.4293601214885711,-0.3350658118724823,0.7429048418998718,0.5,True,True,1,38.0,15.453117524339959,22.54688247566004,22.54688247566004,59.333901251736954,59.333901251736954,True,20–50 NTU
57,Etawah_57_20221222T052229_20221222T052753_T44RKQ.tif,20221222T052229_20221222T052753_T44RKQ,2022-12-22,ETAWAH,21-12-2022 08:40,26.74972222,78.98333333,38.0,0.8691298032407407,0.000833,0.0246234515682911,0.0448048423743924,0.0270910330013443,0.0252674832787503,0.0143569538969943,0.0116384992619026,0.2807060094961376,0.5143644985751259,2,1,True,OK,57,Etawah_57_20221222T052229_20221222T052753_T44RKQ.tif,13,14,9,EPSG:32644,0.0367054976522922,0.0285999998450279,0.020723033696413,0.0164000000804662,0.1094999983906745,0.0612648390233516,0.0507500022649765,0.0255022216588258,0.0357999987900257,0.1403000056743621,0.0474741794168949,0.0310999993234872,0.0347797349095344,0.0209999997168779,0.152999997138977,0.1324192285537719,0.0426499992609024,0.1187650337815284,0.0160000007599592,0.3691000044345855,0.0894000008702278,0.0538999997079372,0.080233484506607,0.0104999998584389,0.2782999873161316,0.0627560466527938,0.0383000001311302,0.0654284283518791,0.0077999997884035,0.2667999863624573,-0.1136117577552795,0.0468604117631912,0.3913095593452453,-0.7292245626449585,0.3822393417358398,0.0491088256239891,-0.0711502730846405,0.4232617616653442,-0.5313935875892639,0.6407766938209534,0.478021978021978,True,True,1,38.0,24.735882968296885,13.264117031703115,13.264117031703115,34.90557113606083,34.90557113606083,True,20–50 NTU
188,Etawah_188_20231107T052019_20231107T052323_T44RKQ.tif,20231107T052019_20231107T052323_T44RKQ,2023-11-07,ETAWAH,07-11-2023 08:50,26.74972222,78.98333333,37.0,0.1377753125,0.001994,0.0512862474367081,0.0746126555929984,0.0653824608275868,0.0576697353515899,0.0447484522136054,0.0290613594495896,0.1284867618636748,0.2503197214142461,2,1,True,OK,188,Etawah_188_20231107T052019_20231107T052323_T44RKQ.tif,14,14,9,EPSG:32644,0.1282214224338531,0.1403000056743621,0.0584724694490432,0.0487999990582466,0.2091999948024749,0.1792908161878585,0.1904000043869018,0.0686702132225036,0.0846000015735626,0.2705000042915344,0.2121668457984924,0.2395499944686889,0.1027385964989662,0.0734999999403953,0.3395000100135803,0.2085678577423095,0.255649983882904,0.1303084045648574,0.0373000018298625,0.3727999925613403,0.2768377661705017,0.3323000073432922,0.1821988672018051,0.046399999409914,0.4970000088214874,0.2646607458591461,0.3073999881744385,0.1851458251476287,0.0351000018417835,0.4891000092029571,0.0358686596155166,-0.1361029595136642,0.2304335087537765,-0.176601156592369,0.4259542226791382,-0.0746142417192459,-0.2609542310237884,0.2670918107032776,-0.3271615207195282,0.3545108139514923,0.3622448979591837,True,True,2,37.0,16.880546266268517,20.119453733731483,20.119453733731483,54.376901983058055,54.376901983058055,True,20–50 NTU
179,Etawah_179_20230610T051659_20230610T052824_T44RKQ.tif,20230610T051659_20230610T052824_T44RKQ,2023-06-10,ETAWAH,12-06-2023 09:10,26.74972222,78.98333333,37.0,2.151635844907408,0.036105,0.0580111625667258,0.0739378105809174,0.0677667656233786,0.0940003376957532,0.0865676234096607,0.0680325591468948,-0.119442899775406,-0.0788340685933173,2,1,True,OK,179,Etawah_179_20230610T051659_20230610T052824_T44RKQ.tif,14,14,9,EPSG:32644,0.1474607139825821,0.1770000010728836,0.0476423390209674,0.0566999986767768,0.1956000030040741,0.1970994919538498,0.231000006198883,0.0537284091114997,0.1004000008106231,0.2517000138759613,0.2338357269763946,0.2816500067710876,0.0761070549488067,0.0797000005841255,0.3073999881744385,0.2468699067831039,0.2997500002384186,0.0869161561131477,0.0658000037074089,0.3287999927997589,0.2970393002033233,0.3762499988079071,0.1207992285490036,0.0833000019192695,0.4106999933719635,0.2822673618793487,0.366100013256073,0.1264223456382751,0.0685999989509582,0.4034999907016754,-0.090068332850933,-0.130146712064743,0.0850716531276702,-0.1532481759786605,0.210310474038124,-0.1622527837753296,-0.2334946691989898,0.1239317506551742,-0.283075213432312,0.1221476793289184,0.1836734693877551,True,True,4,37.0,19.402152971482213,17.597847028517787,17.597847028517787,47.56174872572375,47.56174872572375,True,20–50 NTU
74,Etawah_74_20230610T051659_20230610T052824_T44RKQ.tif,20230610T051659_20230610T052824_T44RKQ,2023-06-10,ETAWAH,12-06-2023 09:10,26.74972222,78.98333333,37.0,2.151635844907408,0.036105,0.0580111625667258,0.0739378105809174,0.0677667656233786,0.0940003376957532,0.0865676234096607,0.0680325591468948,-0.119442899775406,-0.0788340685933173,2,1,True,OK,74,Etawah_74_20230610T051659_20230610T052824_T44RKQ.tif,13,14,9,EPSG:32644,0.0693824142217636,0.0594500005245208,0.0265111103653907,0.0489000007510185,0.1879000067710876,0.0920527428388595,0.0759499967098236,0.0337809771299362,0.0639000013470649,0.2356999963521957,0.0850274711847305,0.0693500041961669,0.0401947163045406,0.0593000017106533,0.2667999863624573,0.180601105093956,0.1041999980807304,0.099523901939392,0.0808999985456466,0.3580999970436096,0.1525175869464874,0.1067499965429306,0.0806724950671196,0.0776000022888183,0.395000010728836,0.1123434081673622,0.0825999975204467,0.066529743373394,0.0612000003457069,0.3655000030994415,-0.2662580013275146,-0.1809968948364257,0.1638797223567962,-0.6123368144035339,-0.0932432115077972,-0.2071836739778518,-0.1795831471681594,0.1210829988121986,-0.4190476238727569,-0.0644718930125236,0.0,True,True,4,37.0,23.660452195606396,13.339547804393604,13.339547804393604,36.052831903766496,36.052831903766496,True,20–50 NTU
84,Etawah_84_20231107T052019_20231107T052323_T44RKQ.tif,20231107T052019_20231107T052323_T44RKQ,2023-11-07,ETAWAH,07-11-2023 08:50,26.74972222,78.98333333,37.0,0.1377753125,0.001994,0.0512862474367081,0.0746126555929984,0.0653824608275868,0.0576697353515899,0.0447484522136054,0.0290613594495896,0.1284867618636748,0.2503197214142461,2,1,True,OK,84,Etawah_84_20231107T052019_20231107T052323_T44RKQ.tif,13,14,9,EPSG:32644,0.0560208745300769,0.0511999987065792,0.0163582786917686,0.0384000018239021,0.1247000023722648,0.0844846218824386,0.0774499997496604,0.0193436611443758,0.0692000016570091,0.1596000045537948,0.0758038386702537,0.0676999986171722,0.026762107387185,0.0502999983727932,0.1800000071525573,0.1696994453668594,0.0715000033378601,0.134368821978569,0.050900001078844,0.4411999881267547,0.1161670237779617,0.072050005197525,0.078955240547657,0.0416000001132488,0.2985000014305115,0.0731642842292785,0.0478000007569789,0.05643031001091,0.0275999996811151,0.2347999960184097,-0.1593100726604461,0.0245019178837537,0.3330634832382202,-0.708527147769928,0.1979396641254425,-0.0409649945795536,0.0437078401446342,0.2940605878829956,-0.4765799045562744,0.3008778989315033,0.521978021978022,True,True,2,37.0,25.378680394454054,11.621319605545946,11.621319605545946,31.408971906880932,31.408971906880932,True,20–50 NTU
122,Etawah_122_20210913T051651_20210913T053059_T44RKQ.tif,20210913T051651_20210913T053059_T44RKQ,2021-09-13,ETAWAH,13-09-2021 08:00,26.74972222,78.98333333,35.0,0.1030720138888888,29.700629,0.6689439188554749,0.6639480279540424,0.6435077746927338,0.6700916550885719,0.6588673625091042,0.5827718107365407,-0.0050659787490354,0.0032516683078594,2,1,True,OK,122,Etawah_122_20210913T051651_20210913T053059_T44RKQ.tif,14,14,9,EPSG:32644,0.0969122499227523,0.0945499986410141,0.0106843318790197,0.0794999971985817,0.1483000069856643,0.1393913179636001,0.1379999965429306,0.0098095098510384,0.1152999997138977,0.1827999949455261,0.1456811279058456,0.1450999975204467,0.009167299605906,0.1213999986648559,0.1793999969959259,0.0870015397667884,0.0824000015854835,0.0186144150793552,0.0627999976277351,0.1746000051498413,0.0331005118787288,0.0264999996870756,0.0172276329249143,0.0153000000864267,0.1045999974012374,0.0262107122689485,0.0228499993681907,0.0109972469508647,0.0131999999284744,0.0742999985814094,0.238353431224823,0.2482306361198425,0.0615001581609249,0.008158472366631,0.3704071342945099,0.6330424547195435,0.6745978593826294,0.1148587018251419,0.2355589121580124,0.7888199090957642,1.0,True,True,5,35.0,47.51498778047965,-12.51498778047965,12.51498778047965,-35.75710794422757,35.75710794422757,False,20–50 NTU
18,Etawah_18_20210913T051651_20210913T053059_T44RKQ.tif,20210913T051651_20210913T053059_T44RKQ,2021-09-13,ETAWAH,13-09-2021 08:00,26.74972222,78.98333333,35.0,0.1030720138888888,29.700629,0.6689439188554749,0.6639480279540424,0.6435077746927338,0.6700916550885719,0.6588673625091042,0.5827718107365407,-0.0050659787490354,0.0032516683078594,2,1,True,OK,18,Etawah_18_20210913T051651_20210913T053059_T44RKQ.tif,13,14,9,EPSG:32644,0.4545274674892425,0.4538999795913696,0.2489752322435379,0.0763999968767166,0.9124000072479248,0.468020886182785,0.4713999927043915,0.224343717098236,0.1067000031471252,0.8730000257492065,0.4570582509040832,0.4657999873161316,0.2146767675876617,0.0988000035285949,0.8338000178337097,0.5126109719276428,0.5604000091552734,0.1991020292043686,0.0821999981999397,0.8248999714851379,0.5064796805381775,0.5550999641418457,0.1900268048048019,0.0449000000953674,0.7846999764442444,0.442717581987381,0.4945000112056732,0.1769624501466751,0.0366999991238117,0.7103999853134155,-0.0617805831134319,-0.0460550412535667,0.083921693265438,-0.3555689752101898,0.1296982765197754,-0.0532117523252964,-0.0548388957977294,0.1152747273445129,-0.2751655280590057,0.4076517224311828,0.3516483516483517,True,True,5,35.0,36.59559977128307,-1.5955997712830694,1.5955997712830694,-4.558856489380198,4.558856489380198,False,20–50 NTU
126,Etawah_126_20211023T051901_20211023T052038_T44RKQ.tif,20211023T051901_20211023T052038_T44RKQ,2021-10-23,ETAWAH,21-10-2021 08:20,26.74972222,78.98333333,34.0,1.883089375,0.002223,0.0410995639164235,0.067272987310053,0.0611605292153628,0.0411115992077005,0.0239152029085367,0.0181845443832964,0.241700325243024,0.4758607455747421,2,1,True,OK,126,Etawah_126_20211023T051901_20211023T052038_T44RKQ.tif,14,14,9,EPSG:32644,0.0642673447728157,0.064300000667572,0.0011792660225182,0.061099998652935,0.0667999982833862,0.1067826524376869,0.1067999973893165,0.0010049900738522,0.1041999980807304,0.1094999983906745,0.1571331620216369,0.1571999937295913,0.0009167783427983,0.1537999957799911,0.159400001168251,0.1327663362026214,0.1325999945402145,0.0015225147362798,0.1289000064134597,0.1383000016212463,0.0157102029770612,0.015599999576807,0.0007838276214897,0.0142000000923872,0.0195000004023313,0.0121301021426916,0.0121999997645616,0.0009355571819469,0.0096000004559755,0.0148000000044703,-0.1084523722529411,-0.108293168246746,0.0075402953661978,-0.1289795786142349,-0.0882228910923004,0.7435442805290222,0.7455138564109802,0.011309714987874,0.6884983777999878,0.7660626173019409,1.0,True,True,1,34.0,79.39913033813762,-45.399130338137624,45.399130338137624,-133.5268539356989,133.5268539356989,False,20–50 NTU
22,Etawah_22_20211023T051901_20211023T052038_T44RKQ.tif,20211023T051901_20211023T052038_T44RKQ,2021-10-23,ETAWAH,21-10-2021 08:20,26.74972222,78.98333333,34.0,1.883089375,0.002223,0.0410995639164235,0.067272987310053,0.0611605292153628,0.0411115992077005,0.0239152029085367,0.0181845443832964,0.241700325243024,0.4758607455747421,2,1,True,OK,22,Etawah_22_20211023T051901_20211023T052038_T44RKQ.tif,13,14,9,EPSG:32644,0.0440478064119815,0.0419500023126602,0.0144749796018004,0.0247000008821487,0.1102999970316886,0.0732917562127113,0.0681499987840652,0.0177493039518594,0.0513999983668327,0.1589999943971634,0.0634214282035827,0.0630000010132789,0.024123253300786,0.0274000000208616,0.1785999983549118,0.156253844499588,0.0571499988436698,0.1399389058351516,0.0364999994635582,0.4302000105381012,0.091535173356533,0.0494499988853931,0.0745189562439918,0.0218000002205371,0.3226000070571899,0.0556824170053005,0.0320499986410141,0.0492475889623165,0.0156999994069337,0.2808000147342682,-0.1236134618520736,0.0707562267780304,0.4005739092826843,-0.7565001845359802,0.2857142984867096,0.0623144619166851,0.161670297384262,0.3994806706905365,-0.527999997138977,0.517089307308197,0.532967032967033,True,True,1,34.0,29.76856167372032,4.2314383262796795,4.2314383262796795,12.445406841999057,12.445406841999057,True,20–50 NTU
121,Etawah_121_20210903T051651_20210903T052534_T44RKQ.tif,20210903T051651_20210903T052534_T44RKQ,2021-09-03,ETAWAH,01-09-2021 08:30,26.74972222,78.98333333,33.0,1.8760952546296297,59.455585,0.2745007864275092,0.2509446251290003,0.2170016031275999,0.2683605020026769,0.1565585585839644,0.1358724655709355,-0.0335537202853965,0.2315887134975276,2,1,True,OK,121,Etawah_121_20210903T051651_20210903T052534_T44RKQ.tif,14,14,9,EPSG:32644,1.215633749961853,1.2223000526428225,0.0910899564623832,0.9735999703407288,1.414800047874451,1.1382744312286377,1.1439000368118286,0.0912077352404594,0.9228000044822692,1.354599952697754,1.0708714723587036,1.0770000219345093,0.0889999121427536,0.8479999899864197,1.2935999631881714,1.012044906616211,1.0170999765396118,0.0757493376731872,0.83160001039505,1.1706000566482544,0.5889892578125,0.5873500108718872,0.0318606868386268,0.5120000243186951,0.6820999979972839,0.4545010030269623,0.4551500082015991,0.0224670395255088,0.3959999978542328,0.5167999863624573,0.0584844946861267,0.0598179027438163,0.0131823997944593,0.0009674301836639,0.0843426436185836,0.3168425858020782,0.3199617266654968,0.0316189676523208,0.2336376011371612,0.392715185880661,1.0,True,True,1,33.0,44.71578291674372,-11.71578291674372,11.71578291674372,-35.50237247498097,35.50237247498097,False,20–50 NTU
17,Etawah_17_20210903T051651_20210903T052534_T44RKQ.tif,20210903T051651_20210903T052534_T44RKQ,2021-09-03,ETAWAH,01-09-2021 08:30,26.74972222,78.98333333,33.0,1.8760952546296297,59.455585,0.2745007864275092,0.2509446251290003,0.2170016031275999,0.2683605020026769,0.1565585585839644,0.1358724655709355,-0.0335537202853965,0.2315887134975276,2,1,True,OK,17,Etawah_17_20210903T051651_20210903T052534_T44RKQ.tif,13,14,9,EPSG:32644,0.276359885931015,0.2761000096797943,0.0073974151164293,0.2635999917984009,0.2958000004291534,0.2587999999523163,0.2564499974250793,0.0095670903101563,0.2410999983549118,0.2782999873161316,0.2240538597106933,0.2222999930381775,0.0119324130937457,0.2008000016212463,0.2540999948978424,0.2972939312458038,0.2869499921798706,0.0299151670187711,0.2621000111103058,0.3610999882221222,0.1710318624973297,0.1656500101089477,0.0145124671980738,0.153899997472763,0.2213000059127807,0.1432933956384658,0.1412000060081482,0.0082621043547987,0.1330000013113021,0.1784999966621399,-0.0669344291090965,-0.0427146628499031,0.0518737062811851,-0.1855024844408035,-0.0112963998690247,0.2051591575145721,0.214430570602417,0.0407759770750999,0.1130260527133941,0.2707997262477875,1.0,True,True,1,33.0,32.979395433312,0.020604566688000148,0.020604566688000148,0.06243808087272772,0.06243808087272772,True,20–50 NTU
176,Etawah_176_20230511T051649_20230511T052839_T44RKQ.tif,20230511T051649_20230511T052839_T44RKQ,2023-05-11,ETAWAH,11-05-2023 09:40,26.74972222,78.98333333,32.0,0.1724994791666666,0.000113,0.0340045044552073,0.048111739702657,0.0327909627715901,0.0489725226831102,0.0380518446883044,0.0315988878711642,-0.0083652853555487,0.1170430371214254,2,1,True,OK,176,Etawah_176_20230511T051649_20230511T052839_T44RKQ.tif,14,14,9,EPSG:32644,0.150959700345993,0.1951999962329864,0.063469611108303,0.0390000008046627,0.2135999947786331,0.2013275325298309,0.2529000043869018,0.0733414366841316,0.0749000012874603,0.2736999988555908,0.2443413287401199,0.3155999779701233,0.1026566177606582,0.0559000000357627,0.3409000039100647,0.26357501745224,0.3507000207901001,0.1268336325883865,0.0309999994933605,0.3801999986171722,0.305811733007431,0.4142000079154968,0.1592924147844314,0.0403000004589557,0.4595000147819519,0.3044882416725158,0.4211499989032745,0.165981113910675,0.0351000018417835,0.4661000072956085,-0.0734889730811119,-0.1601825654506683,0.1629508882761001,-0.1806634813547134,0.4290976226329803,-0.120049849152565,-0.2394508421421051,0.2070452272891998,-0.2891447246074676,0.4108527302742004,0.2244897959183673,True,True,2,32.0,19.668842816658376,12.331157183341624,12.331157183341624,38.53486619794258,38.53486619794258,True,20–50 NTU
71,Etawah_71_20230511T051649_20230511T052839_T44RKQ.tif,20230511T051649_20230511T052839_T44RKQ,2023-05-11,ETAWAH,11-05-2023 09:40,26.74972222,78.98333333,32.0,0.1724994791666666,0.000113,0.0340045044552073,0.048111739702657,0.0327909627715901,0.0489725226831102,0.0380518446883044,0.0315988878711642,-0.0083652853555487,0.1170430371214254,2,1,True,OK,71,Etawah_71_20230511T051649_20230511T052839_T44RKQ.tif,13,14,9,EPSG:32644,0.0531285740435123,0.0426499992609024,0.0303873848170042,0.0322000011801719,0.1738999933004379,0.0726906582713127,0.0622499994933605,0.0376972816884517,0.0443999990820884,0.2231000065803527,0.0621049478650093,0.0440500006079673,0.050009299069643,0.0287999995052814,0.2703999876976013,0.164747804403305,0.0910999998450279,0.1241470426321029,0.0425000004470348,0.3844000101089477,0.1239208802580833,0.0794499963521957,0.0963394716382026,0.0351999998092651,0.4036000072956085,0.0917379185557365,0.0617999993264675,0.0827277228236198,0.0278999991714954,0.3950999975204468,-0.2518233954906463,-0.1377730071544647,0.2578170001506805,-0.7030235528945923,0.0385887511074543,-0.1472153067588806,-0.1503777503967285,0.2327605485916137,-0.5,0.1971706300973892,0.4010989010989011,True,True,2,32.0,26.70048702031415,5.299512979685851,5.299512979685851,16.560978061518284,16.560978061518284,True,20–50 NTU
12,Etawah_12_20210630T051649_20210630T051915_T44RKQ.tif,20210630T051649_20210630T051915_T44RKQ,2021-06-30,ETAWAH,01-07-2021 08:00,26.74972222,78.98333333,30.0,1.1030700925925927,68.552062,0.2201563063023092,0.2287543066798265,0.2150443412556505,0.2770006217582672,0.2159185553858946,0.2021453828584437,-0.0953916754932268,0.028861681600353,2,1,True,OK,12,Etawah_12_20210630T051649_20210630T051915_T44RKQ.tif,13,14,9,EPSG:32644,0.2205412089824676,0.2195500135421753,0.008690970018506,0.2064999938011169,0.2495000064373016,0.2298032790422439,0.2285999953746795,0.0098393913358449,0.2149000018835067,0.2639000117778778,0.2181785553693771,0.2155999988317489,0.0135092241689562,0.1986999958753585,0.2657000124454498,0.2985835373401642,0.288100004196167,0.0219442006200552,0.270900011062622,0.3459999859333038,0.231962651014328,0.2252999991178512,0.0176792852580547,0.2135999947786331,0.2874000072479248,0.2121774405241012,0.2061499953269958,0.015539962798357,0.2003999948501587,0.2687999904155731,-0.1290545165538787,-0.1108934953808784,0.0412530973553657,-0.2262980490922927,-0.0853365510702133,-0.0037438499275594,0.0065949577838182,0.0317302234470844,-0.0514786317944526,0.0332883410155773,0.5384615384615384,True,True,4,30.0,18.647675659884,11.352324340115999,11.352324340115999,37.841081133719996,37.841081133719996,True,20–50 NTU
116,Etawah_116_20210630T051649_20210630T051915_T44RKQ.tif,20210630T051649_20210630T051915_T44RKQ,2021-06-30,ETAWAH,01-07-2021 08:00,26.74972222,78.98333333,30.0,1.1030700925925927,68.552062,0.2201563063023092,0.2287543066798265,0.2150443412556505,0.2770006217582672,0.2159185553858946,0.2021453828584437,-0.0953916754932268,0.028861681600353,2,1,True,OK,116,Etawah_116_20210630T051649_20210630T051915_T44RKQ.tif,14,14,9,EPSG:32644,0.1971745043992996,0.2046999931335449,0.0148416189476847,0.1650999933481216,0.2125000059604644,0.2260265350341797,0.2346499860286712,0.0171514600515365,0.1888999938964843,0.2442999929189682,0.237898975610733,0.25204998254776,0.0272835083305835,0.1784999966621399,0.2630000114440918,0.2856887578964233,0.3039500117301941,0.0339350849390029,0.2189999967813491,0.3158000111579895,0.2700933814048767,0.2927500009536743,0.0401671975851058,0.1935999989509582,0.3077000081539154,0.2534627616405487,0.2749000191688537,0.0396764427423477,0.1763000041246414,0.2899999916553497,-0.1141713485121727,-0.1267708539962768,0.0251914244145154,-0.1423722058534622,-0.0563954785466194,-0.0839709863066673,-0.1077918410301208,0.0429774224758148,-0.1238670870661735,0.0053097112104296,0.0306122448979591,True,True,4,30.0,19.590985514615383,10.409014485384617,10.409014485384617,34.696714951282054,34.696714951282054,True,20–50 NTU
72,Etawah_72_20230521T051659_20230521T052824_T44RKQ.tif,20230521T051659_20230521T052824_T44RKQ,2023-05-21,ETAWAH,22-05-2023 21:23,26.74972222,78.98333333,29.0,1.6606643055555557,0.086808,0.0817617965633519,0.1009464537387143,0.0906149209749691,0.1185268292000081,0.1074916530989933,0.0880432711182128,-0.0814764507042521,-0.0356830122142816,2,1,True,OK,72,Etawah_72_20230521T051659_20230521T052824_T44RKQ.tif,13,14,9,EPSG:32644,0.0773109942674636,0.0674000009894371,0.0256641414016485,0.0538999997079372,0.1749999970197677,0.1006934121251106,0.0904500037431716,0.0307754911482334,0.0718000009655952,0.2208999991416931,0.0949747189879417,0.0790999978780746,0.0409709885716438,0.062399998307228,0.2614000141620636,0.1863967180252075,0.1418499946594238,0.0893320441246032,0.0898000001907348,0.3459999859333038,0.163900539278984,0.1313999891281128,0.0754323527216911,0.0881000012159347,0.3882000148296356,0.1252521872520446,0.1034500002861023,0.066832959651947,0.0672999992966651,0.3704999983310699,-0.2498959898948669,-0.1673694401979446,0.1752449125051498,-0.605256974697113,-0.0584095641970634,-0.2070073187351226,-0.1948395669460296,0.1338599771261215,-0.422521024942398,0.0444964841008186,0.0109890109890109,True,True,1,29.0,20.22625024391867,8.77374975608133,8.77374975608133,30.25430950372872,30.25430950372872,True,20–50 NTU
201,Etawah_201_20240430T051651_20240430T053056_T44RKQ.tif,20240430T051651_20240430T053056_T44RKQ,2024-04-30,ETAWAH,01-05-2024 08:40,26.74972222,78.98333333,29.0,1.1308285300925929,0.000182,0.1021113589952431,0.1243142729985888,0.1296464657822103,0.1501049684687845,0.16916652759621,0.1475685812209875,-0.0987238150387834,-0.1494113506407368,2,1,True,OK,201,Etawah_201_20240430T051651_20240430T053056_T44RKQ.tif,14,14,9,EPSG:32644,0.1541545987129211,0.191550001502037,0.0607890747487545,0.0542000010609626,0.2173999994993209,0.2100525498390197,0.2490499913692474,0.0666348934173584,0.1026000007987022,0.2797999978065491,0.2508158087730407,0.3050000071525574,0.0958422645926475,0.0939999967813491,0.3512000143527984,0.2583734691143036,0.3300999999046325,0.1207571327686309,0.0658000037074089,0.37950000166893,0.3046091794967651,0.3937500119209289,0.1418782621622085,0.0852999985218048,0.4440000057220459,0.2848148047924042,0.3669500052928924,0.1403140425682068,0.0732999965548515,0.4257999956607818,-0.0494946055114269,-0.1389995813369751,0.1448068916797638,-0.1809095442295074,0.246857151389122,-0.1305935531854629,-0.2159366011619568,0.1435506939888,-0.2981272041797638,0.1681252866983413,0.2551020408163265,True,True,3,29.0,21.764370219306436,7.235629780693564,7.235629780693564,24.95044751963298,24.95044751963298,True,20–50 NTU
177,Etawah_177_20230521T051659_20230521T052824_T44RKQ.tif,20230521T051659_20230521T052824_T44RKQ,2023-05-21,ETAWAH,22-05-2023 21:23,26.74972222,78.98333333,29.0,1.6606643055555557,0.086808,0.0817617965633519,0.1009464537387143,0.0906149209749691,0.1185268292000081,0.1074916530989933,0.0880432711182128,-0.0814764507042521,-0.0356830122142816,2,1,True,OK,177,Etawah_177_20230521T051659_20230521T052824_T44RKQ.tif,14,14,9,EPSG:32644,0.1668535768985748,0.1931000053882599,0.0394540354609489,0.096000000834465,0.2073999941349029,0.2146576642990112,0.2448999881744384,0.0459788255393505,0.1316999942064285,0.2635000050067901,0.2524290680885315,0.295549988746643,0.0665728822350502,0.1218999996781349,0.3179999887943268,0.2802484333515167,0.3328000009059906,0.081210471689701,0.1189000010490417,0.3576000034809112,0.3174418210983276,0.3903499841690063,0.1112650036811828,0.122699998319149,0.4253000020980835,0.3064607083797455,0.3875499963760376,0.1209439486265182,0.1041999980807304,0.4226000010967254,-0.1186023652553558,-0.1504778712987899,0.0648436844348907,-0.1761798858642578,0.0711389556527137,-0.1636739820241928,-0.2259405851364135,0.1091947481036186,-0.2630513906478882,0.0989966392517089,0.173469387755102,True,True,1,29.0,21.874113908299808,7.125886091700192,7.125886091700192,24.57202100586273,24.57202100586273,True,20–50 NTU
97,Etawah_97_20240430T051651_20240430T053056_T44RKQ.tif,20240430T051651_20240430T053056_T44RKQ,2024-04-30,ETAWAH,01-05-2024 08:40,26.74972222,78.98333333,29.0,1.1308285300925929,0.000182,0.1021113589952431,0.1243142729985888,0.1296464657822103,0.1501049684687845,0.16916652759621,0.1475685812209875,-0.0987238150387834,-0.1494113506407368,2,1,True,OK,97,Etawah_97_20240430T051651_20240430T053056_T44RKQ.tif,13,14,9,EPSG:32644,0.0731093361973762,0.0529500022530555,0.0458290502429008,0.0201999992132186,0.2084999978542328,0.1035785675048828,0.0815000012516975,0.0486620031297206,0.0412000007927417,0.2404000014066696,0.103295050561428,0.0713500007987022,0.0619679428637027,0.0373000018298625,0.2653999924659729,0.2029373496770858,0.1800999939441681,0.1060593426227569,0.0593999996781349,0.4000000059604645,0.178731307387352,0.1757500022649765,0.0805987119674682,0.067900002002716,0.3894000053405761,0.1364104449748993,0.1131999939680099,0.0725013092160224,0.0560000017285347,0.3377000093460083,-0.2789270281791687,-0.2016188353300094,0.2058750540018081,-0.6718913316726685,-0.0614734776318073,-0.2567756474018097,-0.24394291639328,0.1361957788467407,-0.4987766444683075,0.0121372118592262,0.0054945054945054,True,True,3,29.0,24.295023737897193,4.704976262102807,4.704976262102807,16.224056076216577,16.224056076216577,True,20–50 NTU
43,Etawah_43_20220610T051701_20220610T052518_T44RKQ.tif,20220610T051701_20220610T052518_T44RKQ,2022-06-10,ETAWAH,11-06-2022 08:30,26.74972222,78.98333333,28.0,1.1238095138888888,10.060531,0.0287669623529681,0.0723918637193672,0.0741062085291052,0.1104718469773411,0.1384863458942991,0.106716962968553,-0.2082754591299506,-0.3135252250945783,2,1,True,OK,43,Etawah_43_20220610T051701_20220610T052518_T44RKQ.tif,13,14,9,EPSG:32644,0.0529181286692619,0.0442000031471252,0.0320029035210609,0.0240000002086162,0.1767999976873397,0.101130224764347,0.09375,0.0364203788340091,0.0667999982833862,0.2437999993562698,0.1072791293263435,0.0938500016927719,0.0446348041296005,0.0710000023245811,0.2885000109672546,0.1963450610637664,0.1572500020265579,0.0870105251669883,0.1070000007748603,0.3465999960899353,0.2008225172758102,0.184249997138977,0.0639803856611251,0.135000005364418,0.3815000057220459,0.1492824107408523,0.1384000033140182,0.0485265366733074,0.1036999970674514,0.3305000066757202,-0.2939303517341614,-0.2325209081172943,0.1066780239343643,-0.5276634693145752,-0.1646393537521362,-0.3314908444881439,-0.3244155943393707,0.0472701303660869,-0.4366359412670135,-0.2173354923725128,0.0,True,True,5,28.0,18.220943019154618,9.779056980845382,9.779056980845382,34.925203503019226,34.925203503019226,True,20–50 NTU
147,Etawah_147_20220610T051701_20220610T052518_T44RKQ.tif,20220610T051701_20220610T052518_T44RKQ,2022-06-10,ETAWAH,11-06-2022 08:30,26.74972222,78.98333333,28.0,1.1238095138888888,10.060531,0.0287669623529681,0.0723918637193672,0.0741062085291052,0.1104718469773411,0.1384863458942991,0.106716962968553,-0.2082754591299506,-0.3135252250945783,2,1,True,OK,147,Etawah_147_20220610T051701_20220610T052518_T44RKQ.tif,14,14,9,EPSG:32644,0.0952301025390625,0.0621999986469745,0.0670947358012199,0.0037000000011175,0.1951999962329864,0.156930610537529,0.1185500025749206,0.070664182305336,0.0649000033736229,0.260699987411499,0.1705311387777328,0.1275500059127807,0.0942433029413223,0.0544999986886978,0.305400013923645,0.2011709362268448,0.1574500054121017,0.104056991636753,0.0856000036001205,0.3490999937057495,0.2497158497571945,0.2005500048398971,0.10723677277565,0.1360000073909759,0.4020000100135803,0.2172250151634216,0.1647499948740005,0.1023911610245704,0.1094999983906745,0.3646999895572662,-0.10440344363451,-0.128867894411087,0.0525495447218418,-0.204244002699852,-0.0104529494419693,-0.233124166727066,-0.2228808403015136,0.0414002574980258,-0.3580613136291504,-0.1015242636203765,0.0,True,True,5,28.0,18.966240268796252,9.033759731203748,9.033759731203748,32.263427611441955,32.263427611441955,True,20–50 NTU
25,Etawah_25_20211122T052121_20211122T052810_T44RKQ.tif,20211122T052121_20211122T052810_T44RKQ,2021-11-22,ETAWAH,22-11-2021 07:40,26.74972222,78.98333333,28.0,0.0891928356481481,5.6e-05,0.0442184969113703,0.0611591496754454,0.0493189755167501,0.0504623454180546,0.0210280264363317,0.0153500846223192,0.0955834033750081,0.4879308287683573,2,1,True,OK,25,Etawah_25_20211122T052121_20211122T052810_T44RKQ.tif,13,14,9,EPSG:32644,0.0513302199542522,0.0456000007688999,0.0155391637235879,0.0357000008225441,0.1020999997854232,0.0718126371502876,0.063850000500679,0.0201415233314037,0.0546999983489513,0.1396999955177307,0.059825275093317,0.0507000014185905,0.0262393057346344,0.0350000001490116,0.1624000072479248,0.1480472534894943,0.0649499967694282,0.1100631058216095,0.0494999997317791,0.3573000133037567,0.091498352587223,0.0546000003814697,0.0766144320368766,0.0168999992311,0.2984000146389007,0.0586758218705654,0.034400001168251,0.0584028549492359,0.0118000004440546,0.2667999863624573,-0.1921138763427734,-0.027674738317728,0.3069747984409332,-0.7031951546669006,0.1259774416685104,0.0651461035013198,0.0691228583455085,0.3900518715381622,-0.4897866547107696,0.5726928114891052,0.521978021978022,True,True,3,28.0,20.163110965587755,7.836889034412245,7.836889034412245,27.988889408615158,27.988889408615158,True,20–50 NTU
115,Etawah_115_20210620T051649_20210620T053110_T44RKQ.tif,20210620T051649_20210620T053110_T44RKQ,2021-06-20,ETAWAH,21-06-2021 07:50,26.74972222,78.98333333,28.0,1.0961295601851853,28.629676,0.3662996056892381,0.3539987019649162,0.3355478895576418,0.3762721519262806,0.3863888795084848,0.3765853028282993,-0.0304769069482866,-0.0437989768244143,2,1,True,OK,115,Etawah_115_20210620T051649_20210620T053110_T44RKQ.tif,14,14,9,EPSG:32644,0.6280913352966309,0.660099983215332,0.101823516190052,0.365200012922287,0.777999997138977,0.6093734502792358,0.638700008392334,0.0992814227938652,0.3614000082015991,0.7577000260353088,0.5879234671592712,0.6190500259399414,0.1011114567518234,0.3447999954223633,0.737500011920929,0.5944254994392395,0.6238000392913818,0.0915269553661346,0.361299991607666,0.7312999963760376,0.5505979657173157,0.572100043296814,0.0847398340702056,0.3578999936580658,0.6916000247001648,0.4573576748371124,0.4724500179290771,0.0817011147737503,0.2689999938011169,0.6014999747276306,0.0114959720522165,0.0121579626575112,0.0187862515449523,-0.0328309535980224,0.0564717091619968,0.049515500664711,0.0481257140636444,0.0326871499419212,-0.0432825945317745,0.1306756436824798,0.9285714285714286,True,True,5,28.0,21.462365155903694,6.537634844096306,6.537634844096306,23.348695871772524,23.348695871772524,True,20–50 NTU
11,Etawah_11_20210620T051649_20210620T053110_T44RKQ.tif,20210620T051649_20210620T053110_T44RKQ,2021-06-20,ETAWAH,21-06-2021 07:50,26.74972222,78.98333333,28.0,1.0961295601851853,28.629676,0.3662996056892381,0.3539987019649162,0.3355478895576418,0.3762721519262806,0.3863888795084848,0.3765853028282993,-0.0304769069482866,-0.0437989768244143,2,1,True,OK,11,Etawah_11_20210620T051649_20210620T053110_T44RKQ.tif,13,14,9,EPSG:32644,0.372618705034256,0.3640999794006347,0.0262874290347099,0.335999995470047,0.4469000101089477,0.3602527678012848,0.354449987411499,0.0223159734159708,0.3316999971866607,0.4237000048160553,0.3403450548648834,0.3349999785423279,0.0207463987171649,0.3095999956130981,0.3998999893665313,0.3859483599662781,0.3817499876022339,0.018590860068798,0.3560999929904938,0.4352000057697296,0.3914422988891601,0.3894500136375427,0.0128360511735081,0.3580999970436096,0.4268999993801117,0.3779577016830444,0.377700001001358,0.0134377488866448,0.3447000086307525,0.4058000147342682,-0.0347862355411052,-0.035314917564392,0.0094220703467726,-0.0591330714523792,-0.0106246238574385,-0.0421314314007759,-0.0470497272908687,0.0187306273728609,-0.0780434310436248,0.005026361439377,0.0219780219780219,True,True,5,28.0,21.731149775500903,6.268850224499097,6.268850224499097,22.38875080178249,22.38875080178249,True,20–50 NTU
129,Etawah_129_20211122T052121_20211122T052810_T44RKQ.tif,20211122T052121_20211122T052810_T44RKQ,2021-11-22,ETAWAH,22-11-2021 07:40,26.74972222,78.98333333,28.0,0.0891928356481481,5.6e-05,0.0442184969113703,0.0611591496754454,0.0493189755167501,0.0504623454180546,0.0210280264363317,0.0153500846223192,0.0955834033750081,0.4879308287683573,2,1,True,OK,129,Etawah_129_20211122T052121_20211122T052810_T44RKQ.tif,14,14,9,EPSG:32644,0.0697102025151252,0.0441500023007392,0.040670059621334,0.0386999994516372,0.1606000065803527,0.1029566377401351,0.0715499967336654,0.0520518124103546,0.0631000027060508,0.2197999954223632,0.1041535660624504,0.0516500025987625,0.0829721540212631,0.0423000007867813,0.2806000113487243,0.1042617261409759,0.0278500001877546,0.1116311252117157,0.0210999995470047,0.3310999870300293,0.1187954023480415,0.0198500007390975,0.151784285902977,0.0143999997526407,0.4399000108242035,0.1080076545476913,0.0162000004202127,0.1476121693849563,0.0097000002861022,0.4347999989986419,0.2140841335058212,0.4286320209503174,0.3034002184867859,-0.2245076447725296,0.5129650831222534,0.2743247151374817,0.5619540214538574,0.4022865891456604,-0.3592903316020965,0.6408977508544922,0.673469387755102,True,True,3,28.0,30.281439428472893,-2.2814394284728934,2.2814394284728934,-8.147997958831763,8.147997958831763,False,20–50 NTU
200,Etawah_200_20240420T051651_20240420T052641_T44RKQ.tif,20240420T051651_20240420T052641_T44RKQ,2024-04-20,ETAWAH,22-04-2024 09:30,26.74972222,78.98333333,27.0,2.165543726851852,15.7132,0.0770367958115179,0.0992666947328158,0.0965757325610464,0.1411585025898357,0.1346287300646607,0.1052114580252401,-0.1786983782480059,-0.1491926128741119,2,1,True,OK,200,Etawah_200_20240420T051651_20240420T052641_T44RKQ.tif,14,14,9,EPSG:32644,0.1364882737398147,0.1619499921798706,0.0531285144388675,0.0557000003755092,0.195700004696846,0.1852382719516754,0.2108500003814697,0.05784747377038,0.1004000008106231,0.2511000037193298,0.216916337609291,0.2575500011444092,0.0836661085486412,0.0881000012159347,0.3100999891757965,0.2476464509963989,0.3011499941349029,0.1054311022162437,0.0877000018954277,0.3635999858379364,0.2787367403507232,0.341949999332428,0.1251666694879531,0.092799998819828,0.4147999882698059,0.2584331631660461,0.3204500079154968,0.1263414770364761,0.0763000026345253,0.3986999988555908,-0.1107319518923759,-0.1707328855991363,0.0962692350149154,-0.211180105805397,0.0718057006597518,-0.1592925488948822,-0.2317458093166351,0.116879753768444,-0.2923147976398468,0.0603362917900085,0.2346938775510204,True,True,4,27.0,18.293490698985085,8.706509301014915,8.706509301014915,32.24633074449969,32.24633074449969,True,20–50 NTU
96,Etawah_96_20240420T051651_20240420T052641_T44RKQ.tif,20240420T051651_20240420T052641_T44RKQ,2024-04-20,ETAWAH,22-04-2024 09:30,26.74972222,78.98333333,27.0,2.165543726851852,15.7132,0.0770367958115179,0.0992666947328158,0.0965757325610464,0.1411585025898357,0.1346287300646607,0.1052114580252401,-0.1786983782480059,-0.1491926128741119,2,1,True,OK,96,Etawah_96_20240420T051651_20240420T052641_T44RKQ.tif,13,14,9,EPSG:32644,0.0698994547128677,0.0605500005185604,0.0230455473065376,0.0474000014364719,0.1488000005483627,0.0954637452960014,0.0865499973297119,0.0258353203535079,0.067500002682209,0.1741999983787536,0.0935917645692825,0.0785000026226043,0.0359194166958332,0.0615999996662139,0.1985999941825866,0.1960758119821548,0.1764499992132187,0.0832859352231025,0.1004000008106231,0.3531000018119812,0.1614769250154495,0.1504999995231628,0.0583248734474182,0.0874999985098838,0.323199987411499,0.1180912032723426,0.1093999966979026,0.0451400801539421,0.067500002682209,0.2463999986648559,-0.3078245520591736,-0.2333000898361206,0.1554513424634933,-0.6089949607849121,-0.1296249479055404,-0.2383913993835449,-0.2117769122123718,0.1065030694007873,-0.4142441749572754,-0.0421962328255176,0.0,True,True,4,27.0,19.150237551115236,7.849762448884764,7.849762448884764,29.073194255128755,29.073194255128755,True,20–50 NTU
189,Etawah_189_20231112T052041_20231112T052318_T44RKQ.tif,20231112T052041_20231112T052318_T44RKQ,2023-11-12,ETAWAH,13-11-2023 09:10,26.74972222,78.98333333,27.0,1.151701111111111,0.000153,0.0451387809584261,0.0653941306214242,0.0505513372350702,0.0544066300431081,0.0224081081184055,0.0148839387752436,0.0915319941969911,0.4897618738070198,2,1,True,OK,189,Etawah_189_20231112T052041_20231112T052318_T44RKQ.tif,14,14,9,EPSG:32644,0.1217025518417358,0.1340500116348266,0.0512542910873889,0.0549000017344951,0.189300000667572,0.1641398072242736,0.1825499981641769,0.0636190250515937,0.0781999975442886,0.2477999925613403,0.1916821300983429,0.225950002670288,0.0956884920597076,0.0615999996662139,0.3097000122070312,0.2084071487188339,0.2605000138282776,0.1251753717660904,0.0428999997675418,0.3619000017642975,0.2651668190956116,0.3275499939918518,0.1877863854169845,0.0236000008881092,0.4914000034332275,0.2517846822738647,0.304099977016449,0.1875053793191909,0.0164000000804662,0.4837000072002411,-0.0203876681625843,-0.1724721491336822,0.206057921051979,-0.2041939049959182,0.3108433783054352,-0.0327889956533908,-0.2834179997444153,0.3681803941726684,-0.3554076552391052,0.5557476282119751,0.3520408163265306,True,True,1,27.0,21.941216990972496,5.058783009027504,5.058783009027504,18.736233366768534,18.736233366768534,True,20–50 NTU
85,Etawah_85_20231112T052041_20231112T052318_T44RKQ.tif,20231112T052041_20231112T052318_T44RKQ,2023-11-12,ETAWAH,13-11-2023 09:10,26.74972222,78.98333333,27.0,1.151701111111111,0.000153,0.0451387809584261,0.0653941306214242,0.0505513372350702,0.0544066300431081,0.0224081081184055,0.0148839387752436,0.0915319941969911,0.4897618738070198,2,1,True,OK,85,Etawah_85_20231112T052041_20231112T052318_T44RKQ.tif,13,14,9,EPSG:32644,0.0525966994464397,0.0465999990701675,0.0165969282388687,0.0381000004708766,0.120399996638298,0.0766434073448181,0.0688999965786933,0.0208221785724163,0.0597999989986419,0.1539999991655349,0.062728576362133,0.0528500005602836,0.0275633540004491,0.0406000018119812,0.1662999987602234,0.1619988977909088,0.0671000033617019,0.1264143139123916,0.0516000017523765,0.4223000109195709,0.0971291214227676,0.0543999969959259,0.0842609032988548,0.0199999995529651,0.3398000001907348,0.0599752776324749,0.0340000018477439,0.0607721023261547,0.0120999999344348,0.2691999971866607,-0.1909796893596649,0.0008714272407814,0.3113659024238586,-0.7045408487319946,0.1406003087759018,0.0781439617276191,0.0758591443300247,0.3966732323169708,-0.4727193117141723,0.5611729025840759,0.5439560439560439,True,True,1,27.0,24.158319877476647,2.8416801225233534,2.8416801225233534,10.524741194530938,10.524741194530938,True,20–50 NTU
184,Etawah_184_20231003T051651_20231003T052230_T44RKQ.tif,20231003T051651_20231003T052230_T44RKQ,2023-10-03,ETAWAH,03-10-2023 09:10,26.74972222,78.98333333,26.0,0.1516736111111111,15.05851,0.0327157097751157,0.0534295465583233,0.0394825732633303,0.0546464243707633,0.0303888232040802,0.0217613036616344,-0.0111578348429034,0.2752602171815663,2,1,True,OK,184,Etawah_184_20231003T051651_20231003T052230_T44RKQ.tif,14,14,9,EPSG:32644,0.0706025436520576,0.0705000013113021,0.0014391902368515,0.0671999976038932,0.0745000019669532,0.1100035682320594,0.1102000027894973,0.0017197051784023,0.1015999987721443,0.1133999973535537,0.088746428489685,0.0886000022292137,0.0016598309157416,0.0860000029206276,0.1004000008106231,0.0310050994157791,0.0305000003427267,0.0018297079950571,0.0283000003546476,0.0406999997794628,0.0222500003874301,0.0220999997109174,0.0009887375636026,0.0207000002264976,0.0269000008702278,0.0165010206401348,0.0164000000804662,0.0009936528513208,0.0138999996706843,0.0206000003963708,0.5603978037834167,0.566300630569458,0.0217280108481645,0.4279690682888031,0.5899280309677124,0.6635736227035522,0.6664154529571533,0.0125746941193938,0.6118326187133789,0.6863636374473572,1.0,True,True,1,26.0,123.8942365340644,-97.8942365340644,97.8942365340644,-376.51629436178615,376.51629436178615,False,20–50 NTU
19,Etawah_19_20210923T051651_20210923T053101_T44RKQ.tif,20210923T051651_20210923T053101_T44RKQ,2021-09-23,ETAWAH,21-09-2021 08:30,26.74972222,78.98333333,26.0,1.876120601851852,37.094069,0.1179673991686253,0.1410339520782702,0.1350458606213398,0.121847198158083,0.0419424126057902,0.0286345580246127,0.0730504989629267,0.5417419901738565,2,1,True,OK,19,Etawah_19_20210923T051651_20210923T053101_T44RKQ.tif,13,14,9,EPSG:32644,0.1124796569347381,0.1164000034332275,0.0171720460057258,0.0784000009298324,0.1595000028610229,0.1357219815254211,0.1398999989032745,0.0181526634842157,0.097800001502037,0.18469999730587,0.1187972500920295,0.1327999979257583,0.028594410046935,0.0612999983131885,0.1736000031232834,0.2164972573518753,0.1388999968767166,0.1229939088225364,0.0967999994754791,0.4876999855041504,0.1124126315116882,0.062950000166893,0.0861966013908386,0.0270000007003545,0.300599992275238,0.0639500021934509,0.0383500009775161,0.0481333397328853,0.0181000009179115,0.2318000048398971,-0.1458767056465149,0.0234953053295612,0.2673171758651733,-0.6368517875671387,0.1107027977705001,0.2113527506589889,0.4005097150802612,0.3864449858665466,-0.4018072485923767,0.6752856373786926,0.6703296703296703,True,True,4,26.0,97.15511395571978,-71.15511395571978,71.15511395571978,-273.67351521430686,273.67351521430686,False,20–50 NTU
123,Etawah_123_20210923T051651_20210923T053101_T44RKQ.tif,20210923T051651_20210923T053101_T44RKQ,2021-09-23,ETAWAH,21-09-2021 08:30,26.74972222,78.98333333,26.0,1.876120601851852,37.094069,0.1179673991686253,0.1410339520782702,0.1350458606213398,0.121847198158083,0.0419424126057902,0.0286345580246127,0.0730504989629267,0.5417419901738565,2,1,True,OK,123,Etawah_123_20210923T051651_20210923T053101_T44RKQ.tif,14,14,9,EPSG:32644,0.0696989893913269,0.0669500008225441,0.0116328047588467,0.0568999983370304,0.1040999963879585,0.0818897932767868,0.0756999999284744,0.0202266182750463,0.064300000667572,0.1435000002384185,0.0877117365598678,0.0764999985694885,0.0298403333872556,0.0658000037074089,0.1816000044345855,0.0676964223384857,0.0583000034093856,0.0249886345118284,0.0489000007510185,0.1423999965190887,0.016008673235774,0.0156999994069337,0.0022474420256912,0.0126000000163912,0.0243999995291233,0.0113734686747193,0.0109999999403953,0.0021005854941904,0.0068999999202787,0.0182000007480382,0.1071953251957893,0.1257304549217224,0.0434644296765327,-0.0066420687362551,0.1488721519708633,0.6674739122390747,0.6571071147918701,0.0319028943777084,0.6225680708885193,0.7634240984916687,1.0,True,True,4,26.0,40.45020467598327,-14.450204675983272,14.450204675983272,-55.57771029224335,55.57771029224335,False,20–50 NTU
82,Etawah_82_20231023T051851_20231023T052716_T44RKQ.tif,20231023T051851_20231023T052716_T44RKQ,2023-10-23,ETAWAH,23-10-2023 09:10,26.74972222,78.98333333,26.0,0.1516933101851852,0.000272,0.0471960306188578,0.0681336712876653,0.0543882882317972,0.0503499017229203,0.0277719315501173,0.0202050112727463,0.15007129795262,0.4210346421679934,2,1,True,OK,82,Etawah_82_20231023T051851_20231023T052716_T44RKQ.tif,13,14,9,EPSG:32644,0.0541774742305278,0.0483000017702579,0.0175249241292476,0.0379999987781047,0.1263000071048736,0.0790302231907844,0.0707999989390373,0.0213980413973331,0.0636999979615211,0.163000002503395,0.0651340559124946,0.0548999980092048,0.0291647389531135,0.0395000018179416,0.1788000017404556,0.1631120890378952,0.0610000006854534,0.1398772746324539,0.0425000004470348,0.4487000107765198,0.0982406511902809,0.0578000023961067,0.0786097571253776,0.0247000008821487,0.2845000028610229,0.062719777226448,0.035300001502037,0.0569821707904338,0.0185000002384185,0.2309000045061111,-0.1422915458679199,0.0541492812335491,0.3502752482891083,-0.7175253629684448,0.2155797481536865,0.0551090352237224,0.081791952252388,0.3551041483879089,-0.4422914981842041,0.463514894247055,0.5439560439560439,True,True,4,26.0,32.254534686881215,-6.254534686881215,6.254534686881215,-24.055902641850828,24.055902641850828,False,20–50 NTU
80,Etawah_80_20231003T051651_20231003T052230_T44RKQ.tif,20231003T051651_20231003T052230_T44RKQ,2023-10-03,ETAWAH,03-10-2023 09:10,26.74972222,78.98333333,26.0,0.1516736111111111,15.05851,0.0327157097751157,0.0534295465583233,0.0394825732633303,0.0546464243707633,0.0303888232040802,0.0217613036616344,-0.0111578348429034,0.2752602171815663,2,1,True,OK,80,Etawah_80_20231003T051651_20231003T052230_T44RKQ.tif,13,14,9,EPSG:32644,0.0421148352324962,0.033500000834465,0.0202786121517419,0.0288999993354082,0.1172000020742416,0.0692802146077156,0.0572500005364418,0.0259417481720447,0.0513000003993511,0.1572999954223632,0.0533659383654594,0.0408000014722347,0.0306331738829612,0.031599998474121,0.1643999963998794,0.1641802191734314,0.0654499977827072,0.1345060169696808,0.0507999993860721,0.424699991941452,0.0977879092097282,0.0452999994158744,0.076737493276596,0.0274000000208616,0.3140999972820282,0.0615170337259769,0.0302499998360872,0.0531739629805088,0.0195000004023313,0.2372999936342239,-0.2433148622512817,-0.0964252278208732,0.2782886326313019,-0.7353858947753906,0.0256898291409015,-0.0269701033830642,0.081082746386528,0.2970732152462005,-0.4761703908443451,0.3259532451629638,0.510989010989011,True,True,1,26.0,19.77055985940674,6.229440140593258,6.229440140593258,23.959385156127915,23.959385156127915,True,20–50 NTU
67,Etawah_67_20230401T051659_20230401T052512_T44RKQ.tif,20230401T051659_20230401T052512_T44RKQ,2023-04-01,ETAWAH,01-04-2023 09:40,26.74972222,78.98333333,26.0,0.1724869791666666,2.326412,0.0230681587551795,0.0312193413553465,0.0177490005037864,0.0140489582956909,0.0141732264757166,0.01018810508338,0.3807436257122538,0.3808706160404022,2,1,True,OK,67,Etawah_67_20230401T051659_20230401T052512_T44RKQ.tif,13,14,9,EPSG:32644,0.0311670359224081,0.0242999996989965,0.0140986172482371,0.0130000002682209,0.0812000036239624,0.047839555889368,0.0363500006496906,0.0216604080051183,0.0230999998748302,0.1119000017642974,0.0356351658701896,0.0206000003963708,0.0281762816011905,0.0111999996006488,0.1400000005960464,0.1370093375444412,0.0336500033736228,0.1352943927049636,0.0063999998383224,0.4180000126361847,0.0948538482189178,0.0569499991834163,0.0854321345686912,0.0093000000342726,0.2766999900341034,0.059035163372755,0.0369499996304512,0.0537354163825511,0.0071000000461936,0.2106000036001205,-0.1173215061426162,0.0147924562916159,0.4697777032852173,-0.7670502662658691,0.5704697966575623,-0.0683031678199768,-0.1946477591991424,0.4046446979045868,-0.6132339239120483,0.5351089239120483,0.456043956043956,True,True,1,26.0,30.088723735941528,-4.088723735941528,4.088723735941528,-15.725860522852031,15.725860522852031,False,20–50 NTU
172,Etawah_172_20230401T051659_20230401T052512_T44RKQ.tif,20230401T051659_20230401T052512_T44RKQ,2023-04-01,ETAWAH,01-04-2023 09:40,26.74972222,78.98333333,26.0,0.1724869791666666,2.326412,0.0230681587551795,0.0312193413553465,0.0177490005037864,0.0140489582956909,0.0141732264757166,0.01018810508338,0.3807436257122538,0.3808706160404022,2,1,True,OK,172,Etawah_172_20230401T051659_20230401T052512_T44RKQ.tif,14,14,9,EPSG:32644,0.1284755170345306,0.1550000011920929,0.093531847000122,0.0057000000961124,0.2446999996900558,0.1783234775066375,0.2046000063419342,0.1088678389787674,0.0320000015199184,0.317900002002716,0.21608367562294,0.2606500089168548,0.1471561938524246,0.0121999997645616,0.395000010728836,0.210942342877388,0.2690500020980835,0.1624607145786285,0.0,0.4032000005245209,0.266007661819458,0.3342500030994415,0.204896479845047,0.0041999998502433,0.5151000022888184,0.2649285793304443,0.323199987411499,0.2084729969501495,0.0065999999642372,0.5210999846458435,0.1955516636371612,-0.1182614117860794,0.4757413566112518,-0.1721985787153244,1.0,0.0365255810320377,-0.2240574806928634,0.3840391933917999,-0.3272969126701355,0.8592814207077026,0.336734693877551,True,True,1,26.0,24.259645426539613,1.7403545734603867,1.7403545734603867,6.693671436386103,6.693671436386103,True,20–50 NTU
186,Etawah_186_20231023T051851_20231023T052716_T44RKQ.tif,20231023T051851_20231023T052716_T44RKQ,2023-10-23,ETAWAH,23-10-2023 09:10,26.74972222,78.98333333,26.0,0.1516933101851852,0.000272,0.0471960306188578,0.0681336712876653,0.0543882882317972,0.0503499017229203,0.0277719315501173,0.0202050112727463,0.15007129795262,0.4210346421679934,2,1,True,OK,186,Etawah_186_20231023T051851_20231023T052716_T44RKQ.tif,14,14,9,EPSG:32644,0.0951984748244285,0.0743499994277954,0.0598139725625515,0.0324999988079071,0.1877000033855438,0.1373433619737625,0.1129000037908554,0.0759444236755371,0.0555999986827373,0.25450000166893,0.1591265201568603,0.1254000067710876,0.1123832762241363,0.0390999987721443,0.3249000012874603,0.1581857204437255,0.1222999989986419,0.1385326087474823,0.0100999996066093,0.3634999990463257,0.2038173526525497,0.1080999970436096,0.1862455010414123,0.0221999995410442,0.4808000028133392,0.1875137537717819,0.0770500004291534,0.1814943701028823,0.0172000005841255,0.4679000079631805,0.160450667142868,-0.0447841919958591,0.3518168032169342,-0.1856932938098907,0.69838947057724,0.0433281399309635,-0.0294935628771781,0.3298183083534241,-0.3412604331970215,0.4893617033958435,0.4948979591836734,True,True,4,26.0,25.071535318861205,0.9284646811387951,0.9284646811387951,3.5710180043799813,3.5710180043799813,True,20–50 NTU
26,Etawah_26_20211212T052221_20211212T052221_T44RKQ.tif,20211212T052221_20211212T052221_T44RKQ,2021-12-12,ETAWAH,13-12-2021 09:20,26.74972222,78.98333333,25.0,1.1586477314814816,5.675194,0.0572261122550379,0.0768464530644065,0.0565336710314039,0.077384530231021,0.0259763088834006,0.0177379223593586,-0.0035135583477624,0.4950677660243536,2,1,True,OK,26,Etawah_26_20211212T052221_20211212T052221_T44RKQ.tif,13,14,9,EPSG:32644,0.0626972466707229,0.0586999990046024,0.0098632480949163,0.0516999997198581,0.0982000008225441,0.0844966992735862,0.0790999978780746,0.013521684333682,0.0706000030040741,0.1303000003099441,0.06636593490839,0.0582000017166137,0.0187636148184537,0.049600001424551,0.1437000036239624,0.162304937839508,0.0948500037193298,0.0924847647547721,0.0737000033259391,0.3323000073432922,0.0934384539723396,0.0639999955892562,0.0685921609401702,0.0243999995291233,0.2515999972820282,0.0599494501948356,0.0469999983906745,0.0511188209056854,0.0148000000044703,0.249099999666214,-0.2253028601408004,-0.0861750915646553,0.2356688380241394,-0.6046688556671143,0.0256089624017477,0.0927022546529769,0.1066564694046974,0.3550015091896057,-0.3648589849472046,0.5206136107444763,0.532967032967033,True,True,2,25.0,18.307204929580585,6.692795070419415,6.692795070419415,26.77118028167766,26.77118028167766,True,20–50 NTU
202,Etawah_202_20240510T051651_20240510T052922_T44RKQ.tif,20240510T051651_20240510T052922_T44RKQ,2024-05-10,ETAWAH,11-05-2024 20:36,26.74972222,78.98333333,25.0,1.6280491782407407,2e-05,0.0839878238741778,0.112068764247663,0.1245180030787565,0.1057045890350285,0.163751972181647,0.1429415683603954,0.0637541799665127,-0.1703502884944543,2,1,True,OK,202,Etawah_202_20240510T051651_20240510T052922_T44RKQ.tif,14,14,9,EPSG:32644,0.1650214344263076,0.2043499946594238,0.0699217543005943,0.0346000008285045,0.2392999976873397,0.228356122970581,0.2735499739646911,0.0775757879018783,0.0852999985218048,0.3095999956130981,0.288109689950943,0.3523499965667724,0.1110318675637245,0.0812000036239624,0.4000999927520752,0.2549550831317901,0.3445500135421753,0.1390137374401092,0.0081000002101063,0.387800008058548,0.3325938880443573,0.4384499788284302,0.1620985716581344,0.0601000003516674,0.482699990272522,0.3126291036605835,0.4175499975681305,0.1557463705539703,0.0553999990224838,0.4609000086784363,0.0447857342660427,-0.1031330674886703,0.2456631362438202,-0.1489836871623993,0.8265524506568909,-0.1214571520686149,-0.214827761054039,0.1726301908493042,-0.3075245022773742,0.2588699162006378,0.25,True,True,2,25.0,20.83117649161227,4.168823508387732,4.168823508387732,16.675294033550927,16.675294033550927,True,20–50 NTU
130,Etawah_130_20211212T052221_20211212T052221_T44RKQ.tif,20211212T052221_20211212T052221_T44RKQ,2021-12-12,ETAWAH,13-12-2021 09:20,26.74972222,78.98333333,25.0,1.1586477314814816,5.675194,0.0572261122550379,0.0768464530644065,0.0565336710314039,0.077384530231021,0.0259763088834006,0.0177379223593586,-0.0035135583477624,0.4950677660243536,2,1,True,OK,130,Etawah_130_20211212T052221_20211212T052221_T44RKQ.tif,14,14,9,EPSG:32644,0.0901943892240524,0.0709500014781951,0.0304507296532392,0.0621000006794929,0.1486999988555908,0.117178589105606,0.0949499979615211,0.0403897948563098,0.0790000036358833,0.196600005030632,0.1171423494815826,0.0785000026226043,0.0635309740900993,0.060199998319149,0.2373999953269958,0.1311403214931488,0.0685999989509582,0.0899367555975914,0.0515000000596046,0.2906999886035919,0.1233836784958839,0.0341999977827072,0.124500535428524,0.0219999998807907,0.3675000071525574,0.1105260252952575,0.0245999991893768,0.1232497915625572,0.0142999999225139,0.3705999851226806,0.0355550236999988,0.156807079911232,0.1852416545152664,-0.2141503542661667,0.2534296214580536,0.2138724029064178,0.4632985591888428,0.3660564720630646,-0.3043478429317474,0.5956918001174927,0.6326530612244898,True,True,2,25.0,28.85170344347351,-3.851703443473511,3.851703443473511,-15.406813773894044,15.406813773894044,False,20–50 NTU
95,Etawah_95_20240410T051651_20240410T053057_T44RKQ.tif,20240410T051651_20240410T053057_T44RKQ,2024-04-10,ETAWAH,12-04-2024 12:23,26.74972222,78.98333333,25.0,2.2857184722222224,33.427975,0.026846945240437,0.0474241131833788,0.0351138514362229,0.0418207347075777,0.0392775477661629,0.0300610498218432,0.08866080111126,0.1001389885672865,1,1,False,OK,95,Etawah_95_20240410T051651_20240410T053057_T44RKQ.tif,13,14,9,EPSG:32644,0.0375384613871574,0.0305000003427267,0.0212587434798479,0.0176999997347593,0.1317999958992004,0.0633890107274055,0.0603500008583068,0.0269015803933143,0.0351999998092651,0.1655000001192093,0.0552054904401302,0.0409500002861022,0.0355790480971336,0.0252999998629093,0.1773000061511993,0.150423064827919,0.0865499973297119,0.1290956288576126,0.0233999993652105,0.3977000117301941,0.1138329580426216,0.0945499986410141,0.0779068395495414,0.0274000000208616,0.2883000075817108,0.0767829716205596,0.0674999952316284,0.0501813180744648,0.0226000007241964,0.2045000046491623,-0.1910407990217209,-0.078136533498764,0.3325271010398865,-0.7197851538658142,0.2345277070999145,-0.1741881966590881,-0.1653221249580383,0.23535917699337,-0.5244195461273193,0.2044063657522201,0.3461538461538461,True,True,2,25.0,27.34384948851068,-2.3438494885106813,2.3438494885106813,-9.375397954042725,9.375397954042725,False,20–50 NTU
98,Etawah_98_20240510T051651_20240510T052922_T44RKQ.tif,20240510T051651_20240510T052922_T44RKQ,2024-05-10,ETAWAH,11-05-2024 20:36,26.74972222,78.98333333,25.0,1.6280491782407407,2e-05,0.0839878238741778,0.112068764247663,0.1245180030787565,0.1057045890350285,0.163751972181647,0.1429415683603954,0.0637541799665127,-0.1703502884944543,2,1,True,OK,98,Etawah_98_20240510T051651_20240510T052922_T44RKQ.tif,13,14,9,EPSG:32644,0.0520181357860565,0.0294499993324279,0.0487811565399169,0.0015000000130385,0.2071000039577484,0.0872824192047119,0.0711999982595443,0.0521859936416149,0.0237000007182359,0.2404000014066696,0.089776374399662,0.0564000010490417,0.0733348205685615,0.0124000003561377,0.3172999918460846,0.1617994457483291,0.1369999945163726,0.1296677738428115,0.0,0.4009000062942505,0.169972538948059,0.161650002002716,0.1010134369134903,0.0283000003546476,0.4560000002384186,0.1297769248485565,0.1102499961853027,0.0855427533388137,0.0274999998509883,0.3822999894618988,-0.0401654094457626,-0.0374154262244701,0.4909695982933044,-0.7397260069847107,1.0,-0.2921603322029114,-0.2978149056434631,0.1618664413690567,-0.6031689047813416,0.0496019311249256,0.0219780219780219,True,True,2,25.0,26.180062042385032,-1.1800620423850319,1.1800620423850319,-4.7202481695401275,4.7202481695401275,False,20–50 NTU
62,Etawah_62_20230210T051949_20230210T052635_T44RKQ.tif,20230210T051949_20230210T052635_T44RKQ,2023-02-10,ETAWAH,11-02-2023 08:40,26.74972222,78.98333333,23.0,1.130877592592593,0.000209,0.0204277448345663,0.0341749017568397,0.0272579674070453,0.0364105856336594,0.0293946650024998,0.0224276185570586,-0.0315376735014577,0.0755042839523453,2,1,True,OK,62,Etawah_62_20230210T051949_20230210T052635_T44RKQ.tif,13,14,9,EPSG:32644,0.0291181318461895,0.0237000007182359,0.0134407915174961,0.0157999992370605,0.0961000025272369,0.0494967028498649,0.0402499996125698,0.0191683731973171,0.031700000166893,0.128600001335144,0.0411186851561069,0.0320499986410141,0.0185043383389711,0.0249000005424022,0.1261000037193298,0.1359725296497345,0.0550500005483627,0.1165307834744453,0.0342999994754791,0.460999995470047,0.090402752161026,0.0586999990046024,0.0629016831517219,0.0256999991834163,0.2028000056743621,0.0621236227452755,0.0447000004351139,0.0404906831681728,0.0203000009059906,0.1507000029087066,-0.2994348406791687,-0.1636026203632354,0.2564006447792053,-0.8021892309188843,0.0072359046898782,-0.1692849397659301,-0.1924226731061935,0.2502455115318298,-0.5402420163154602,0.2000000178813934,0.4175824175824176,True,True,1,23.0,11.897933085344134,11.102066914655866,11.102066914655866,48.26985615067768,48.26985615067768,True,20–50 NTU
167,Etawah_167_20230210T051949_20230210T052635_T44RKQ.tif,20230210T051949_20230210T052635_T44RKQ,2023-02-10,ETAWAH,11-02-2023 08:40,26.74972222,78.98333333,23.0,1.130877592592593,0.000209,0.0204277448345663,0.0341749017568397,0.0272579674070453,0.0364105856336594,0.0293946650024998,0.0224276185570586,-0.0315376735014577,0.0755042839523453,2,1,True,OK,167,Etawah_167_20230210T051949_20230210T052635_T44RKQ.tif,14,14,9,EPSG:32644,0.104460209608078,0.0697499960660934,0.0741550326347351,0.0297999996691942,0.214599996805191,0.1535693854093551,0.1178999990224838,0.087705947458744,0.0615000016987323,0.2854999899864197,0.171545922756195,0.1279000043869018,0.1262877434492111,0.0351999998092651,0.3564999997615814,0.1872122287750244,0.1840000003576278,0.1549466997385025,0.0175999999046325,0.3998000025749206,0.2146643102169037,0.1551499962806701,0.1851053535938263,0.0242999996989965,0.4742000102996826,0.209338292479515,0.1320999860763549,0.1906262338161468,0.0208999998867511,0.4819999933242798,0.1007038950920105,-0.1616656929254531,0.3266235291957855,-0.2651212513446808,0.5724637508392334,0.0370997115969657,-0.1300910115242004,0.3039142489433288,-0.292547732591629,0.4955134689807892,0.4591836734693877,True,True,1,23.0,22.106826612526046,0.8931733874739543,0.8931733874739543,3.883362554234584,3.883362554234584,True,20–50 NTU
195,Etawah_195_20240210T051951_20240210T052850_T44RKQ.tif,20240210T051951_20240210T052850_T44RKQ,2024-02-10,ETAWAH,12-02-2024 09:00,26.74972222,78.98333333,22.0,2.144790891203704,3.6e-05,0.0369169343984476,0.0495679900747606,0.0411553911823854,0.0360700171278277,0.0133308839713126,0.0101293638295615,0.1592411400848866,0.5748141831760337,2,1,True,OK,195,Etawah_195_20240210T051951_20240210T052850_T44RKQ.tif,14,14,9,EPSG:32644,0.0991158187389373,0.0698999986052513,0.0620733499526977,0.0342000015079975,0.1914000064134597,0.1438204050064087,0.1094499975442886,0.0766659751534462,0.0597999989986419,0.2603000104427337,0.164182648062706,0.1225500032305717,0.1128588765859603,0.0375000014901161,0.330700010061264,0.1836249828338623,0.1575500071048736,0.1498972624540329,0.0162000004202127,0.3907999992370605,0.2043658345937729,0.1451999992132187,0.1880414634943008,0.0087000001221895,0.4648999869823456,0.1917913854122162,0.106900006532669,0.1835394948720932,0.0077999997884035,0.4560999870300293,0.0767700746655464,-0.1795923411846161,0.3286615908145904,-0.2358959168195724,0.6000000238418579,0.1335143893957138,-0.1442185044288635,0.4457367360591888,-0.3255419135093689,0.7593361139297485,0.4744897959183674,True,True,3,22.0,17.345796863426173,4.654203136573827,4.654203136573827,21.155468802608304,21.155468802608304,True,20–50 NTU
91,Etawah_91_20240210T051951_20240210T052850_T44RKQ.tif,20240210T051951_20240210T052850_T44RKQ,2024-02-10,ETAWAH,12-02-2024 09:00,26.74972222,78.98333333,22.0,2.144790891203704,3.6e-05,0.0369169343984476,0.0495679900747606,0.0411553911823854,0.0360700171278277,0.0133308839713126,0.0101293638295615,0.1592411400848866,0.5748141831760337,2,1,True,OK,91,Etawah_91_20240210T051951_20240210T052850_T44RKQ.tif,13,14,9,EPSG:32644,0.0412131883203983,0.0394500009715557,0.0111268572509288,0.025000000372529,0.0939999967813491,0.0577417574822902,0.0537500008940696,0.0158977918326854,0.0410999990999698,0.1272000074386596,0.0482208803296089,0.0432500019669532,0.0168398264795541,0.0298999994993209,0.1278000026941299,0.1122494488954544,0.0460500009357929,0.0975480303168296,0.0258000008761882,0.4081999957561493,0.0755895599722862,0.0379000008106231,0.0673955976963043,0.0098999999463558,0.217299997806549,0.0517390109598636,0.0262000001966953,0.0457232594490051,0.0074999998323619,0.1872999966144561,-0.1324832886457443,0.0514236986637115,0.3204942643642425,-0.7579672336578369,0.240174651145935,0.108489342033863,0.1411554813385009,0.4433898329734802,-0.4909269213676452,0.6773333549499512,0.532967032967033,True,True,3,22.0,25.288094775489796,-3.288094775489796,3.288094775489796,-14.945885343135437,14.945885343135437,False,20–50 NTU
127,Etawah_127_20211102T052001_20211102T052127_T44RKQ.tif,20211102T052001_20211102T052127_T44RKQ,2021-11-02,ETAWAH,01-11-2021 08:25,26.74972222,78.98333333,21.0,0.8796049768518519,0.000979,0.0630878801284534,0.0828336853773106,0.0740672719050282,0.0612292087475374,0.028531728461563,0.0205635700827393,0.149937092299313,0.4875924516309826,2,1,True,OK,127,Etawah_127_20211102T052001_20211102T052127_T44RKQ.tif,14,14,9,EPSG:32644,0.0671301037073135,0.0621999986469745,0.0135182589292526,0.0586999990046024,0.1412000060081482,0.0922596976161003,0.0839499980211258,0.0195803102105855,0.0799999982118606,0.1962999999523162,0.0749882608652114,0.0593000017106533,0.0361992120742797,0.0562999993562698,0.2474000006914138,0.0509816370904445,0.0283499993383884,0.0554785691201686,0.0238000005483627,0.2937000095844269,0.0463209152221679,0.0217000003904104,0.0649003535509109,0.0194000005722045,0.3738000094890594,0.0350627526640892,0.0162000004202127,0.055244330316782,0.0127999996766448,0.359499990940094,0.3985917866230011,0.4949679374694824,0.2210535854101181,-0.2156242728233337,0.5423076748847961,0.4774614572525024,0.589669942855835,0.252395749092102,-0.3404214680194855,0.6306818127632141,0.8928571428571429,True,True,5,21.0,59.625120474501905,-38.625120474501905,38.625120474501905,-183.92914511667573,183.92914511667573,False,20–50 NTU
7,Etawah_7_20210421T051649_20210421T053100_T44RKQ.tif,20210421T051649_20210421T053100_T44RKQ,2021-04-21,ETAWAH,21-04-2021 08:10,26.74972222,78.98333333,21.0,0.1100911111111111,56.752861,0.616246002902453,0.5758819288473476,0.5370391913404403,0.5899291142133308,0.4583056151304764,0.4200075474559323,-0.0130136352820766,0.1119706932641985,2,1,True,OK,7,Etawah_7_20210421T051649_20210421T053100_T44RKQ.tif,13,14,9,EPSG:32644,0.5095582604408264,0.5586000084877014,0.1537935733795166,0.1895000040531158,0.7336000204086304,0.5031285285949707,0.5371000170707703,0.1323595196008682,0.152999997138977,0.6868000030517578,0.4836340248584747,0.5161000490188599,0.1287070214748382,0.1356000006198883,0.6542999744415283,0.5115384459495544,0.5534999966621399,0.1207764595746994,0.2202000021934509,0.6894999742507935,0.4129164516925812,0.4444500207901001,0.0911479368805885,0.1620000004768371,0.527899980545044,0.3654137849807739,0.3942499756813049,0.0917692631483078,0.1247999966144561,0.4839000105857849,-0.0139480177313089,-0.0068706404417753,0.043985191732645,-0.18006432056427,0.1268613636493683,0.0915287584066391,0.1059018224477768,0.0798571780323982,-0.2280701696872711,0.3385675847530365,0.8956043956043956,True,True,4,21.0,34.1960380039812,-13.1960380039812,13.1960380039812,-62.838276209434284,62.838276209434284,False,20–50 NTU
23,Etawah_23_20211102T052001_20211102T052127_T44RKQ.tif,20211102T052001_20211102T052127_T44RKQ,2021-11-02,ETAWAH,01-11-2021 08:25,26.74972222,78.98333333,21.0,0.8796049768518519,0.000979,0.0630878801284534,0.0828336853773106,0.0740672719050282,0.0612292087475374,0.028531728461563,0.0205635700827393,0.149937092299313,0.4875924516309826,2,1,True,OK,23,Etawah_23_20211102T052001_20211102T052127_T44RKQ.tif,13,14,9,EPSG:32644,0.0666846185922622,0.0633499994874,0.0157132931053638,0.0465999990701675,0.1168999969959259,0.0903868079185485,0.0837000012397766,0.0193753577768802,0.0706999972462654,0.1599999964237213,0.0811565965414047,0.0754000023007392,0.0298872124403715,0.0472000017762184,0.1867000013589859,0.1596252769231796,0.0732000023126602,0.121373102068901,0.0573000013828277,0.4034999907016754,0.0991758182644844,0.0609000027179718,0.0793583616614341,0.025399999693036,0.3292999863624573,0.0662988945841789,0.0367499999701976,0.0655233860015869,0.0175000000745058,0.3037000000476837,-0.1232965290546417,0.0424422100186347,0.3249959051609039,-0.6839454174041748,0.1967545747756958,0.1046097800135612,0.1621837168931961,0.3682548403739929,-0.4279935359954834,0.5400881171226501,0.5439560439560439,True,True,5,21.0,30.05968425984625,-9.05968425984625,9.05968425984625,-43.14135361831548,43.14135361831548,False,20–50 NTU
111,Etawah_111_20210421T051649_20210421T053100_T44RKQ.tif,20210421T051649_20210421T053100_T44RKQ,2021-04-21,ETAWAH,21-04-2021 08:10,26.74972222,78.98333333,21.0,0.1100911111111111,56.752861,0.616246002902453,0.5758819288473476,0.5370391913404403,0.5899291142133308,0.4583056151304764,0.4200075474559323,-0.0130136352820766,0.1119706932641985,2,1,True,OK,111,Etawah_111_20210421T051649_20210421T053100_T44RKQ.tif,14,14,9,EPSG:32644,0.2813076376914978,0.2867999970912933,0.0934797972440719,0.1246000006794929,0.451799988746643,0.2953397929668426,0.3008999824523926,0.0836902782320976,0.1464000046253204,0.4251999855041504,0.3010729551315307,0.3113000094890594,0.0772741585969924,0.1606999933719635,0.4199000000953674,0.3353397846221924,0.3432499766349792,0.0826819390058517,0.1889999955892563,0.4643000066280365,0.3235704004764557,0.3295000195503235,0.062717892229557,0.1886000037193298,0.4086999893188476,0.2962112128734588,0.2975500226020813,0.0597390793263912,0.1544999927282333,0.3955999910831451,-0.0696100816130638,-0.0629753917455673,0.0397539660334587,-0.1716399937868118,0.0082423770800232,-0.0577864982187747,-0.0372211597859859,0.1013781353831291,-0.3224864304065704,0.1953978538513183,0.3061224489795918,True,True,4,21.0,28.649984042212456,-7.649984042212456,7.649984042212456,-36.42849543910693,36.42849543910693,False,20–50 NTU
175,Etawah_175_20230501T051649_20230501T052839_T44RKQ.tif,20230501T051649_20230501T052839_T44RKQ,2023-05-01,ETAWAH,01-05-2023 20:50,26.74972222,78.98333333,20.0,0.6377793518518519,77.331245,0.0152878940669341,0.0339740430441976,0.0139507882183049,0.0128341640298163,0.0232079532245218,0.025277421370029,0.7417511899222995,0.1485195757476675,2,1,True,OK,175,Etawah_175_20230501T051649_20230501T052839_T44RKQ.tif,14,14,9,EPSG:32644,0.1640647947788238,0.1550000011920929,0.1018976867198944,0.0,0.329800009727478,0.2105510085821151,0.193350002169609,0.1208951398730278,0.0,0.4129000008106231,0.2488071471452713,0.2375999987125396,0.1580837219953537,0.0,0.5063999891281128,0.2177724242210388,0.2008500099182129,0.1670241504907608,0.0,0.491100013256073,0.2613102197647095,0.231249988079071,0.1936294287443161,0.0,0.5788000226020813,0.2464893162250518,0.1953000128269195,0.1912564784288406,0.002600000007078,0.5806000232696533,0.1875345855951309,0.0,0.3960184454917907,-0.1516730040311813,1.0,0.0535265579819679,-0.0834096521139144,0.3269975185394287,-0.2381666004657745,1.0,0.3775510204081632,True,True,3,20.0,24.64564755726998,-4.645647557269982,4.645647557269982,-23.228237786349908,23.228237786349908,False,20–50 NTU
70,Etawah_70_20230501T051649_20230501T052839_T44RKQ.tif,20230501T051649_20230501T052839_T44RKQ,2023-05-01,ETAWAH,01-05-2023 20:50,26.74972222,78.98333333,20.0,0.6377793518518519,77.331245,0.0152878940669341,0.0339740430441976,0.0139507882183049,0.0128341640298163,0.0232079532245218,0.025277421370029,0.7417511899222995,0.1485195757476675,2,1,True,OK,70,Etawah_70_20230501T051649_20230501T052839_T44RKQ.tif,13,14,9,EPSG:32644,0.0332840681076049,0.0123999994248151,0.0496515408158302,0.0,0.2280000001192093,0.0563747286796569,0.035250000655651,0.0589552037417888,0.0024999999441206,0.2820000052452087,0.0417939573526382,0.0103000001981854,0.0733399465680122,0.0,0.3467000126838684,0.1715263724327087,0.0839999988675117,0.181350439786911,0.0,0.5569000244140625,0.1311879158020019,0.0944499969482421,0.1139868572354316,0.0074000000022351,0.4648000001907348,0.0921390056610107,0.068350002169609,0.0857027173042297,0.0164000000804662,0.4244999885559082,0.1050301343202591,-0.0246379673480987,0.7611052393913269,-0.9027409553527832,1.0,-0.3329873979091644,-0.2963968515396118,0.2979569733142853,-0.8872785568237305,0.3455882668495178,0.1538461538461538,True,True,3,20.0,20.249009163526978,-0.24900916352697777,0.24900916352697777,-1.2450458176348889,1.2450458176348889,False,20–50 NTU
99,Etawah_99_20240530T051651_20240530T053020_T44RKQ.tif,20240530T051651_20240530T053020_T44RKQ,2024-05-30,ETAWAH,01-06-2024 08:40,26.74972222,78.98333333,19.4,2.130830243055556,43.092409,0.1305321647485651,0.1654576018079276,0.1714708341845639,0.1999882339071986,0.2210411760989611,0.183143500366609,-0.0931058273622388,-0.1406501658860728,2,1,True,OK,99,Etawah_99_20240530T051651_20240530T053020_T44RKQ.tif,13,14,9,EPSG:32644,0.1122071370482444,0.1063999980688095,0.0331689231097698,0.0671999976038932,0.2032999992370605,0.1526576876640319,0.140749990940094,0.0332984663546085,0.1140000000596046,0.2402999997138977,0.1552005261182785,0.137499988079071,0.0471694357693195,0.0989999994635582,0.2903999984264374,0.2352109998464584,0.2295999974012375,0.0680421143770217,0.1429000049829483,0.3677999973297119,0.2284950464963913,0.2273000031709671,0.0622707232832908,0.1527999937534332,0.4099000096321106,0.176908791065216,0.1536999940872192,0.0573168061673641,0.1176000013947486,0.3486999869346618,-0.1973151713609695,-0.1212370246648788,0.1383789330720901,-0.4890688061714172,-0.0441276207566261,-0.1906295120716095,-0.1666003167629242,0.0927067250013351,-0.3532934188842773,-0.022561365738511,0.0,True,True,1,19.4,21.16686956143976,-1.766869561439762,1.766869561439762,-9.107575058967846,9.107575058967846,False,<20 NTU
203,Etawah_203_20240530T051651_20240530T053020_T44RKQ.tif,20240530T051651_20240530T053020_T44RKQ,2024-05-30,ETAWAH,01-06-2024 08:40,26.74972222,78.98333333,19.4,2.130830243055556,43.092409,0.1305321647485651,0.1654576018079276,0.1714708341845639,0.1999882339071986,0.2210411760989611,0.183143500366609,-0.0931058273622388,-0.1406501658860728,2,1,True,OK,203,Etawah_203_20240530T051651_20240530T053020_T44RKQ.tif,14,14,9,EPSG:32644,0.2038413286209106,0.2266499996185302,0.0372227393090724,0.1287000030279159,0.2389000058174133,0.2645168304443359,0.2903999984264374,0.0440487824380397,0.1730999946594238,0.3070999979972839,0.3069755136966705,0.3397499918937683,0.0630441531538963,0.1843000054359436,0.3691000044345855,0.3279433846473694,0.3779500126838684,0.0837929844856262,0.1722999960184097,0.4084999859333038,0.3872296214103699,0.4252499938011169,0.0870575159788131,0.1879999935626983,0.4713999927043915,0.3508734703063965,0.3788500130176544,0.0732105895876884,0.1643999963998794,0.4372000098228454,-0.0948218032717704,-0.1296484470367431,0.0633466392755508,-0.1545623689889907,0.1257189661264419,-0.1797718256711959,-0.2021120488643646,0.0678260847926139,-0.3344519138336181,0.0203231181949377,0.0459183673469387,True,True,1,19.4,20.471691599332647,-1.0716915993326488,1.0716915993326488,-5.524183501714685,5.524183501714685,False,<20 NTU
114,Etawah_114_20210610T051649_20210610T053106_T44RKQ.tif,20210610T051649_20210610T053106_T44RKQ,2021-06-10,ETAWAH,11-06-2021 08:00,26.74972222,78.98333333,19.0,1.1030702546296296,32.074681,0.8012977494262497,0.7468568719000563,0.7083793379584548,0.7222186922607524,0.5834345477255616,0.5750650534456647,0.0167652148749996,0.1228350781382539,2,1,True,OK,114,Etawah_114_20210610T051649_20210610T053106_T44RKQ.tif,14,14,9,EPSG:32644,1.2993907928466797,1.3092000484466553,0.1141445115208625,1.1003999710083008,1.5210000276565552,1.1996572017669678,1.1898000240325928,0.111529491841793,1.020799994468689,1.4332000017166138,1.119723558425903,1.1043999195098877,0.1074578315019607,0.9467999935150146,1.3622000217437744,1.1293959617614746,1.1238000392913818,0.1189593747258186,0.9358000159263612,1.3772000074386597,0.6700418591499329,0.6658999919891357,0.0586209818720817,0.5302000045776367,0.7882999777793884,0.5524683594703674,0.5598000288009644,0.0524179898202419,0.390500009059906,0.6371999979019165,0.0307846199721097,0.0295759420841932,0.0115072755143046,-0.0059648710303008,0.059290811419487,0.2825660407543182,0.2766813337802887,0.0396794043481349,0.1982399076223373,0.3887402713298797,1.0,True,True,1,19.0,24.822957773032645,-5.822957773032645,5.822957773032645,-30.647146173856026,30.647146173856026,False,<20 NTU
137,Etawah_137_20220302T051731_20220302T052536_T44RKQ.tif,20220302T051731_20220302T052536_T44RKQ,2022-03-02,ETAWAH,02-03-2022 09:00,26.74972222,78.98333333,19.0,0.1447088657407407,0.000169,0.0226100225241221,0.0355799271418872,0.0266482122370927,0.0455174128958108,0.0268907659775724,0.0198390061614682,-0.1224978858036585,0.1404785680815867,2,1,True,OK,137,Etawah_137_20220302T051731_20220302T052536_T44RKQ.tif,14,14,9,EPSG:32644,0.0854071378707885,0.0446000024676322,0.0634069368243217,0.0249000005424022,0.193800002336502,0.1277974545955658,0.0800499990582466,0.075984314084053,0.0522000007331371,0.2581999897956848,0.1452071517705917,0.0791500061750412,0.1079401820898056,0.036200001835823,0.325300008058548,0.1518785655498504,0.060149997472763,0.1403344124555587,0.0184000004082918,0.3720999956130981,0.1775341778993606,0.0630000010132789,0.1750289350748062,0.0229000002145767,0.4586000144481659,0.1667780578136444,0.0437000021338462,0.1722465753555297,0.0189999993890523,0.4469000101089477,0.1138084381818771,0.1280833184719085,0.2893394529819488,-0.2263972014188766,0.5261845588684082,0.0811992883682251,0.1226467862725257,0.3240211308002472,-0.3358633816242218,0.5356802940368652,0.5408163265306123,True,True,5,19.0,22.412154950109777,-3.4121549501097768,3.4121549501097768,-17.958710263735668,17.958710263735668,False,<20 NTU
88,Etawah_88_20231202T052151_20231202T052152_T44RKQ.tif,20231202T052151_20231202T052152_T44RKQ,2023-12-02,ETAWAH,01-12-2023 09:20,26.74972222,78.98333333,19.0,0.841269050925926,10.253151,0.0481052369446712,0.0750880349712731,0.0579051097633678,0.0813117547019443,0.0331696226662192,0.0173648791146456,-0.0403126701914827,0.3864079713276042,2,1,True,OK,88,Etawah_88_20231202T052151_20231202T052152_T44RKQ.tif,13,14,9,EPSG:32644,0.0545494481921196,0.0487499982118606,0.0190790724009275,0.0307000000029802,0.1224000006914138,0.0872939527034759,0.0797000005841255,0.0211938433349132,0.0630000010132789,0.1614000052213668,0.0705791190266609,0.0606999993324279,0.0274986717849969,0.0447000004351139,0.188400000333786,0.1757291108369827,0.1050000041723251,0.1075829789042472,0.0732000023126602,0.38960000872612,0.1115395650267601,0.0762000009417533,0.0853506848216056,0.0298999994993209,0.3894999921321869,0.0648373588919639,0.0455000028014183,0.0615673661231994,0.0137999998405575,0.335099995136261,-0.2402102351188659,-0.1032218635082244,0.2406290024518966,-0.6847037076950073,0.0128118339926004,0.022433491423726,0.0503828860819339,0.3386206328868866,-0.4981975555419922,0.438914030790329,0.532967032967033,True,True,5,19.0,21.231223827377512,-2.2312238273775122,2.2312238273775122,-11.743283301986907,11.743283301986907,False,<20 NTU
33,Etawah_33_20220302T051731_20220302T052536_T44RKQ.tif,20220302T051731_20220302T052536_T44RKQ,2022-03-02,ETAWAH,02-03-2022 09:00,26.74972222,78.98333333,19.0,0.1447088657407407,0.000169,0.0226100225241221,0.0355799271418872,0.0266482122370927,0.0455174128958108,0.0268907659775724,0.0198390061614682,-0.1224978858036585,0.1404785680815867,2,1,True,OK,33,Etawah_33_20220302T051731_20220302T052536_T44RKQ.tif,13,14,9,EPSG:32644,0.0339362658560276,0.0261499993503093,0.0176281556487083,0.0184000004082918,0.1097000017762184,0.0563258193433284,0.0415000021457672,0.0253276117146015,0.0318999998271465,0.1462000012397766,0.0452945008873939,0.0329499989748001,0.0271533541381359,0.02449999935925,0.1503999978303909,0.1485346108675003,0.067450001835823,0.1136417537927627,0.0414000004529953,0.4708999991416931,0.0954692363739013,0.0641999989748001,0.0711319968104362,0.0232999995350837,0.2380000054836273,0.0647021904587745,0.0473499968647956,0.0502757541835308,0.0164000000804662,0.2143000066280365,-0.3276201486587524,-0.2513993978500366,0.201144129037857,-0.8160431981086731,-0.091364212334156,-0.1300764977931976,-0.184210330247879,0.2342655211687088,-0.5318940281867981,0.2020548284053802,0.4065934065934066,True,True,5,19.0,16.826256894961364,2.1737431050386355,2.1737431050386355,11.440753184413872,11.440753184413872,True,<20 NTU
10,Etawah_10_20210610T051649_20210610T053106_T44RKQ.tif,20210610T051649_20210610T053106_T44RKQ,2021-06-10,ETAWAH,11-06-2021 08:00,26.74972222,78.98333333,19.0,1.1030702546296296,32.074681,0.8012977494262497,0.7468568719000563,0.7083793379584548,0.7222186922607524,0.5834345477255616,0.5750650534456647,0.0167652148749996,0.1228350781382539,2,1,True,OK,10,Etawah_10_20210610T051649_20210610T053106_T44RKQ.tif,13,14,9,EPSG:32644,0.7230522036552429,0.7633500099182129,0.1293635368347168,0.3783999979496002,0.90420001745224,0.6778659224510193,0.7145000100135803,0.1080471724271774,0.3792999982833862,0.8281999826431274,0.6405681371688843,0.6684999465942383,0.094215489923954,0.3772000074386596,0.7753000259399414,0.6681153774261475,0.6991499662399292,0.0965223535895347,0.3921999931335449,0.8169999718666077,0.5395780205726624,0.5521000027656555,0.0546780750155448,0.3880000114440918,0.625,0.5203269124031067,0.5319000482559204,0.0570137426257133,0.3693000078201294,0.6146000027656555,0.0058958339504897,0.0105924140661954,0.0143016166985034,-0.0569368489086627,0.0279030855745077,0.1089842468500137,0.127830371260643,0.0536069311201572,-0.0734571740031242,0.1960185170173645,0.9505494505494504,True,True,1,19.0,17.34891646605529,1.6510835339447105,1.6510835339447105,8.689913336551108,8.689913336551108,True,<20 NTU
92,Etawah_92_20240220T051841_20240220T052240_T44RKQ.tif,20240220T051841_20240220T052240_T44RKQ,2024-02-20,ETAWAH,21-02-2024 09:10,26.74972222,78.98333333,19.0,1.151717476851852,0.070677,0.0304484797572415,0.0545314756701364,0.050021297862619,0.0704288009720904,0.059893496566859,0.0461331082550968,-0.1195547089656093,-0.0544866177718726,2,1,True,OK,92,Etawah_92_20240220T051841_20240220T052240_T44RKQ.tif,13,14,9,EPSG:32644,0.0309478025883436,0.0257500000298023,0.012983065098524,0.019200000911951,0.0830999985337257,0.0555291213095188,0.0498500019311904,0.017022967338562,0.0392000004649162,0.12219999730587,0.0510192289948463,0.0432000011205673,0.0176291540265083,0.0351000018417835,0.1190000027418136,0.1293093413114547,0.0762999951839447,0.0957860276103019,0.0498999990522861,0.4241000115871429,0.1053071394562721,0.0755500048398971,0.0548327527940273,0.0480999983847141,0.2090000063180923,0.0750109925866127,0.0582000017166137,0.0362336635589599,0.0375000014901161,0.1550000011920929,-0.2931152284145355,-0.1819744110107422,0.1997883170843124,-0.790962815284729,-0.0763569325208664,-0.2535280585289001,-0.228815272450447,0.1651378571987152,-0.5289735198020935,0.0252101123332977,0.0054945054945054,True,True,2,19.0,20.54160202076091,-1.5416020207609087,1.5416020207609087,-8.113694846110047,8.113694846110047,False,<20 NTU
196,Etawah_196_20240220T051841_20240220T052240_T44RKQ.tif,20240220T051841_20240220T052240_T44RKQ,2024-02-20,ETAWAH,21-02-2024 09:10,26.74972222,78.98333333,19.0,1.151717476851852,0.070677,0.0304484797572415,0.0545314756701364,0.050021297862619,0.0704288009720904,0.059893496566859,0.0461331082550968,-0.1195547089656093,-0.0544866177718726,2,1,True,OK,196,Etawah_196_20240220T051841_20240220T052240_T44RKQ.tif,14,14,9,EPSG:32644,0.1083326563239097,0.0883499979972839,0.0759197697043418,0.0218000002205371,0.2080000042915344,0.1632428616285324,0.1396999955177307,0.0874313190579414,0.061099998652935,0.2790000140666961,0.1855606883764267,0.1632000058889389,0.1191169619560241,0.0421000011265277,0.3440999984741211,0.2015683501958847,0.2034000009298324,0.1411390751600265,0.0331000015139579,0.382099986076355,0.2365494966506958,0.2225500047206878,0.1689103096723556,0.045899998396635,0.4501999914646148,0.2191316187381744,0.1872499883174896,0.1643857657909393,0.0401000007987022,0.4325000047683716,0.00151493109297,-0.1437264084815979,0.1976297944784164,-0.2094986885786056,0.3168214559555053,-0.0792291909456253,-0.2077092677354812,0.181793600320816,-0.2949880063533783,0.2835820913314819,0.3724489795918367,True,True,2,19.0,18.18277458341211,0.8172254165878883,0.8172254165878883,4.301186403094149,4.301186403094149,True,<20 NTU
191,Etawah_191_20231202T052151_20231202T052152_T44RKQ.tif,20231202T052151_20231202T052152_T44RKQ,2023-12-02,ETAWAH,01-12-2023 09:20,26.74972222,78.98333333,19.0,0.841269050925926,10.253151,0.0481052369446712,0.0750880349712731,0.0579051097633678,0.0813117547019443,0.0331696226662192,0.0173648791146456,-0.0403126701914827,0.3864079713276042,2,1,True,OK,191,Etawah_191_20231202T052151_20231202T052152_T44RKQ.tif,14,14,9,EPSG:32644,0.109373465180397,0.0874000042676925,0.0585109256207942,0.0351999998092651,0.1958999931812286,0.1591046005487442,0.1319000124931335,0.0658528506755828,0.0802000015974044,0.2572000026702881,0.1810096800327301,0.1588000059127807,0.0962834730744361,0.06700000166893,0.3151000142097473,0.1726530641317367,0.1520500034093856,0.1212817803025245,0.0368999987840652,0.3440999984741211,0.2316045761108398,0.1737499982118606,0.1968466639518737,0.026300000026822,0.5044999718666077,0.2121637463569641,0.1263999938964843,0.1968002617359161,0.0144999995827674,0.4939000010490417,0.0779495164752006,-0.0405366495251655,0.2265408337116241,-0.1871657818555832,0.4274924397468567,0.0529192797839641,-0.1331503391265869,0.3748246431350708,-0.3576881289482116,0.5471100807189941,0.4744897959183674,True,True,5,19.0,18.77684250609663,0.22315749390336848,0.22315749390336848,1.1745131258072024,1.1745131258072024,True,<20 NTU
103,Etawah_103_20240823T051649_20240823T052843_T44RKQ.tif,20240823T051649_20240823T052843_T44RKQ,2024-08-23,ETAWAH,21-08-2024 08:45,26.74972222,78.98333333,18.4,1.865660671296296,52.504051,0.1481705805379058,0.1598849667399819,0.1456949891929456,0.1281788010760588,0.0495910623382466,0.0343246477297381,0.1103746951557695,0.5269710348314934,2,1,True,OK,103,Etawah_103_20240823T051649_20240823T052843_T44RKQ.tif,13,14,9,EPSG:32644,0.1501510888338089,0.1405999958515167,0.0359366983175277,0.1115000024437904,0.3510999977588653,0.1648604422807693,0.1542499959468841,0.0362942069768905,0.1283999979496002,0.3729000091552734,0.1434659212827682,0.1382499933242797,0.0397093817591667,0.0887999981641769,0.3598000109195709,0.2243511080741882,0.155699998140335,0.1201011538505554,0.1102000027894973,0.4652000069618225,0.1330214291810989,0.0840499997138977,0.0967390537261962,0.0403999984264373,0.416700005531311,0.0840945094823837,0.0586000010371208,0.064685083925724,0.0274000000208616,0.333400011062622,-0.085287220776081,0.043161254376173,0.2347383499145507,-0.5310841202735901,0.1673592329025268,0.2085632234811782,0.2948281764984131,0.3210995495319366,-0.2835676372051239,0.5611081123352051,0.6483516483516484,True,True,4,18.4,78.64996634249188,-60.24996634249188,60.24996634249188,-327.44546925267326,327.44546925267326,False,<20 NTU
208,Etawah_208_20240823T051649_20240823T052843_T44RKQ.tif,20240823T051649_20240823T052843_T44RKQ,2024-08-23,ETAWAH,21-08-2024 08:45,26.74972222,78.98333333,18.4,1.865660671296296,52.504051,0.1481705805379058,0.1598849667399819,0.1456949891929456,0.1281788010760588,0.0495910623382466,0.0343246477297381,0.1103746951557695,0.5269710348314934,2,1,True,OK,208,Etawah_208_20240823T051649_20240823T052843_T44RKQ.tif,14,14,9,EPSG:32644,0.1272658109664917,0.1274999976158142,0.0052186287939548,0.1101000010967254,0.1395999938249588,0.1659234762191772,0.1668000072240829,0.0061760526150465,0.1391000002622604,0.1784999966621399,0.1952928751707077,0.1962999999523162,0.0067839054390788,0.1592999994754791,0.2064999938011169,0.1351142823696136,0.1352500021457672,0.0051394430920481,0.1079000011086463,0.1444000005722046,0.0289418380707502,0.0284000001847744,0.0016953069716691,0.025900000706315,0.0333999991416931,0.0191443897783756,0.0185000002384185,0.0017143808072432,0.0161000005900859,0.0241999998688697,0.1023642867803573,0.102453738451004,0.0062026688829064,0.0863938406109809,0.1326366513967514,0.703077495098114,0.704892635345459,0.0093848025426268,0.6733967065811157,0.7199592590332031,1.0,True,True,4,18.4,53.721959885631165,-35.321959885631166,35.321959885631166,-191.96717329147376,191.96717329147376,False,<20 NTU
89,Etawah_89_20231212T052221_20231212T052217_T44RKQ.tif,20231212T052221_20231212T052217_T44RKQ,2023-12-12,ETAWAH,11-12-2023 08:30,26.74972222,78.98333333,18.0,0.8760295601851852,0.000438,0.0425534488733958,0.0616704956124964,0.0445961715026364,0.0567001403070281,0.0244121623625622,0.015759501731687,0.0419573192691812,0.4327910823143415,3,1,True,OK,89,Etawah_89_20231212T052221_20231212T052217_T44RKQ.tif,13,14,9,EPSG:32644,0.0509065948426723,0.0458000004291534,0.014284836128354,0.0359000004827976,0.1014999970793724,0.0742868185043335,0.0662499964237213,0.0178971588611602,0.0577999986708164,0.1327999979257583,0.0592439584434032,0.0483000017702579,0.0245894696563482,0.0416000001132488,0.1618999987840652,0.1558510959148407,0.0915500000119209,0.1074057295918464,0.0531000010669231,0.354200005531311,0.0964153856039047,0.0681000053882598,0.0736758336424827,0.0219999998807907,0.2872999906539917,0.0593230798840522,0.0452000014483928,0.0533551424741745,0.0120999999344348,0.2653999924659729,-0.2222046554088592,-0.0868232250213623,0.2793291509151459,-0.6850354075431824,0.0849999785423278,0.0277356710284948,0.0116382064297795,0.353786826133728,-0.4684300124645233,0.4823529422283172,0.5054945054945055,True,True,1,18.0,22.79751899952787,-4.79751899952787,4.79751899952787,-26.65288333071039,26.65288333071039,False,<20 NTU
192,Etawah_192_20231212T052221_20231212T052217_T44RKQ.tif,20231212T052221_20231212T052217_T44RKQ,2023-12-12,ETAWAH,11-12-2023 08:30,26.74972222,78.98333333,18.0,0.8760295601851852,0.000438,0.0425534488733958,0.0616704956124964,0.0445961715026364,0.0567001403070281,0.0244121623625622,0.015759501731687,0.0419573192691812,0.4327910823143415,3,1,True,OK,192,Etawah_192_20231212T052221_20231212T052217_T44RKQ.tif,14,14,9,EPSG:32644,0.1009331718087196,0.0795499980449676,0.0522771328687667,0.0450000017881393,0.1843000054359436,0.1418658047914505,0.1175500005483627,0.0654485896229744,0.0702999979257583,0.2432000041007995,0.161643385887146,0.1324499994516372,0.0968917682766914,0.0555999986827373,0.3066000044345855,0.1735647916793823,0.1496500074863433,0.1280975639820099,0.0318999998271465,0.366100013256073,0.2073898166418075,0.1296000033617019,0.1868817508220672,0.0195000004023313,0.4905999898910522,0.1885351985692978,0.0939500033855438,0.1838736832141876,0.0131999999284744,0.4778999984264374,0.0302380733191967,-0.1160989552736282,0.2374324798583984,-0.2132684290409088,0.4065116345882416,0.0691467300057411,-0.0613808594644069,0.3825366199016571,-0.3492849171161651,0.589905321598053,0.4846938775510204,True,True,1,18.0,16.697242332483018,1.3027576675169819,1.3027576675169819,7.2375425973165655,7.2375425973165655,True,<20 NTU
193,Etawah_193_20231212T052221_20231212T052217_T44RKQ.tif,20231212T052221_20231212T052217_T44RKQ,2023-12-12,ETAWAH,11-12-2023 08:30,26.74972222,78.98333333,18.0,0.8760295601851852,0.000438,0.0425534488733958,0.0616704956124964,0.0445961715026364,0.0567001403070281,0.0244121623625622,0.015759501731687,0.0419573192691812,0.4327910823143415,3,1,True,OK,193,Etawah_193_20231212T052221_20231212T052217_T44RKQ.tif,14,14,9,EPSG:32644,0.1009331718087196,0.0795499980449676,0.0522771328687667,0.0450000017881393,0.1843000054359436,0.1418658047914505,0.1175500005483627,0.0654485896229744,0.0702999979257583,0.2432000041007995,0.161643385887146,0.1324499994516372,0.0968917682766914,0.0555999986827373,0.3066000044345855,0.1735647916793823,0.1496500074863433,0.1280975639820099,0.0318999998271465,0.366100013256073,0.2073898166418075,0.1296000033617019,0.1868817508220672,0.0195000004023313,0.4905999898910522,0.1885351985692978,0.0939500033855438,0.1838736832141876,0.0131999999284744,0.4778999984264374,0.0302380733191967,-0.1160989552736282,0.2374324798583984,-0.2132684290409088,0.4065116345882416,0.0691467300057411,-0.0613808594644069,0.3825366199016571,-0.3492849171161651,0.589905321598053,0.4846938775510204,True,True,1,18.0,16.697242332483018,1.3027576675169819,1.3027576675169819,7.2375425973165655,7.2375425973165655,True,<20 NTU
136,Etawah_136_20220220T051841_20220220T051840_T44RKQ.tif,20220220T051841_20220220T051840_T44RKQ,2022-02-20,ETAWAH,21-02-2022 09:10,26.74972222,78.98333333,17.0,1.1516741319444443,0.000159,0.013114710019517,0.0305662162406349,0.0238095862730112,0.0261305320613623,0.0169824183824669,0.0136671593268024,0.0783198077951637,0.2870411047091087,2,1,True,OK,136,Etawah_136_20220220T051841_20220220T051840_T44RKQ.tif,14,14,9,EPSG:32644,0.0783183649182319,0.0381999984383583,0.0643619745969772,0.0170000009238719,0.1951999962329864,0.1241949051618576,0.0803999975323677,0.0771630480885505,0.0489000007510185,0.2680999934673309,0.1399280577898025,0.0742000043392181,0.1127106100320816,0.0293000005185604,0.3398999869823456,0.1429219394922256,0.0401000007987022,0.150001510977745,0.0052000000141561,0.395900011062622,0.1677755266427993,0.0375999994575977,0.1810681968927383,0.0163000002503395,0.4783999919891357,0.1583607047796249,0.0302499998360872,0.1747871488332748,0.0152000002562999,0.4607000052928924,0.2304435968399047,0.3190056085586548,0.3954036235809326,-0.2353094518184662,0.819757342338562,0.1548260003328323,0.3567081093788147,0.3744606673717499,-0.34547820687294,0.624106228351593,0.5663265306122449,True,True,1,17.0,43.9688163670335,-26.968816367033497,26.968816367033497,-158.64009627666763,158.64009627666763,False,<20 NTU
32,Etawah_32_20220220T051841_20220220T051840_T44RKQ.tif,20220220T051841_20220220T051840_T44RKQ,2022-02-20,ETAWAH,21-02-2022 09:10,26.74972222,78.98333333,17.0,1.1516741319444443,0.000159,0.013114710019517,0.0305662162406349,0.0238095862730112,0.0261305320613623,0.0169824183824669,0.0136671593268024,0.0783198077951637,0.2870411047091087,2,1,True,OK,32,Etawah_32_20220220T051841_20220220T051840_T44RKQ.tif,13,14,9,EPSG:32644,0.0244543943554162,0.0164000000804662,0.0172777883708477,0.0087999999523162,0.096900001168251,0.0481439530849456,0.0346499979496002,0.0243530832231044,0.0280000008642673,0.1387999951839447,0.0417186804115772,0.0278999991714954,0.0253055244684219,0.0189999993890523,0.1365000009536743,0.1217406541109085,0.0441000014543533,0.1132835075259208,0.0242999996989965,0.4939000010490417,0.0875664874911308,0.0529500022530555,0.0733449235558509,0.0144999995827674,0.2312999963760376,0.0615379102528095,0.0375000014901161,0.0511285662651062,0.0122999995946884,0.1986999958753585,-0.235598936676979,-0.1198184937238693,0.2887309193611145,-0.8619247078895569,0.1177504658699035,-0.0972579568624496,-0.194596454501152,0.3313296139240265,-0.6004403233528137,0.350649356842041,0.4395604395604395,True,True,1,17.0,13.476457290326135,3.5235427096738654,3.5235427096738654,20.726721821610973,20.726721821610973,True,<20 NTU
110,Etawah_110_20210411T051649_20210411T052917_T44RKQ.tif,20210411T051649_20210411T052917_T44RKQ,2021-04-11,ETAWAH,12-04-2021 08:05,26.74972222,78.98333333,17.0,1.1065938310185186,0.827834,0.0349425958948805,0.0492270552623505,0.0404779280788634,0.0678820094504804,0.0569473818817117,0.0458099519139625,-0.1592963270901761,-0.0718342508055659,2,1,True,OK,110,Etawah_110_20210411T051649_20210411T052917_T44RKQ.tif,14,14,9,EPSG:32644,0.1402505040168762,0.1624000072479248,0.050803180783987,0.0434000007808208,0.1946000009775161,0.1886729598045349,0.2132500112056732,0.0576167479157447,0.0754999965429306,0.2504999935626983,0.2284224331378936,0.2627499997615814,0.0854470059275627,0.0608999989926815,0.317900002002716,0.2623097002506256,0.3094500005245209,0.1082901656627655,0.0538999997079372,0.3705999851226806,0.3067041039466858,0.3547499775886535,0.1304327100515365,0.0584999993443489,0.4465999901294708,0.3031096756458282,0.3532000184059143,0.1356056779623031,0.046399999409914,0.4537000060081482,-0.115566186606884,-0.1860003769397735,0.1393400728702545,-0.2051905989646911,0.1982758939266204,-0.1841647028923034,-0.2599149942398071,0.1541544049978256,-0.3399451375007629,0.188971072435379,0.1683673469387755,True,True,5,17.0,20.162374232226522,-3.1623742322265223,3.1623742322265223,-18.602201366038365,18.602201366038365,False,<20 NTU
113,Etawah_113_20210531T051649_20210531T052809_T44RKQ.tif,20210531T051649_20210531T052809_T44RKQ,2021-05-31,ETAWAH,01-06-2021 08:00,26.74972222,78.98333333,17.0,1.1030734259259258,2.697526,0.0513129786945888,0.0705720589764684,0.0609986906460075,0.0848586287355755,0.0806510277587484,0.0655304475840567,-0.0934871165926131,-0.0688007761837562,2,1,True,OK,113,Etawah_113_20210531T051649_20210531T052809_T44RKQ.tif,14,14,9,EPSG:32644,0.1789484620094299,0.1977500021457672,0.0367782860994339,0.0944000035524368,0.2196000069379806,0.2319867312908172,0.2542499899864197,0.0430543050169944,0.1282999962568283,0.2813999950885772,0.2688576579093933,0.3049499988555908,0.0702410712838172,0.1127000004053115,0.341399997472763,0.2807239592075348,0.3244000077247619,0.0844309106469154,0.1023999974131584,0.3632999956607818,0.3409413397312164,0.3930500149726867,0.111310988664627,0.123099997639656,0.4544000029563904,0.3340071141719818,0.3896499872207641,0.1175950691103935,0.1040000021457672,0.4577000141143799,-0.0727497190237045,-0.1225992515683174,0.0952736586332321,-0.1370251178741455,0.1315881460905075,-0.1602935194969177,-0.2202014029026031,0.1172571703791618,-0.2715182602405548,0.0991292968392372,0.1785714285714285,True,True,2,17.0,19.739143157999827,-2.739143157999827,2.739143157999827,-16.112606811763687,16.112606811763687,False,<20 NTU
9,Etawah_9_20210531T051649_20210531T052809_T44RKQ.tif,20210531T051649_20210531T052809_T44RKQ,2021-05-31,ETAWAH,01-06-2021 08:00,26.74972222,78.98333333,17.0,1.1030734259259258,2.697526,0.0513129786945888,0.0705720589764684,0.0609986906460075,0.0848586287355755,0.0806510277587484,0.0655304475840567,-0.0934871165926131,-0.0688007761837562,2,1,True,OK,9,Etawah_9_20210531T051649_20210531T052809_T44RKQ.tif,13,14,9,EPSG:32644,0.0707203298807144,0.0623000003397464,0.0256997868418693,0.0461000017821788,0.1627999991178512,0.0955456122756004,0.0896999984979629,0.0299205780029296,0.0659999996423721,0.2117000073194503,0.0899252742528915,0.0765499994158744,0.039888672530651,0.0548000000417232,0.2446999996900558,0.1678917706012725,0.1228000000119209,0.0830476731061935,0.0797000005841255,0.3436000049114227,0.1616313159465789,0.1218999996781349,0.0826582536101341,0.0758000016212463,0.3736999928951263,0.1285137385129928,0.1028999984264373,0.0724731311202049,0.0603000000119209,0.3623999953269958,-0.2257996797561645,-0.1671855896711349,0.162686139345169,-0.5689497590065002,-0.0371415130794048,-0.2103116810321808,-0.2018711864948272,0.1487164199352264,-0.4437601268291473,0.0260520968586206,0.0164835164835164,True,True,2,17.0,19.19038984837265,-2.19038984837265,2.19038984837265,-12.884646166897943,12.884646166897943,False,<20 NTU
6,Etawah_6_20210411T051649_20210411T052917_T44RKQ.tif,20210411T051649_20210411T052917_T44RKQ,2021-04-11,ETAWAH,12-04-2021 08:05,26.74972222,78.98333333,17.0,1.1065938310185186,0.827834,0.0349425958948805,0.0492270552623505,0.0404779280788634,0.0678820094504804,0.0569473818817117,0.0458099519139625,-0.1592963270901761,-0.0718342508055659,2,1,True,OK,6,Etawah_6_20210411T051649_20210411T052917_T44RKQ.tif,13,14,9,EPSG:32644,0.0551532916724681,0.0435499995946884,0.0271741058677434,0.0322999991476535,0.1351000070571899,0.0760043933987617,0.0602499991655349,0.0343121998012065,0.046399999409914,0.176499992609024,0.0755494534969329,0.0535999983549118,0.0486241094768047,0.0388999991118907,0.2264000028371811,0.1636906564235687,0.0935000032186508,0.0998015776276588,0.065200001001358,0.3303000032901764,0.1418961584568023,0.101500004529953,0.0918005481362342,0.0535000003874301,0.3682000041007995,0.1068263724446296,0.0813999995589256,0.0720039084553718,0.0432999990880489,0.3305999934673309,-0.3012907803058624,-0.228064939379692,0.1548854857683181,-0.6175339221954346,-0.1418803185224533,-0.234937772154808,-0.2175492346286773,0.1524537503719329,-0.4816660583019256,-0.0338164195418357,0.0,True,True,5,17.0,18.626773503523264,-1.626773503523264,1.626773503523264,-9.569255903078023,9.569255903078023,False,<20 NTU
101,Etawah_101_20240619T051701_20240619T052437_T44RKQ.tif,20240619T051701_20240619T052437_T44RKQ,2024-06-19,ETAWAH,21-06-2024 08:40,26.74972222,78.98333333,16.3,2.1307983449074075,7.99494,0.128843806842384,0.1608326860906992,0.1635214532043802,0.1845407664129796,0.2116275901092334,0.1748681995023445,-0.0650526180218114,-0.1322509513010044,2,1,True,OK,101,Etawah_101_20240619T051701_20240619T052437_T44RKQ.tif,13,14,9,EPSG:32644,0.1084021925926208,0.099600002169609,0.0401446744799613,0.0511999987065792,0.218199998140335,0.1460423171520233,0.1308000087738037,0.0410444140434265,0.0970999971032142,0.2513999938964844,0.1478016525506973,0.1265499889850616,0.0536856167018413,0.0851000025868415,0.2849999964237213,0.2182774841785431,0.2224000096321106,0.0696548521518707,0.1242000013589859,0.3564999997615814,0.2182994484901428,0.2167000025510788,0.0666531100869178,0.1331000030040741,0.3973999917507171,0.1693456023931503,0.1453000009059906,0.0611297562718391,0.1071999967098236,0.3433000147342682,-0.1822784692049026,-0.0987754315137863,0.165725439786911,-0.5228534936904907,-0.0007818740559741,-0.1907936483621597,-0.1569543927907943,0.1180273368954658,-0.4126372039318084,-0.0010740787256509,0.0,True,True,4,16.3,27.87431139826712,-11.57431139826712,11.57431139826712,-71.00804538814184,71.00804538814184,False,<20 NTU
205,Etawah_205_20240619T051701_20240619T052437_T44RKQ.tif,20240619T051701_20240619T052437_T44RKQ,2024-06-19,ETAWAH,21-06-2024 08:40,26.74972222,78.98333333,16.3,2.1307983449074075,7.99494,0.128843806842384,0.1608326860906992,0.1635214532043802,0.1845407664129796,0.2116275901092334,0.1748681995023445,-0.0650526180218114,-0.1322509513010044,2,1,True,OK,205,Etawah_205_20240619T051701_20240619T052437_T44RKQ.tif,14,14,9,EPSG:32644,0.1812285780906677,0.2064500004053115,0.044656541198492,0.0920000001788139,0.2285999953746795,0.237527534365654,0.2663500010967254,0.0525819435715675,0.1351999938488006,0.290800005197525,0.2794744968414306,0.3213499784469604,0.073621317744255,0.146599993109703,0.3528999984264374,0.2840887904167175,0.3361499905586242,0.0871864855289459,0.126800000667572,0.3686000108718872,0.3372454345226288,0.4073500037193298,0.1160639598965644,0.1351000070571899,0.4406000077724457,0.304690808057785,0.3761000037193298,0.1148764118552208,0.1110000014305114,0.4086999893188476,-0.0729486420750618,-0.109601117670536,0.0698980763554573,-0.1329579502344131,0.1218187883496284,-0.1465202122926712,-0.2030977010726928,0.1003416553139686,-0.2551724314689636,0.0776925384998321,0.173469387755102,True,True,4,16.3,25.809832955457793,-9.509832955457792,9.509832955457792,-58.342533469066204,58.342533469066204,False,<20 NTU
133,Etawah_133_20220111T052201_20220111T052204_T44RKQ.tif,20220111T052201_20220111T052204_T44RKQ,2022-01-11,ETAWAH,11-01-2022 08:30,26.74972222,78.98333333,16.0,0.1239020949074074,1.575346,0.0736927226613703,0.0794295040882184,0.0667455240251362,0.086717652407609,0.0303933979166768,0.0151396397175319,-0.0438650798745797,0.4466993756642616,2,1,True,OK,133,Etawah_133_20220111T052201_20220111T052204_T44RKQ.tif,14,14,9,EPSG:32644,0.110464796423912,0.0949500054121017,0.0280327592045068,0.0846000015735626,0.1718000024557113,0.1274938732385635,0.1053999960422515,0.0390574559569358,0.0917999967932701,0.210099995136261,0.1272989809513092,0.0929500013589859,0.0591853745281696,0.0763000026345253,0.2475000023841858,0.1340301036834716,0.0780999958515167,0.0846172645688057,0.0641999989748001,0.2982999980449676,0.1315862238407135,0.0355000011622905,0.141736701130867,0.0275999996811151,0.4086999893188476,0.1173525527119636,0.0217499993741512,0.1457491219043731,0.0146000003442168,0.4113999903202057,0.043009016662836,0.1423785537481308,0.1490485817193985,-0.1886549144983291,0.194743126630783,0.2280579954385757,0.4915594458580017,0.3621054887771606,-0.343646764755249,0.5625,0.6581632653061225,True,True,4,16.0,41.465351012521275,-25.465351012521275,25.465351012521275,-159.15844382825796,159.15844382825796,False,<20 NTU
83,Etawah_83_20231102T051951_20231102T052415_T44RKQ.tif,20231102T051951_20231102T052415_T44RKQ,2023-11-02,ETAWAH,01-11-2023 09:15,26.74972222,78.98333333,16.0,0.8448188194444445,0.053905,0.0533931584156177,0.0743785333496661,0.0581949886657205,0.0556604309135477,0.0247186516515956,0.0161736205861031,0.144272483370334,0.5015511757627062,2,1,True,OK,83,Etawah_83_20231102T051951_20231102T052415_T44RKQ.tif,13,14,9,EPSG:32644,0.0610961504280567,0.0570000000298023,0.0140646174550056,0.0452000014483928,0.1186000034213066,0.0855131819844245,0.0791999995708465,0.017832301557064,0.0702999979257583,0.1525000035762787,0.0687631890177726,0.060149997472763,0.0255173407495021,0.0458000004291534,0.1685999929904937,0.1657972484827041,0.0649999976158142,0.1329779028892517,0.0518999993801116,0.4438999891281128,0.0999395549297332,0.0553999990224838,0.0834166407585144,0.0200999993830919,0.2967999875545501,0.0607175827026367,0.0333000011742115,0.0584707409143447,0.0138999996706843,0.2351000010967254,-0.1407496333122253,0.0740117579698562,0.3333474695682525,-0.6833199262619019,0.195046454668045,0.1053742617368698,0.177443653345108,0.3930781185626983,-0.4322373569011688,0.6003976464271545,0.5604395604395604,True,True,3,16.0,26.821818601066983,-10.821818601066983,10.821818601066983,-67.63636625666865,67.63636625666865,False,<20 NTU
187,Etawah_187_20231102T051951_20231102T052415_T44RKQ.tif,20231102T051951_20231102T052415_T44RKQ,2023-11-02,ETAWAH,01-11-2023 09:15,26.74972222,78.98333333,16.0,0.8448188194444445,0.053905,0.0533931584156177,0.0743785333496661,0.0581949886657205,0.0556604309135477,0.0247186516515956,0.0161736205861031,0.144272483370334,0.5015511757627062,2,1,True,OK,187,Etawah_187_20231102T051951_20231102T052415_T44RKQ.tif,14,14,9,EPSG:32644,0.1122152954339981,0.1192499995231628,0.0464358478784561,0.0513000003993511,0.1766999959945678,0.1558770388364792,0.161200001835823,0.0582900755107402,0.0798000022768974,0.2358999997377395,0.1817091703414917,0.2012999951839447,0.0931515246629715,0.0597000010311603,0.3055000007152557,0.1922188848257064,0.2294500023126602,0.1248739808797836,0.0322000011801719,0.3553000092506408,0.2581341862678528,0.2910500168800354,0.1912625581026077,0.0220999997109174,0.4961999952793121,0.241531103849411,0.2487500011920929,0.1881906241178512,0.0165999997407197,0.4814000129699707,0.0262902807444334,-0.171360433101654,0.2653461694717407,-0.2118008434772491,0.4424853324890136,-0.0259030982851982,-0.2836194634437561,0.39071786403656,-0.3751893639564514,0.5741811394691467,0.3724489795918367,True,True,3,16.0,19.73367136150929,-3.733671361509291,3.733671361509291,-23.33544600943307,23.33544600943307,False,<20 NTU
29,Etawah_29_20220111T052201_20220111T052204_T44RKQ.tif,20220111T052201_20220111T052204_T44RKQ,2022-01-11,ETAWAH,11-01-2022 08:30,26.74972222,78.98333333,16.0,0.1239020949074074,1.575346,0.0736927226613703,0.0794295040882184,0.0667455240251362,0.086717652407609,0.0303933979166768,0.0151396397175319,-0.0438650798745797,0.4466993756642616,2,1,True,OK,29,Etawah_29_20220111T052201_20220111T052204_T44RKQ.tif,13,14,9,EPSG:32644,0.0764472484588623,0.0738999992609024,0.0073857055976986,0.0644000023603439,0.1055999994277954,0.0871258229017257,0.0829000025987625,0.0113741010427474,0.0736000016331672,0.1234999969601631,0.0703681334853172,0.0674000009894371,0.0086696753278374,0.0590999983251094,0.1081999987363815,0.152542307972908,0.1011499986052513,0.0719845965504646,0.0816999971866607,0.3111000061035156,0.0855571404099464,0.0592000000178813,0.0570313334465026,0.0269000008702278,0.1870999932289123,0.0489483512938022,0.0346499979496002,0.0353703200817108,0.0133999995887279,0.1269000023603439,-0.2164696007966995,-0.1195302903652191,0.1749329566955566,-0.4874401986598968,-0.0161090418696403,0.1221566647291183,0.141194999217987,0.3072604537010193,-0.2934472560882568,0.4856596291065216,0.5604395604395604,True,True,4,16.0,16.445280986174,-0.44528098617400147,0.44528098617400147,-2.783006163587509,2.783006163587509,False,<20 NTU
135,Etawah_135_20220210T051941_20220210T052038_T44RKQ.tif,20220210T051941_20220210T052038_T44RKQ,2022-02-10,ETAWAH,11-02-2022 08:50,26.74972222,78.98333333,15.0,1.1378169444444444,56.870997,0.0122155124319744,0.0280704813831599,0.0264210163055592,0.0194212132868218,0.0161018862359137,0.0131891892508704,0.1814835026885408,0.2704256610118423,2,1,True,OK,135,Etawah_135_20220210T051941_20220210T052038_T44RKQ.tif,14,14,9,EPSG:32644,0.0771928504109382,0.036200001835823,0.0665675103664398,0.0179999992251396,0.2058999985456466,0.126732662320137,0.0803499966859817,0.078739695250988,0.0529999993741512,0.278899997472763,0.1367857009172439,0.0721499994397163,0.1157852634787559,0.0245999991893768,0.3483999967575073,0.131292849779129,0.0191500000655651,0.1537290066480636,0.0,0.3971999883651733,0.1561280637979507,0.0253500007092952,0.1787543594837188,0.0118000004440546,0.4702000021934509,0.1455153077840805,0.0214999988675117,0.1713464707136154,0.0114000001922249,0.4537000060081482,0.3962053656578064,0.6026991605758667,0.5154359936714172,-0.2124804705381393,1.0,0.2386431396007537,0.5147175192832947,0.4104498624801636,-0.3044692873954773,0.7024608254432678,0.5969387755102041,True,True,2,15.0,104.44503199709821,-89.44503199709821,89.44503199709821,-596.300213313988,596.300213313988,False,<20 NTU
120,Etawah_120_20210824T051651_20210824T052626_T44RKQ.tif,20210824T051651_20210824T052626_T44RKQ,2021-08-24,ETAWAH,23-08-2021 09:20,26.74972222,78.98333333,15.0,0.8413855555555556,46.873043,0.1527165820096359,0.157842088262089,0.125277702600133,0.1546369098328255,0.0793349378939449,0.0534676803996459,0.0102046248959087,0.3309505533611587,2,1,True,OK,120,Etawah_120_20210824T051651_20210824T052626_T44RKQ.tif,14,14,9,EPSG:32644,0.2023612409830093,0.2023499906063079,0.0094336150214076,0.1817000061273574,0.2442999929189682,0.2178969532251358,0.218199998140335,0.0093998694792389,0.193900004029274,0.2592999935150146,0.2158056050539016,0.2155999988317489,0.0091776913031935,0.1955000013113021,0.2556000053882599,0.2219244837760925,0.2194000035524368,0.0163405984640121,0.1978999972343444,0.2994999885559082,0.1276203989982605,0.1233500018715858,0.0252852272242307,0.0921000018715858,0.2472999989986419,0.0903556197881698,0.0868000015616417,0.0205220337957143,0.0621000006794929,0.1849000006914138,-0.0083946008235216,-0.0053619001992046,0.0216249600052833,-0.082665741443634,0.0330143794417381,0.2670596837997436,0.2811083197593689,0.0656207278370857,0.0178716797381639,0.3661390244960785,1.0,True,True,2,15.0,70.65484038261403,-55.654840382614026,55.654840382614026,-371.0322692174268,371.0322692174268,False,<20 NTU
31,Etawah_31_20220210T051941_20220210T052038_T44RKQ.tif,20220210T051941_20220210T052038_T44RKQ,2022-02-10,ETAWAH,11-02-2022 08:50,26.74972222,78.98333333,15.0,1.1378169444444444,56.870997,0.0122155124319744,0.0280704813831599,0.0264210163055592,0.0194212132868218,0.0161018862359137,0.0131891892508704,0.1814835026885408,0.2704256610118423,2,1,True,OK,31,Etawah_31_20220210T051941_20220210T052038_T44RKQ.tif,13,14,9,EPSG:32644,0.0199758242815732,0.0133999995887279,0.0153966099023818,0.0028999999631196,0.0908999964594841,0.0424972511827945,0.0304500013589859,0.0223330128937959,0.0249000005424022,0.13230000436306,0.0383351668715477,0.0274000000208616,0.0203145593404769,0.0131999999284744,0.1254999935626983,0.1150373592972755,0.0320999994874,0.1136103644967079,0.0157999992370605,0.4580999910831451,0.0821653828024864,0.0463500022888183,0.0691103264689445,0.0119000002741813,0.2125000059604644,0.055741760879755,0.0344999991357326,0.0462054871022701,0.0089999996125698,0.1670999974012375,-0.199456438422203,-0.0655997097492218,0.3610405921936035,-0.8606315851211548,0.26484015583992,-0.115214318037033,-0.1837667226791381,0.347035139799118,-0.6454326510429382,0.3989898860454559,0.4285714285714285,True,True,2,15.0,24.417764752049116,-9.417764752049116,9.417764752049116,-62.785098346994104,62.785098346994104,False,<20 NTU
63,Etawah_63_20230220T051839_20230220T052919_T44RKQ.tif,20230220T051839_20230220T052919_T44RKQ,2023-02-20,ETAWAH,21-02-2023 08:40,26.74972222,78.98333333,15.0,1.130869340277778,0.209936,0.0160691301746877,0.0364730857645144,0.01840615150181,0.0291325590819191,0.0160463964948084,0.0134944538648768,0.1125609024977395,0.394784972822579,2,1,True,OK,63,Etawah_63_20230220T051839_20230220T052919_T44RKQ.tif,13,14,9,EPSG:32644,0.026854945346713,0.0208499990403652,0.0146732032299041,0.0138999996706843,0.0945999994874,0.0512203313410282,0.0465999990701675,0.0182335153222084,0.0318999998271465,0.1255999952554702,0.0351505503058433,0.0283499993383884,0.0204280409961938,0.0161000005900859,0.1247999966144561,0.1484472602605819,0.10555000603199,0.1297602653503418,0.0232999995350837,0.4859000146389007,0.0878956019878387,0.0777999982237815,0.0644716620445251,0.0111999996006488,0.2091999948024749,0.0579719766974449,0.0628000050783157,0.0403486266732215,0.0099999997764825,0.1518999934196472,-0.2666803300380707,-0.1894461661577224,0.3328760862350464,-0.8339309096336365,0.1591695696115493,-0.0873086377978324,-0.1369072198867797,0.3539964258670807,-0.5832898020744324,0.5428571701049805,0.4065934065934066,True,True,5,15.0,19.323057497268046,-4.323057497268046,4.323057497268046,-28.820383315120306,28.820383315120306,False,<20 NTU
16,Etawah_16_20210824T051651_20210824T052626_T44RKQ.tif,20210824T051651_20210824T052626_T44RKQ,2021-08-24,ETAWAH,23-08-2021 09:20,26.74972222,78.98333333,15.0,0.8413855555555556,46.873043,0.1527165820096359,0.157842088262089,0.125277702600133,0.1546369098328255,0.0793349378939449,0.0534676803996459,0.0102046248959087,0.3309505533611587,2,1,True,OK,16,Etawah_16_20210824T051651_20210824T052626_T44RKQ.tif,13,14,9,EPSG:32644,0.1803461462259292,0.1515499949455261,0.0720050856471061,0.1251000016927719,0.4704000055789947,0.1859137117862701,0.1581000089645385,0.064110942184925,0.1389999985694885,0.4600000083446502,0.1500697880983352,0.1253000050783157,0.0632171258330345,0.096000000834465,0.4275000095367431,0.2691104114055633,0.2280000001192093,0.1202813759446144,0.1406999975442886,0.5383999943733215,0.1768285781145095,0.1599999964237213,0.0992380231618881,0.0736000016331672,0.4860999882221222,0.1111395731568336,0.0947999954223632,0.0720361471176147,0.0474999994039535,0.3763999938964844,-0.1469031721353531,-0.0883945077657699,0.1859263032674789,-0.5176708102226257,0.0324544049799442,0.0778425559401512,0.0848352834582328,0.2190708518028259,-0.2514808773994446,0.3469217717647552,0.5769230769230769,True,True,2,15.0,11.135716098823716,3.864283901176284,3.864283901176284,25.761892674508562,25.761892674508562,True,<20 NTU
168,Etawah_168_20230220T051839_20230220T052919_T44RKQ.tif,20230220T051839_20230220T052919_T44RKQ,2023-02-20,ETAWAH,21-02-2023 08:40,26.74972222,78.98333333,15.0,1.130869340277778,0.209936,0.0160691301746877,0.0364730857645144,0.01840615150181,0.0291325590819191,0.0160463964948084,0.0134944538648768,0.1125609024977395,0.394784972822579,2,1,True,OK,168,Etawah_168_20230220T051839_20230220T052919_T44RKQ.tif,14,14,9,EPSG:32644,0.1087453961372375,0.0976999998092651,0.0736919045448303,0.0216000005602836,0.208199992775917,0.1552326381206512,0.1489999890327453,0.0880560427904129,0.046799998730421,0.2730999886989593,0.1820918470621109,0.1747500002384185,0.1245290860533714,0.0273000001907348,0.3458999991416931,0.193839281797409,0.2325499951839447,0.1566545069217682,0.0037000000011175,0.3878999948501587,0.2266397923231125,0.2278000116348266,0.1899546980857849,0.0131000000983476,0.4754999876022339,0.22325000166893,0.1944499909877777,0.1937818527221679,0.0130000002682209,0.4794999957084656,0.1529694646596908,-0.1668958663940429,0.4243486821651459,-0.2441827803850174,0.8768718838691711,0.0576382651925087,-0.1937938034534454,0.3610190153121948,-0.3036085367202759,0.6819708943367004,0.4387755102040816,True,True,5,15.0,18.359622283298982,-3.3596222832989824,3.3596222832989824,-22.397481888659883,22.397481888659883,False,<20 NTU
65,Etawah_65_20230312T051659_20230312T052443_T44RKQ.tif,20230312T051659_20230312T052443_T44RKQ,2023-03-12,ETAWAH,11-03-2023 08:30,26.74972222,78.98333333,14.0,0.8761338310185185,3e-05,0.0274335301682029,0.0378928212648224,0.0225396677592102,0.0287335446164188,0.0187776604076576,0.0135672016929035,0.1377345270703773,0.3402458389566558,2,1,True,OK,65,Etawah_65_20230312T051659_20230312T052443_T44RKQ.tif,13,14,9,EPSG:32644,0.037314835935831,0.0326500013470649,0.0131754335016012,0.0241999998688697,0.0842999964952468,0.0559379123151302,0.0554499998688697,0.0181602835655212,0.0357000008225441,0.1132000014185905,0.0403478033840656,0.0329499989748001,0.0204774811863899,0.0208000000566244,0.1084000021219253,0.1616230905055999,0.1102000027894973,0.1355658769607544,0.0255999993532896,0.4104999899864197,0.0938203334808349,0.0947500020265579,0.0656850114464759,0.0148999998345971,0.2083999961614608,0.0593912117183208,0.0618500001728534,0.0390245094895362,0.0100999996066093,0.1441999971866607,-0.2617566585540771,-0.146469309926033,0.3429134786128998,-0.7566137313842773,0.1852986216545105,-0.0926794931292533,-0.1628764867782592,0.3296388685703277,-0.51343834400177,0.4345238208770752,0.3956043956043956,True,True,3,14.0,30.81276802071844,-16.81276802071844,16.81276802071844,-120.09120014798886,120.09120014798886,False,<20 NTU
100,Etawah_100_20240609T051701_20240609T052940_T44RKQ.tif,20240609T051701_20240609T052940_T44RKQ,2024-06-09,ETAWAH,11-06-2024 08:40,26.74972222,78.98333333,14.0,2.1307916319444447,0.097269,0.0828280689305969,0.1109045886142003,0.114834755862568,0.1307473118293208,0.1621292656033744,0.133308403718344,-0.0775848913967042,-0.1893583247301731,2,1,True,OK,100,Etawah_100_20240609T051701_20240609T052940_T44RKQ.tif,13,14,9,EPSG:32644,0.0741961672902107,0.0582500025629997,0.0413345098495483,0.026300000026822,0.1968999952077865,0.1085318773984909,0.0921000018715858,0.0447836145758628,0.0511999987065792,0.2281000018119812,0.1105631813406944,0.0869999974966049,0.0580336600542068,0.0483999997377395,0.2714000046253204,0.1828505545854568,0.164000004529953,0.0898269116878509,0.0568000003695488,0.3617999851703644,0.1842285841703415,0.1697999984025955,0.0783428251743316,0.0760999992489814,0.3901000022888183,0.1418011039495468,0.1267499923706054,0.0687512904405593,0.060199998319149,0.3490999937057495,-0.2139893621206283,-0.1394032686948776,0.1837115287780761,-0.5861464142799377,0.004345728084445,-0.2472875416278839,-0.2368567287921905,0.116674430668354,-0.4636510610580444,-0.015604100190103,0.0,True,True,5,14.0,27.702585224438494,-13.702585224438494,13.702585224438494,-97.87560874598924,97.87560874598924,False,<20 NTU
8,Etawah_8_20210521T051649_20210521T053105_T44RKQ.tif,20210521T051649_20210521T053105_T44RKQ,2021-05-21,ETAWAH,21-05-2021 08:00,26.74972222,78.98333333,14.0,0.1030838310185185,62.963474,0.4625312510567407,0.413742229636121,0.3552724131559198,0.3317995203851915,0.2146325630979059,0.1521873606215776,0.1135651440687922,0.329552407770812,2,1,True,OK,8,Etawah_8_20210521T051649_20210521T053105_T44RKQ.tif,13,14,9,EPSG:32644,0.5241439342498779,0.4886500239372253,0.0879275947809219,0.4330999851226806,0.7523999810218811,0.4820670783519745,0.443450003862381,0.0929635241627693,0.384799987077713,0.7289999723434448,0.4366148114204407,0.3886500000953674,0.1074012070894241,0.3248000144958496,0.7218999862670898,0.4230928421020508,0.3695000112056732,0.1238575503230094,0.2840999960899353,0.746399998664856,0.3410225212574005,0.2681500017642975,0.1712376326322555,0.1553000062704086,0.7781000137329102,0.2684329450130462,0.2046499997377395,0.1583764255046844,0.1111000031232833,0.6887999773025513,0.0754821449518203,0.0843931138515472,0.0469179488718509,-0.0119760474190115,0.150737464427948,0.2130584716796875,0.2265997678041458,0.1428034454584121,-0.045068297535181,0.4286239743232727,0.9175824175824177,True,True,3,14.0,23.560013222642702,-9.560013222642702,9.560013222642702,-68.28580873316216,68.28580873316216,False,<20 NTU
144,Etawah_144_20220511T051651_20220511T053033_T44RKQ.tif,20220511T051651_20220511T053033_T44RKQ,2022-05-11,ETAWAH,11-05-2022 08:00,26.74972222,78.98333333,14.0,0.1030405555555555,0.002326,0.0184441442630519,0.0478365851947953,0.0541924126975884,0.0557485364182424,0.0935040812263987,0.0737049128264524,-0.0767223592537538,-0.3263693758169073,2,1,True,OK,144,Etawah_144_20220511T051651_20220511T053033_T44RKQ.tif,14,14,9,EPSG:32644,0.1353831589221954,0.1462000012397766,0.0571187250316143,0.0412999987602233,0.2101999968290329,0.2068025469779968,0.2222000062465667,0.0621742345392704,0.1075000017881393,0.2851999998092651,0.2687061131000519,0.2899500131607055,0.0841205939650535,0.1118000000715255,0.3709000051021576,0.2596316337585449,0.2928999960422516,0.101026102900505,0.0719000026583671,0.3736000061035156,0.3252699077129364,0.3718999922275543,0.1232111603021621,0.1111999973654747,0.4600000083446502,0.2846183478832245,0.3242499828338623,0.1171705424785614,0.0914999991655349,0.416700005531311,-0.0877557098865509,-0.1341015547513961,0.0964789986610412,-0.1852450221776962,0.1984392255544662,-0.1992510259151458,-0.2366043329238891,0.094743512570858,-0.3791547119617462,0.0401381142437458,0.0918367346938775,True,True,3,14.0,21.47170521668055,-7.471705216680551,7.471705216680551,-53.369322976289645,53.369322976289645,False,<20 NTU
94,Etawah_94_20240331T051651_20240331T052929_T44RKQ.tif,20240331T051651_20240331T052929_T44RKQ,2024-03-31,ETAWAH,01-04-2024 08:35,26.74972222,78.98333333,14.0,1.1273982291666669,0.000113,0.0344945246834614,0.0521484657394204,0.0376401747323085,0.0578068693394999,0.032799943700288,0.0226317144275395,-0.0502270502841932,0.2274336934714737,2,1,True,OK,94,Etawah_94_20240331T051651_20240331T052929_T44RKQ.tif,13,14,9,EPSG:32644,0.0432670339941978,0.0397000014781951,0.0119168553501367,0.0315000005066394,0.0895000025629997,0.0639604404568672,0.0608999989926815,0.0154041266068816,0.0472000017762184,0.1190000027418136,0.050336267799139,0.0439499989151954,0.0185815785080194,0.0331000015139579,0.1230000033974647,0.1550087928771972,0.0916000008583068,0.1075924411416053,0.0520999990403652,0.3501999974250793,0.0974054858088493,0.0759000033140182,0.0633762031793594,0.0287999995052814,0.2245000004768371,0.0623115375638008,0.0526500009000301,0.0389765761792659,0.0203000009059906,0.1906999945640564,-0.2885261476039886,-0.15509994328022,0.2467845827341079,-0.6824405193328857,-0.0097259059548377,-0.0909055173397064,-0.0615267753601074,0.2722287178039551,-0.4729241728782654,0.271091103553772,0.467032967032967,True,True,5,14.0,21.231223827377512,-7.231223827377512,7.231223827377512,-51.65159876698223,51.65159876698223,False,<20 NTU
204,Etawah_204_20240609T051701_20240609T052940_T44RKQ.tif,20240609T051701_20240609T052940_T44RKQ,2024-06-09,ETAWAH,11-06-2024 08:40,26.74972222,78.98333333,14.0,2.1307916319444447,0.097269,0.0828280689305969,0.1109045886142003,0.114834755862568,0.1307473118293208,0.1621292656033744,0.133308403718344,-0.0775848913967042,-0.1893583247301731,2,1,True,OK,204,Etawah_204_20240609T051701_20240609T052940_T44RKQ.tif,14,14,9,EPSG:32644,0.17593315243721,0.2035499960184097,0.0493231229484081,0.0760999992489814,0.2282000035047531,0.234698474407196,0.2677000164985657,0.0571167320013046,0.1149000003933906,0.2949000000953674,0.2804734408855438,0.3278499841690063,0.0821136161684989,0.1254999935626983,0.36039999127388,0.2799862325191498,0.3385000228881836,0.1001290306448936,0.0988000035285949,0.3745000064373016,0.3363902866840362,0.4136500060558319,0.1291861832141876,0.1142999976873397,0.450899988412857,0.311705619096756,0.3929499983787536,0.1282123625278473,0.0983999967575073,0.4280000030994415,-0.0616744384169578,-0.1155877858400344,0.0987561494112014,-0.1585365682840347,0.2020123898983001,-0.1415768712759018,-0.2109966278076172,0.1250221729278564,-0.2951743602752685,0.1349234580993652,0.2040816326530612,True,True,5,14.0,20.533832028229305,-6.533832028229305,6.533832028229305,-46.67022877306647,46.67022877306647,False,<20 NTU
199,Etawah_199_20240331T051651_20240331T052929_T44RKQ.tif,20240331T051651_20240331T052929_T44RKQ,2024-03-31,ETAWAH,01-04-2024 08:35,26.74972222,78.98333333,14.0,1.1273982291666669,0.000113,0.0344945246834614,0.0521484657394204,0.0376401747323085,0.0578068693394999,0.032799943700288,0.0226317144275395,-0.0502270502841932,0.2274336934714737,2,1,True,OK,199,Etawah_199_20240331T051651_20240331T052929_T44RKQ.tif,14,14,9,EPSG:32644,0.1115994974970817,0.1171000003814697,0.0603902414441108,0.0373000018298625,0.185599997639656,0.156746432185173,0.1614499986171722,0.0712292119860649,0.0681999996304512,0.2433999925851822,0.181528553366661,0.1981499940156936,0.1048837527632713,0.048200000077486,0.3082000017166137,0.2034586668014526,0.2425999939441681,0.1320667266845703,0.0373000018298625,0.3598000109195709,0.2400255054235458,0.2745000123977661,0.1706263571977615,0.0331000015139579,0.435699999332428,0.2300010174512863,0.2495500147342682,0.1719883233308792,0.0242999996989965,0.4345000088214874,-0.0250555742532014,-0.1790581047534942,0.2051025331020355,-0.2217403948307037,0.3102820515632629,-0.0580391883850097,-0.2508917450904846,0.2719833850860595,-0.3262163996696472,0.3661202192306518,0.3571428571428571,True,True,5,14.0,18.359622283298982,-4.359622283298982,4.359622283298982,-31.140159166421306,31.140159166421306,False,<20 NTU
40,Etawah_40_20220511T051651_20220511T053033_T44RKQ.tif,20220511T051651_20220511T053033_T44RKQ,2022-05-11,ETAWAH,11-05-2022 08:00,26.74972222,78.98333333,14.0,0.1030405555555555,0.002326,0.0184441442630519,0.0478365851947953,0.0541924126975884,0.0557485364182424,0.0935040812263987,0.0737049128264524,-0.0767223592537538,-0.3263693758169073,2,1,True,OK,40,Etawah_40_20220511T051651_20220511T053033_T44RKQ.tif,13,14,9,EPSG:32644,0.0271730795502662,0.0185500010848045,0.0261739362031221,0.0,0.1333000063896179,0.0705456137657165,0.0582500025629997,0.0354776717722415,0.0285999998450279,0.208199992775917,0.0753543972969055,0.060649998486042,0.0454119928181171,0.0333000011742115,0.289000004529953,0.1804879158735275,0.0805500000715255,0.1390518993139267,0.0410000011324882,0.4300000071525574,0.1690901070833206,0.1290000081062317,0.085682988166809,0.0751999989151954,0.4190999865531921,0.1153791323304176,0.089599996805191,0.0579904094338417,0.0553999990224838,0.352400004863739,-0.3065246641635895,-0.2066992074251175,0.2308626472949981,-0.71517413854599,-0.0256937053054571,-0.3993953168392181,-0.3961960077285766,0.0795565173029899,-0.5525238513946533,-0.2528263032436371,0.0,True,True,3,14.0,10.335695157583592,3.664304842416408,3.664304842416408,26.17360601726006,26.17360601726006,True,<20 NTU
170,Etawah_170_20230312T051659_20230312T052443_T44RKQ.tif,20230312T051659_20230312T052443_T44RKQ,2023-03-12,ETAWAH,11-03-2023 08:30,26.74972222,78.98333333,14.0,0.8761338310185185,3e-05,0.0274335301682029,0.0378928212648224,0.0225396677592102,0.0287335446164188,0.0187776604076576,0.0135672016929035,0.1377345270703773,0.3402458389566558,2,1,True,OK,170,Etawah_170_20230312T051659_20230312T052443_T44RKQ.tif,14,14,9,EPSG:32644,0.1096663251519203,0.1139499992132186,0.0607522800564765,0.0362999998033046,0.1876000016927719,0.152858167886734,0.1611499935388565,0.0739892274141311,0.0617999993264675,0.2466000020503997,0.1803902983665466,0.2028999924659729,0.1121478006243705,0.0381999984383583,0.3185000121593475,0.1893535554409027,0.2342000007629394,0.1441393494606018,0.0115000000223517,0.3601000010967254,0.2292724549770355,0.265749990940094,0.1856431514024734,0.013600000180304,0.464599996805191,0.2273153364658355,0.2376500070095062,0.1897196620702743,0.0132999997586011,0.4704999923706054,0.1076387986540794,-0.1791771501302719,0.365438848733902,-0.2020725607872009,0.690666675567627,0.0534326396882534,-0.2069996893405914,0.3940295577049255,-0.3156065940856933,0.7030567526817322,0.423469387755102,True,True,3,14.0,17.345796863426173,-3.345796863426173,3.345796863426173,-23.898549024472665,23.898549024472665,False,<20 NTU
112,Etawah_112_20210521T051649_20210521T053105_T44RKQ.tif,20210521T051649_20210521T053105_T44RKQ,2021-05-21,ETAWAH,21-05-2021 08:00,26.74972222,78.98333333,14.0,0.1030838310185185,62.963474,0.4625312510567407,0.413742229636121,0.3552724131559198,0.3317995203851915,0.2146325630979059,0.1521873606215776,0.1135651440687922,0.329552407770812,2,1,True,OK,112,Etawah_112_20210521T051649_20210521T053105_T44RKQ.tif,14,14,9,EPSG:32644,0.9442800283432008,0.9541000127792358,0.0587979741394519,0.746999979019165,1.0268000364303589,0.8844780921936035,0.8944000005722046,0.0531093589961528,0.699999988079071,0.9613999724388124,0.8397602438926697,0.8453999757766724,0.0508052483201026,0.663100004196167,0.9097999930381776,0.8287315964698792,0.8349000215530396,0.0517197400331497,0.6486999988555908,0.9103999733924866,0.7307709455490112,0.7393499612808228,0.052156176418066,0.5825999975204468,0.8041999936103821,0.6654459238052368,0.6793000102043152,0.0640544667840004,0.4894999861717224,0.7501999735832214,0.0326072424650192,0.0318023636937141,0.0049927784129977,0.0244006514549255,0.05031743273139,0.0954583063721656,0.0928998365998268,0.0244537871330976,0.0319054163992404,0.161364659667015,1.0,True,True,3,14.0,16.309087299365434,-2.3090872993654337,2.3090872993654337,-16.493480709753097,16.493480709753097,False,<20 NTU
58,Etawah_58_20230101T052229_20230101T052722_T44RKQ.tif,20230101T052229_20230101T052722_T44RKQ,2023-01-01,ETAWAH,02-01-2023 09:00,26.74972222,78.98333333,13.0,1.144763761574074,36.256072,1.335389637514144,1.1799187902864572,1.0941913312653433,0.9805482059616496,0.7108802897520027,0.5780533787517532,0.0922844749288046,0.2480702926404774,2,1,True,OK,58,Etawah_58_20230101T052229_20230101T052722_T44RKQ.tif,13,14,9,EPSG:32644,1.3437472581863403,1.3418999910354614,0.0226199273020029,1.2669999599456787,1.4046000242233276,1.185243844985962,1.1833999156951904,0.0209308397024869,1.121000051498413,1.240399956703186,1.0999516248703003,1.0982000827789309,0.0212866514921188,1.0312000513076782,1.1532000303268433,0.985567033290863,0.9839000105857848,0.0217485763132572,0.9132000207901,1.042199969291687,0.7131978273391724,0.7121000289916992,0.0198472160845994,0.6473000049591064,0.7574999928474426,0.577595055103302,0.5775499939918518,0.0208093486726284,0.505299985408783,0.6194999814033508,0.0920254215598106,0.0920332074165344,0.0032064425759017,0.0843863114714622,0.1031099781394004,0.2487484216690063,0.2481276988983154,0.0061741336248815,0.2366604655981063,0.2709288895130157,1.0,True,True,5,13.0,41.3511266447046,-28.3511266447046,28.3511266447046,-218.08558957465078,218.08558957465078,False,<20 NTU
131,Etawah_131_20211222T052231_20211222T052230_T44RKQ.tif,20211222T052231_20211222T052230_T44RKQ,2021-12-22,ETAWAH,21-12-2021 08:20,26.74972222,78.98333333,13.0,0.8830361921296296,0.000388,0.023675999392835,0.0427331788085719,0.029523451486917,0.0279941161119626,0.019666075536054,0.0144229027489042,0.2081796843915137,0.3707362071690695,2,1,True,OK,131,Etawah_131_20211222T052231_20211222T052230_T44RKQ.tif,14,14,9,EPSG:32644,0.0667744874954223,0.0344500020146369,0.0474217906594276,0.0258000008761882,0.1656000018119812,0.1037311255931854,0.0677499994635582,0.0591898784041404,0.0496999993920326,0.2251999974250793,0.1129602119326591,0.0539000034332275,0.0905190333724021,0.0340999998152256,0.2894000113010406,0.1118555963039398,0.025000000372529,0.1204048618674278,0.0103000001981854,0.3359000086784363,0.1389107257127761,0.0245000012218952,0.1579416096210479,0.0137000000104308,0.4325999915599823,0.1302015334367752,0.0202500000596046,0.1542280465364456,0.0115999998524785,0.4284000098705292,0.2500228583812713,0.441180020570755,0.3749810755252838,-0.21798175573349,0.6781954765319824,0.1854526996612548,0.454495370388031,0.3959114253520965,-0.355585366487503,0.645476758480072,0.5969387755102041,True,True,1,13.0,38.06944343568923,-25.06944343568923,25.06944343568923,-192.84187258222485,192.84187258222485,False,<20 NTU
163,Etawah_163_20230101T052229_20230101T052722_T44RKQ.tif,20230101T052229_20230101T052722_T44RKQ,2023-01-01,ETAWAH,02-01-2023 09:00,26.74972222,78.98333333,13.0,1.144763761574074,36.256072,1.335389637514144,1.1799187902864572,1.0941913312653433,0.9805482059616496,0.7108802897520027,0.5780533787517532,0.0922844749288046,0.2480702926404774,2,1,True,OK,163,Etawah_163_20230101T052229_20230101T052722_T44RKQ.tif,14,14,9,EPSG:32644,1.3631805181503296,1.3587000370025637,0.0273315254598855,1.291200041770935,1.4279999732971191,1.2067397832870483,1.204200029373169,0.0254781804978847,1.1444000005722046,1.2685999870300293,1.1251071691513062,1.122099995613098,0.0251241531223058,1.05840003490448,1.1859999895095823,0.9985408186912536,0.9973999857902528,0.0256118234246969,0.9336000084877014,1.057600021362305,0.745090901851654,0.7430999875068665,0.0232150442898273,0.6840999722480774,0.8061000108718872,0.6116341352462769,0.6067999601364136,0.0246641859412193,0.5550000071525574,0.6772000193595886,0.0944606885313987,0.0945001542568206,0.0032484841067343,0.0858440175652504,0.1027047336101532,0.2366253584623336,0.2356718629598617,0.0086697153747081,0.2177863121032714,0.263103574514389,1.0,True,True,5,13.0,28.868012824164218,-15.868012824164218,15.868012824164218,-122.06163710895552,122.06163710895552,False,<20 NTU
148,Etawah_148_20220620T051701_20220620T052701_T44RKQ.tif,20220620T051701_20220620T052701_T44RKQ,2022-06-20,ETAWAH,21-06-2022 08:35,26.74972222,78.98333333,13.0,1.127251423611111,38.315928,0.1049929472622,0.1281734518140453,0.1058022380703724,0.1224398780656089,0.1045819546268027,0.0896476916444429,0.0230447219341635,0.101535087103076,2,1,True,OK,148,Etawah_148_20220620T051701_20220620T052701_T44RKQ.tif,14,14,9,EPSG:32644,0.1122612282633781,0.0820000022649765,0.0918153524398803,0.0104999998584389,0.4239000082015991,0.137452557682991,0.1067499965429306,0.0959158763289451,0.0219999998807907,0.3497999906539917,0.1521474719047546,0.1134999990463256,0.1185461580753326,0.012699999846518,0.3655999898910522,0.1648030579090118,0.1213999986648559,0.1387775689363479,0.0120999999344348,0.4278999865055084,0.1957954168319702,0.1392500102519989,0.1650602519512176,0.0310999993234872,0.5052000284194946,0.1742841750383377,0.1113499999046325,0.1598718166351318,0.0251000002026557,0.4916999936103821,0.0222976151853799,-0.0830369442701339,0.1885564774274826,-0.1703204214572906,0.4226803779602051,-0.0974430963397026,-0.1473481059074401,0.1558623015880584,-0.3053208887577057,0.3891373872756958,0.2091836734693877,True,True,4,13.0,27.547047806544104,-14.547047806544104,14.547047806544104,-111.90036774264695,111.90036774264695,False,<20 NTU
27,Etawah_27_20211222T052231_20211222T052230_T44RKQ.tif,20211222T052231_20211222T052230_T44RKQ,2021-12-22,ETAWAH,21-12-2021 08:20,26.74972222,78.98333333,13.0,0.8830361921296296,0.000388,0.023675999392835,0.0427331788085719,0.029523451486917,0.0279941161119626,0.019666075536054,0.0144229027489042,0.2081796843915137,0.3707362071690695,2,1,True,OK,27,Etawah_27_20211222T052231_20211222T052230_T44RKQ.tif,13,14,9,EPSG:32644,0.0340445078909397,0.0261499993503093,0.0172240193933248,0.0188999995589256,0.0966999977827072,0.0600999929010868,0.048599999397993,0.0242031998932361,0.0388999991118907,0.1372999995946884,0.0466406568884849,0.033900000154972,0.0282945521175861,0.0260000005364418,0.1597999930381775,0.1389005482196808,0.050000000745058,0.1205027773976326,0.0217000003904104,0.3810000121593475,0.0889269262552261,0.0586500018835067,0.0723375007510185,0.0142000000923872,0.2667999863624573,0.0580203309655189,0.0446500033140182,0.0519986897706985,0.0109999999403953,0.2517000138759613,-0.1599170565605163,-0.0310869719833135,0.3606079220771789,-0.6774371862411499,0.3186812996864319,-0.009221970103681,-0.0880131721496582,0.3393065631389618,-0.4814814925193786,0.4999999701976776,0.467032967032967,True,True,1,13.0,27.222992481610834,-14.222992481610834,14.222992481610834,-109.40763447392949,109.40763447392949,False,<20 NTU
44,Etawah_44_20220620T051701_20220620T052701_T44RKQ.tif,20220620T051701_20220620T052701_T44RKQ,2022-06-20,ETAWAH,21-06-2022 08:35,26.74972222,78.98333333,13.0,1.127251423611111,38.315928,0.1049929472622,0.1281734518140453,0.1058022380703724,0.1224398780656089,0.1045819546268027,0.0896476916444429,0.0230447219341635,0.101535087103076,2,1,True,OK,44,Etawah_44_20220620T051701_20220620T052701_T44RKQ.tif,13,14,9,EPSG:32644,0.0849379226565361,0.0756999999284744,0.0383711904287338,0.0375999994575977,0.2560000121593475,0.1098697781562805,0.0976999998092651,0.0450823195278644,0.0553000010550022,0.2669999897480011,0.0992928594350814,0.0812999978661537,0.0572260729968547,0.0361000001430511,0.2831000089645386,0.1785890311002731,0.1467500030994415,0.1077398136258125,0.0518999993801116,0.4038000106811523,0.1665769219398498,0.1363999992609024,0.0993886515498161,0.0527999997138977,0.3869999945163727,0.1252285838127136,0.093199998140335,0.0776552036404609,0.0414999984204769,0.3183999955654144,-0.1708863079547882,-0.1200436502695083,0.197955697774887,-0.5782198905944824,0.046153862029314,-0.1504029333591461,-0.175864964723587,0.1722788661718368,-0.4464348256587982,0.1346982568502426,0.3076923076923077,True,True,4,13.0,23.086533025641952,-10.086533025641952,10.086533025641952,-77.58871558186117,77.58871558186117,False,<20 NTU
60,Etawah_60_20230121T052129_20230121T052439_T44RKQ.tif,20230121T052129_20230121T052439_T44RKQ,2023-01-21,ETAWAH,21-01-2023 08:40,26.74972222,78.98333333,12.0,0.1308859722222222,0.001238,0.1054819676026634,0.1088775612281736,0.0889989022450807,0.1041137253905453,0.0378782236434703,0.0212151182994775,0.0222859433814486,0.4842235450003598,2,1,True,OK,60,Etawah_60_20230121T052129_20230121T052439_T44RKQ.tif,13,14,9,EPSG:32644,0.1085346117615699,0.1077999994158744,0.0079859811812639,0.0966999977827072,0.1403000056743621,0.1146456152200698,0.1115500032901763,0.0103695858269929,0.1002999991178512,0.1515000015497207,0.0948225408792495,0.091399997472763,0.0116428425535559,0.0816999971866607,0.1414999961853027,0.1689967066049575,0.1157499998807907,0.0707161203026771,0.097800001502037,0.3122999966144562,0.0965170413255691,0.0712999999523162,0.0608757957816123,0.0331000015139579,0.2107000052928924,0.0614862665534019,0.0507999993860721,0.0428806766867637,0.017400000244379,0.1745000034570694,-0.1463568806648254,-0.0432662814855575,0.1721207499504089,-0.4280565977096557,0.0397441685199737,0.1782679259777069,0.2199991643428802,0.2991478145122528,-0.2298546731472015,0.528825581073761,0.5769230769230769,True,True,3,12.0,67.52335797335768,-55.523357973357676,55.523357973357676,-462.6946497779806,462.6946497779806,False,<20 NTU
30,Etawah_30_20220131T052041_20220131T052041_T44RKQ.tif,20220131T052041_20220131T052041_T44RKQ,2022-01-31,ETAWAH,01-02-2022 08:40,26.74972222,78.98333333,12.0,1.1308596875,2.186081,0.0861346983636083,0.0883339667988538,0.0769932009720218,0.0599754646411039,0.0255398087385467,0.017292567547138,0.1912664444152232,0.5513887338315113,2,1,True,OK,30,Etawah_30_20220131T052041_20220131T052041_T44RKQ.tif,13,14,9,EPSG:32644,0.0851538553833961,0.0846000015735626,0.0088628102093935,0.0685999989509582,0.1257999986410141,0.0929412096738815,0.0894000008702278,0.012288250029087,0.0771000012755394,0.1435000002384185,0.078359343111515,0.0755499973893165,0.0112541615962982,0.061099998652935,0.1336999982595443,0.1379934102296829,0.0737500041723251,0.0917907655239105,0.0559000000357627,0.3937999904155731,0.0870296657085418,0.0498000010848045,0.0649327635765075,0.0223999992012977,0.2046000063419342,0.0570159368216991,0.0363999977707862,0.0426494739949703,0.0147000001743435,0.1671999990940094,-0.0834612026810646,0.0960773378610611,0.2830407619476318,-0.6169164180755615,0.2456140220165252,0.1705481559038162,0.2859654426574707,0.3709637820720672,-0.3390733599662781,0.6066433191299438,0.5769230769230769,True,True,3,12.0,60.968334124343826,-48.968334124343826,48.968334124343826,-408.0694510361986,408.0694510361986,False,<20 NTU
134,Etawah_134_20220131T052041_20220131T052041_T44RKQ.tif,20220131T052041_20220131T052041_T44RKQ,2022-01-31,ETAWAH,01-02-2022 08:40,26.74972222,78.98333333,12.0,1.1308596875,2.186081,0.0861346983636083,0.0883339667988538,0.0769932009720218,0.0599754646411039,0.0255398087385467,0.017292567547138,0.1912664444152232,0.5513887338315113,2,1,True,OK,134,Etawah_134_20220131T052041_20220131T052041_T44RKQ.tif,14,14,9,EPSG:32644,0.1212469339370727,0.0981499999761581,0.0383441485464572,0.0864000022411346,0.2052000015974044,0.15126633644104,0.1204499974846839,0.051949393004179,0.1075000017881393,0.2599999904632568,0.1520433574914932,0.1018500030040741,0.0855740681290626,0.0778999999165535,0.3228999972343445,0.1400862336158752,0.0532499998807907,0.1248152405023574,0.0370000004768371,0.3754000067710876,0.1508418619632721,0.031599998474121,0.169027104973793,0.0208999998867511,0.4677000045776367,0.1391816437244415,0.0243499986827373,0.1651377975940704,0.0146000003442168,0.4562999904155731,0.2002789378166198,0.3857303261756897,0.2827021181583404,-0.2028358876705169,0.4972826242446899,0.2887852191925049,0.5908503532409668,0.4138844013214111,-0.3098881542682647,0.6846715211868286,0.6479591836734694,True,True,3,12.0,33.735014138136385,-21.735014138136385,21.735014138136385,-181.12511781780321,181.12511781780321,False,<20 NTU
165,Etawah_165_20230121T052129_20230121T052439_T44RKQ.tif,20230121T052129_20230121T052439_T44RKQ,2023-01-21,ETAWAH,21-01-2023 08:40,26.74972222,78.98333333,12.0,0.1308859722222222,0.001238,0.1054819676026634,0.1088775612281736,0.0889989022450807,0.1041137253905453,0.0378782236434703,0.0212151182994775,0.0222859433814486,0.4842235450003598,2,1,True,OK,165,Etawah_165_20230121T052129_20230121T052439_T44RKQ.tif,14,14,9,EPSG:32644,0.1487719416618347,0.1436000019311905,0.0243036244064569,0.1165999993681907,0.185599997639656,0.1642913371324539,0.1600500047206878,0.0312262419611215,0.1230000033974647,0.2113000005483627,0.1675897687673568,0.1602500081062317,0.0525900274515152,0.1026000007987022,0.2440000027418136,0.1867183744907379,0.199750006198883,0.0813867598772049,0.0879999995231628,0.2973000109195709,0.1913152933120727,0.1529000103473663,0.1471874117851257,0.034800000488758,0.3941999971866607,0.1887535601854324,0.1214499995112419,0.1648115664720535,0.0210999995470047,0.4187999963760376,-0.0187998935580253,-0.1010752022266388,0.1451274901628494,-0.177976444363594,0.1882353127002716,0.1051038652658462,0.02285747975111,0.3704839050769806,-0.3092328310012817,0.5722188353538513,0.5051020408163265,True,True,3,12.0,20.547516512067606,-8.547516512067606,8.547516512067606,-71.22930426723005,71.22930426723005,False,<20 NTU
64,Etawah_64_20230302T051729_20230302T052948_T44RKQ.tif,20230302T051729_20230302T052948_T44RKQ,2023-03-02,ETAWAH,01-03-2023 08:30,26.74972222,78.98333333,10.0,0.8760926620370371,0.204697,0.0232984655419247,0.0470663146986332,0.0312738034967018,0.0321984657339189,0.0304443695171325,0.0236367258434142,0.188694886645084,0.2155333005955342,2,1,True,OK,64,Etawah_64_20230302T051729_20230302T052948_T44RKQ.tif,13,14,9,EPSG:32644,0.0334901101887226,0.026300000026822,0.0176701359450817,0.0172000005841255,0.1058999970555305,0.0614307634532451,0.0542999990284442,0.0199004039168357,0.0417999997735023,0.1372999995946884,0.0469857193529605,0.0355999991297721,0.0249937400221824,0.0228000003844499,0.1449999958276748,0.1738582402467727,0.1218999996781349,0.1441805362701416,0.0271000005304813,0.4850000143051147,0.1040065884590148,0.1032999977469444,0.0631287023425102,0.0247000008821487,0.2084999978542328,0.0688576996326446,0.0749500021338462,0.0401979349553585,0.017799999564886,0.1861000061035156,-0.2498250305652618,-0.1279910504817962,0.3708567917346954,-0.8202289342880249,0.2575342357158661,-0.1457080394029617,-0.1616722792387008,0.288721352815628,-0.5565345287322998,0.3086705207824707,0.3571428571428571,True,True,4,10.0,26.477734441327943,-16.477734441327943,16.477734441327943,-164.77734441327942,164.77734441327942,False,<20 NTU
3,Etawah_3_20210302T051729_20210302T052733_T44RKQ.tif,20210302T051729_20210302T052733_T44RKQ,2021-03-02,ETAWAH,01-03-2021 08:10,26.74972222,78.98333333,10.0,0.8899603703703703,0.00653,0.0249581926031382,0.0353287162331587,0.0212601915553531,0.0339667652033558,0.0216777030709472,0.0175754223147361,0.0199532581170166,0.246392207793883,2,1,True,OK,3,Etawah_3_20210302T051729_20210302T052733_T44RKQ.tif,13,14,9,EPSG:32644,0.0354587882757186,0.0317500010132789,0.0136326216161251,0.0212999992072582,0.1045999974012374,0.0522813163697719,0.0455000028014183,0.0192526672035455,0.031700000166893,0.1370999962091446,0.0396527461707592,0.0310500003397464,0.0214945133775472,0.0175000000745058,0.1369999945163726,0.1422252804040908,0.066500000655651,0.1151795238256454,0.0306000001728534,0.4000999927520752,0.0891846120357513,0.0711999982595443,0.0662574172019958,0.0154999997466802,0.220100000500679,0.0616560392081737,0.0552999973297119,0.0433284826576709,0.0130000002682209,0.1817999929189682,-0.2844495177268982,-0.1988459527492523,0.2799349129199981,-0.7953780293464661,0.0630630701780319,-0.0941057205200195,-0.1624845713376999,0.3146435916423797,-0.521041214466095,0.3737373948097229,0.445054945054945,True,True,3,10.0,22.75208366897986,-12.75208366897986,12.75208366897986,-127.52083668979861,127.52083668979861,False,<20 NTU
35,Etawah_35_20220322T051651_20220322T052554_T44RKQ.tif,20220322T051651_20220322T052554_T44RKQ,2022-03-22,ETAWAH,21-03-2022 08:20,26.74972222,78.98333333,10.0,0.883065150462963,0.025302,0.0136535473854589,0.0275145412736303,0.0236385275301972,0.0359649495840458,0.0327708187747981,0.0238450029041609,-0.1331736110942648,-0.0871582956384733,2,1,True,OK,35,Etawah_35_20220322T051651_20220322T052554_T44RKQ.tif,13,14,9,EPSG:32644,0.0299840681254863,0.0214000009000301,0.0241852980107069,0.0109999999403953,0.1145000010728836,0.0538005456328392,0.0410000011324882,0.0323772765696048,0.0248000007122755,0.1544000059366226,0.0478109829127788,0.0338499993085861,0.0350943356752395,0.0217000003904104,0.1622000038623809,0.1580884605646133,0.0668500065803527,0.1320653557777404,0.0324999988079071,0.4056000113487243,0.1107049435377121,0.0843499973416328,0.0799731835722923,0.0297999996691942,0.2705999910831451,0.0743120834231376,0.0587499998509883,0.0580088049173355,0.0208999998867511,0.2353000044822693,-0.3435750305652618,-0.2458041310310363,0.2255214303731918,-0.7552393078804016,-0.0708401724696159,-0.2669662237167358,-0.2772652506828308,0.1607754826545715,-0.5235955119132996,-0.0236486718058586,0.0,True,True,3,10.0,21.22515248287298,-11.225152482872979,11.225152482872979,-112.25152482872977,112.25152482872977,False,<20 NTU
139,Etawah_139_20220322T051651_20220322T052554_T44RKQ.tif,20220322T051651_20220322T052554_T44RKQ,2022-03-22,ETAWAH,21-03-2022 08:20,26.74972222,78.98333333,10.0,0.883065150462963,0.025302,0.0136535473854589,0.0275145412736303,0.0236385275301972,0.0359649495840458,0.0327708187747981,0.0238450029041609,-0.1331736110942648,-0.0871582956384733,2,1,True,OK,139,Etawah_139_20220322T051651_20220322T052554_T44RKQ.tif,14,14,9,EPSG:32644,0.0939204096794128,0.0550500005483627,0.0623556710779666,0.0324000008404254,0.1916999965906143,0.139732152223587,0.0921500027179718,0.0725059509277343,0.0667999982833862,0.2563000023365021,0.1601040661334991,0.1006499975919723,0.1051670983433723,0.0491999983787536,0.3249000012874603,0.1655010133981704,0.0980999991297721,0.1382787078619003,0.0273000001907348,0.3673999905586242,0.1967127621173858,0.1081500053405761,0.1743321418762207,0.0299999993294477,0.4521999955177307,0.1849652826786041,0.0864000022411346,0.1729867756366729,0.0240000002086162,0.4384999871253967,0.0815144032239914,-0.0148162981495261,0.2661036252975464,-0.2093608230352401,0.449019581079483,0.0395228415727615,-0.0550839267671108,0.3108077943325043,-0.3176392614841461,0.4410774707794189,0.4897959183673469,True,True,3,10.0,20.943520032317043,-10.943520032317043,10.943520032317043,-109.43520032317042,109.43520032317042,False,<20 NTU
107,Etawah_107_20210302T051729_20210302T052733_T44RKQ.tif,20210302T051729_20210302T052733_T44RKQ,2021-03-02,ETAWAH,01-03-2021 08:10,26.74972222,78.98333333,10.0,0.8899603703703703,0.00653,0.0249581926031382,0.0353287162331587,0.0212601915553531,0.0339667652033558,0.0216777030709472,0.0175754223147361,0.0199532581170166,0.246392207793883,2,1,True,OK,107,Etawah_107_20210302T051729_20210302T052733_T44RKQ.tif,14,14,9,EPSG:32644,0.1324959248304367,0.1417500078678131,0.0599410906434059,0.0350000001490116,0.2075999975204467,0.1835586726665496,0.1964000016450882,0.0709476694464683,0.0690999999642372,0.2748000025749206,0.2188275605440139,0.2428999990224838,0.1051119342446327,0.0406000018119812,0.3495999872684479,0.2419949024915695,0.2832500040531158,0.1392861902713775,0.0071999998763203,0.4047000110149383,0.2777188718318939,0.3176999986171722,0.1601661294698715,0.0175000000745058,0.4776000082492828,0.2799933552742004,0.3161500096321106,0.1645634472370147,0.0176999997347593,0.4902999997138977,0.0076581505127251,-0.1818477213382721,0.3448915779590606,-0.2289068400859832,0.8149100542068481,-0.0677749887108802,-0.2431554049253463,0.3167474865913391,-0.3446717858314514,0.6043956279754639,0.2397959183673469,True,True,3,10.0,20.1422122414392,-10.1422122414392,10.1422122414392,-101.42212241439199,101.42212241439199,False,<20 NTU
169,Etawah_169_20230302T051729_20230302T052948_T44RKQ.tif,20230302T051729_20230302T052948_T44RKQ,2023-03-02,ETAWAH,01-03-2023 08:30,26.74972222,78.98333333,10.0,0.8760926620370371,0.204697,0.0232984655419247,0.0470663146986332,0.0312738034967018,0.0321984657339189,0.0304443695171325,0.0236367258434142,0.188694886645084,0.2155333005955342,2,1,True,OK,169,Etawah_169_20230302T051729_20230302T052948_T44RKQ.tif,14,14,9,EPSG:32644,0.1122596859931945,0.1204499974846839,0.0777550116181373,0.0143999997526407,0.2113000005483627,0.1638413220643997,0.1789500117301941,0.0912123769521713,0.0461000017821788,0.2813999950885772,0.1952576488256454,0.2197500020265579,0.1269577890634536,0.0285999998450279,0.3522000014781952,0.200986236333847,0.2610000073909759,0.1559395045042038,0.0015999999595806,0.3835000097751617,0.2411173582077026,0.2692999839782715,0.1840200573205948,0.0227000005543231,0.4722999930381775,0.234571948647499,0.244949996471405,0.1860140413045883,0.0188999995589256,0.4690000116825104,0.1550284475088119,-0.1528737694025039,0.42689248919487,-0.1916022300720214,0.9329140782356262,-0.017421867698431,-0.2171883881092071,0.2734362185001373,-0.2703233957290649,0.5516279339790344,0.3979591836734694,True,True,4,10.0,17.825517625260893,-7.825517625260893,7.825517625260893,-78.25517625260893,78.25517625260893,False,<20 NTU
93,Etawah_93_20240321T051651_20240321T053116_T44RKQ.tif,20240321T051651_20240321T053116_T44RKQ,2024-03-21,ETAWAH,21-03-2024 09:30,26.74972222,78.98333333,9.0,0.1655700347222222,5.146705,0.030692567449191,0.0535054476868764,0.0397926801836604,0.0310866694697095,0.0193094032429062,0.0166075874386388,0.2650227060747073,0.4700040107316061,2,1,True,OK,93,Etawah_93_20240321T051651_20240321T053116_T44RKQ.tif,13,14,9,EPSG:32644,0.03390384465456,0.031599998474121,0.0105331521481275,0.0203000009059906,0.0839999988675117,0.0594747252762317,0.0546000003814697,0.0126949502155184,0.0465000011026859,0.1189000010490417,0.0462901107966899,0.0406000018119812,0.0168134309351444,0.0281000006943941,0.125,0.1389615386724472,0.0406000018119812,0.1287194788455963,0.0269000008702278,0.4262000024318695,0.0821126401424408,0.038450002670288,0.0669990852475166,0.0165999997407197,0.2134000062942505,0.0518164858222007,0.0260499995201826,0.0405876301229,0.0115000000223517,0.1689999997615814,-0.1302240788936615,0.1292073875665664,0.4148444831371307,-0.8032578825950623,0.329177051782608,0.0395138300955295,0.1670105904340744,0.4078614413738251,-0.530065655708313,0.5218002796173096,0.510989010989011,True,True,1,9.0,36.07999020296774,-27.079990202967743,27.079990202967743,-300.8887800329749,300.8887800329749,False,<20 NTU
28,Etawah_28_20220101T052231_20220101T053051_T44RKQ.tif,20220101T052231_20220101T053051_T44RKQ,2022-01-01,ETAWAH,01-01-2022 08:30,26.74972222,78.98333333,9.0,0.1238964467592592,19.767311,0.081851196504693,0.086055855437702,0.0653346857189217,0.0772009992642697,0.0319726770281737,0.0207320101811395,0.054252285776169,0.4583149314438505,2,1,True,OK,28,Etawah_28_20220101T052231_20220101T053051_T44RKQ.tif,13,14,9,EPSG:32644,0.0869730859994888,0.0829000025987625,0.010971681214869,0.0754000023007392,0.1213999986648559,0.0984456017613411,0.0907500013709068,0.0169271305203437,0.0812999978661537,0.1527999937534332,0.0774379149079322,0.0683000013232231,0.0190659221261739,0.0604999996721744,0.1518999934196472,0.1615433990955352,0.095550000667572,0.0892244577407836,0.0729999989271164,0.3386000096797943,0.0947247371077537,0.0698499977588653,0.0644951239228248,0.0285000000149011,0.250900000333786,0.060725275427103,0.0451000034809112,0.0468276962637901,0.0172000005841255,0.223700001835823,-0.1623977273702621,-0.0296239666640758,0.2144631594419479,-0.5055002570152283,0.0782828405499458,0.1319264024496078,0.1271758079528808,0.2935877740383148,-0.2604778409004211,0.5038893818855286,0.5604395604395604,True,True,5,9.0,29.78255982621942,-20.78255982621942,20.78255982621942,-230.91733140243798,230.91733140243798,False,<20 NTU
198,Etawah_198_20240321T051651_20240321T053116_T44RKQ.tif,20240321T051651_20240321T053116_T44RKQ,2024-03-21,ETAWAH,21-03-2024 09:30,26.74972222,78.98333333,9.0,0.1655700347222222,5.146705,0.030692567449191,0.0535054476868764,0.0397926801836604,0.0310866694697095,0.0193094032429062,0.0166075874386388,0.2650227060747073,0.4700040107316061,2,1,True,OK,198,Etawah_198_20240321T051651_20240321T053116_T44RKQ.tif,14,14,9,EPSG:32644,0.1182551085948944,0.1183499991893768,0.0619034729897975,0.0342000015079975,0.197500005364418,0.1687515377998352,0.1706500053405761,0.0731700509786605,0.0718000009655952,0.263399988412857,0.1931928545236587,0.2064999938011169,0.1088458225131034,0.0465000011026859,0.3267000019550323,0.2065821290016174,0.2419500052928924,0.1367299407720565,0.0243999995291233,0.3707000017166137,0.245782658457756,0.2755500078201294,0.1731400787830352,0.0276999995112419,0.4573000073432922,0.2262362092733383,0.2497999966144561,0.1662578731775283,0.0248000007122755,0.4329999983310699,0.0231129005551338,-0.1583232283592224,0.2462754994630813,-0.1987966001033783,0.5090543627738953,-0.0303500816226005,-0.2267724722623825,0.2892353236675262,-0.314726859331131,0.4713740646839142,0.3469387755102041,True,True,1,9.0,27.178770741151705,-18.178770741151705,18.178770741151705,-201.98634156835226,201.98634156835226,False,<20 NTU
140,Etawah_140_20220401T051651_20220401T052734_T44RKQ.tif,20220401T051651_20220401T052734_T44RKQ,2022-04-01,ETAWAH,01-04-2022 08:05,26.74972222,78.98333333,9.0,0.1065302083333333,0.000189,0.0,0.0,0.0,0.0,0.0357763226047527,0.0314072495303326,0.0,-1.0,2,1,True,OK,140,Etawah_140_20220401T051651_20220401T052734_T44RKQ.tif,14,14,9,EPSG:32644,0.078151024878025,0.023199999704957,0.0861852616071701,0.0,0.2179999947547912,0.1373122483491897,0.0800499990582466,0.0967001244425773,0.0351999998092651,0.2908999919891357,0.1698984801769256,0.0989999994635582,0.1326688826084137,0.02449999935925,0.3752999901771545,0.1485566198825836,0.0722500011324882,0.1554636359214782,0.0,0.3788000047206878,0.2040913254022598,0.1158500015735626,0.1702819466590881,0.0355999991297721,0.4508000016212463,0.1889495104551315,0.0920000001788139,0.1608034819364547,0.034400001168251,0.4271000027656555,0.3704297840595245,0.0554018020629882,0.528459906578064,-0.1752933412790298,1.0,-0.1002788543701171,-0.1749849021434784,0.1505286693572998,-0.3255729377269745,0.241441398859024,0.3163265306122449,True,True,2,9.0,26.955063445440334,-17.955063445440334,17.955063445440334,-199.50070494933703,199.50070494933703,False,<20 NTU
174,Etawah_174_20230421T051649_20230421T052441_T44RKQ.tif,20230421T051649_20230421T052441_T44RKQ,2023-04-21,ETAWAH,21-04-2023 09:10,26.74972222,78.98333333,9.0,0.1516705439814814,5.913876,0.0489321086830501,0.072850760016884,0.0612619793622519,0.0783433994699924,0.088390554403173,0.0709764349886828,-0.0364287452764262,-0.0989086244709134,2,1,True,OK,174,Etawah_174_20230421T051649_20230421T052441_T44RKQ.tif,14,14,9,EPSG:32644,0.1687382608652115,0.2209500074386596,0.0827470496296882,0.0269000008702278,0.2511999905109405,0.2273658066987991,0.2809000015258789,0.0878605023026466,0.0807999968528747,0.31700000166893,0.270306646823883,0.3386499881744385,0.1145648211240768,0.066600002348423,0.3840999901294708,0.2727805972099304,0.3499999940395355,0.1257392019033432,0.0447000004351139,0.390500009059906,0.3188280463218689,0.4216499924659729,0.1473578810691833,0.0804999992251396,0.4674000144004822,0.3042908012866974,0.4117000102996826,0.1507842540740966,0.0662000030279159,0.4526000022888183,-0.0516260415315628,-0.105594977736473,0.1176183596253395,-0.1649321615695953,0.308282196521759,-0.1338095366954803,-0.1811737418174743,0.0917182117700576,-0.2665999233722687,0.1094658896327018,0.1530612244897959,True,True,4,9.0,25.998665498590963,-16.998665498590963,16.998665498590963,-188.87406109545515,188.87406109545515,False,<20 NTU
132,Etawah_132_20220101T052231_20220101T053051_T44RKQ.tif,20220101T052231_20220101T053051_T44RKQ,2022-01-01,ETAWAH,01-01-2022 08:30,26.74972222,78.98333333,9.0,0.1238964467592592,19.767311,0.081851196504693,0.086055855437702,0.0653346857189217,0.0772009992642697,0.0319726770281737,0.0207320101811395,0.054252285776169,0.4583149314438505,2,1,True,OK,132,Etawah_132_20220101T052231_20220101T053051_T44RKQ.tif,14,14,9,EPSG:32644,0.1112969443202018,0.0878999978303909,0.0354425609111785,0.0800999999046325,0.1796000003814697,0.1315846890211105,0.1037999987602233,0.0477973483502864,0.0883999988436698,0.2245000004768371,0.1319096982479095,0.0871500000357627,0.0724623203277587,0.0690999999642372,0.2678999900817871,0.1319005191326141,0.0614000000059604,0.1004780754446983,0.0480000004172325,0.314300000667572,0.1402107030153274,0.03490000218153,0.1487056761980056,0.0232999995350837,0.4108000099658966,0.1313709169626236,0.0262499991804361,0.1503035724163055,0.0171000007539987,0.4110000133514404,0.1073269918560981,0.2429618835449218,0.2004313915967941,-0.1843707263469696,0.3328700363636017,0.2271592319011688,0.4915213584899902,0.3728242218494415,-0.3145293295383453,0.613061249256134,0.6326530612244898,True,True,5,9.0,23.23811277186583,-14.23811277186583,14.23811277186583,-158.20125302073143,158.20125302073143,False,<20 NTU
90,Etawah_90_20240111T052201_20240111T052201_T44RKQ.tif,20240111T052201_20240111T052201_T44RKQ,2024-01-11,ETAWAH,11-01-2024 21:20,26.74972222,78.98333333,9.0,0.6586985763888888,12.813301,0.7249190463256595,0.7147856675977777,0.7171405718938724,0.7472301401399277,0.6584495885113071,0.5645136528539364,-0.0223498065412665,0.0405711872395136,2,1,True,OK,90,Etawah_90_20240111T052201_20240111T052201_T44RKQ.tif,13,14,9,EPSG:32644,0.7535682320594788,0.7508000135421753,0.0870782956480979,0.5322999954223633,0.963800013065338,0.7392774224281311,0.73785001039505,0.0798343494534492,0.5365999937057495,0.92739999294281,0.7394368648529053,0.7398999929428101,0.0784433037042617,0.5367000102996826,0.9229999780654908,0.7694786190986633,0.7720000147819519,0.075859323143959,0.5774000287055969,0.9448000192642212,0.6701818704605103,0.6699999570846558,0.063895359635353,0.5113999843597412,0.8041999936103821,0.575398862361908,0.576200008392334,0.0575318299233913,0.4259999990463257,0.694599986076355,-0.0204985458403825,-0.0199651233851909,0.0087726796045899,-0.0510598644614219,0.0011770298006013,0.0483822040259838,0.0479415282607078,0.0118656950071454,0.0101353991776704,0.0740633532404899,1.0,True,True,4,9.0,21.080458375573937,-12.080458375573937,12.080458375573937,-134.22731528415486,134.22731528415486,False,<20 NTU
194,Etawah_194_20240111T052201_20240111T052201_T44RKQ.tif,20240111T052201_20240111T052201_T44RKQ,2024-01-11,ETAWAH,11-01-2024 21:20,26.74972222,78.98333333,9.0,0.6586985763888888,12.813301,0.7249190463256595,0.7147856675977777,0.7171405718938724,0.7472301401399277,0.6584495885113071,0.5645136528539364,-0.0223498065412665,0.0405711872395136,2,1,True,OK,194,Etawah_194_20240111T052201_20240111T052201_T44RKQ.tif,14,14,9,EPSG:32644,0.2356107085943222,0.2445500046014785,0.0752921253442764,0.1009000018239021,0.3896999955177307,0.2571408152580261,0.2633000016212463,0.07185098528862,0.1251000016927719,0.3964999914169311,0.264827013015747,0.2723999917507171,0.0760788768529892,0.1204999983310699,0.4203999936580658,0.2674852013587951,0.2796500027179718,0.0845323204994201,0.1000000014901161,0.4336000084877014,0.2384306043386459,0.2470000088214874,0.0924600660800933,0.0760999992489814,0.4023000001907348,0.1954454183578491,0.1919499933719635,0.0916263982653617,0.050900001078844,0.3501000106334686,-0.0116214687004685,-0.0171921122819185,0.0592798106372356,-0.1486610919237136,0.122036874294281,0.0615470148622989,0.0563409477472305,0.1230809241533279,-0.1991434544324875,0.276577740907669,0.5714285714285714,True,True,4,9.0,21.002003649468413,-12.002003649468413,12.002003649468413,-133.3555961052046,133.3555961052046,False,<20 NTU
69,Etawah_69_20230421T051649_20230421T052441_T44RKQ.tif,20230421T051649_20230421T052441_T44RKQ,2023-04-21,ETAWAH,21-04-2023 09:10,26.74972222,78.98333333,9.0,0.1516705439814814,5.913876,0.0489321086830501,0.072850760016884,0.0612619793622519,0.0783433994699924,0.088390554403173,0.0709764349886828,-0.0364287452764262,-0.0989086244709134,2,1,True,OK,69,Etawah_69_20230421T051649_20230421T052441_T44RKQ.tif,13,14,9,EPSG:32644,0.0477961562573909,0.0377999991178512,0.0317603461444377,0.0146000003442168,0.1659000068902969,0.0767697840929031,0.0644499957561492,0.0375967249274253,0.0377999991178512,0.215499997138977,0.0727131813764572,0.0573999993503093,0.0495774336159229,0.0329000018537044,0.2689999938011169,0.1745340675115585,0.1094999983906745,0.1185283213853836,0.0480999983847141,0.4327999949455261,0.1541488915681839,0.1214499995112419,0.0786476135253906,0.0731000006198883,0.3882000148296356,0.1112538427114486,0.0901999995112419,0.062843881547451,0.0581000000238418,0.3540999889373779,-0.2843494713306427,-0.1839321851730346,0.2488103359937667,-0.7328500747680664,0.0108107924461364,-0.3124131560325622,-0.288193941116333,0.1491069793701172,-0.6078904867172241,-0.0102505311369895,0.0,True,True,4,9.0,20.844868448327425,-11.844868448327425,11.844868448327425,-131.60964942586028,131.60964942586028,False,<20 NTU
106,Etawah_106_20210131T052039_20210131T052539_T44RKQ.tif,20210131T052039_20210131T052539_T44RKQ,2021-01-31,ETAWAH,01-02-2021 08:15,26.74972222,78.98333333,9.0,1.113502974537037,0.001931,0.0182047155318647,0.0230014075929936,0.0151139075666202,0.0226987754340862,0.0142322918396235,0.0106446791142917,0.0062981905551472,0.2454706472239818,2,1,True,OK,106,Etawah_106_20210131T052039_20210131T052539_T44RKQ.tif,14,14,9,EPSG:32644,0.1183780580759048,0.1235000044107437,0.0508072040975093,0.0370999984443187,0.1982000023126602,0.1633428484201431,0.1711000055074691,0.0605130158364772,0.0627000033855438,0.259799987077713,0.1926448941230774,0.2073000073432922,0.0873785391449928,0.0405000001192092,0.3269000053405761,0.223625510931015,0.2501000165939331,0.1189311295747757,0.0170000009238719,0.3853000104427337,0.2532760202884674,0.2813999950885772,0.1455051153898239,0.0124000003561377,0.4564000070095062,0.2492709308862686,0.2663999795913696,0.1520186960697174,0.0120000001043081,0.4740999937057495,-0.0459827221930027,-0.1921021342277526,0.2867181301116943,-0.2460367828607559,0.6018626093864441,-0.0753787755966186,-0.2522983253002167,0.3374672830104828,-0.3374884724617004,0.6926889419555664,0.2295918367346938,True,True,4,9.0,19.004034094092873,-10.004034094092873,10.004034094092873,-111.1559343788097,111.1559343788097,False,<20 NTU
2,Etawah_2_20210131T052039_20210131T052539_T44RKQ.tif,20210131T052039_20210131T052539_T44RKQ,2021-01-31,ETAWAH,01-02-2021 08:15,26.74972222,78.98333333,9.0,1.113502974537037,0.001931,0.0182047155318647,0.0230014075929936,0.0151139075666202,0.0226987754340862,0.0142322918396235,0.0106446791142917,0.0062981905551472,0.2454706472239818,2,1,True,OK,2,Etawah_2_20210131T052039_20210131T052539_T44RKQ.tif,13,14,9,EPSG:32644,0.0281835179775953,0.0218500010669231,0.0130154332146048,0.0154999997466802,0.0913000032305717,0.0420472547411918,0.0302000008523464,0.0213429853320121,0.0209999997168779,0.121799997985363,0.0325192287564277,0.0234999991953372,0.0203334800899028,0.0133999995887279,0.1187999993562698,0.123549997806549,0.0496999993920326,0.1135808005928993,0.0208999998867511,0.4097999930381775,0.0796434134244918,0.0582500025629997,0.0655162259936332,0.009800000116229,0.2120999991893768,0.0532906614243984,0.0439999997615814,0.0426729284226894,0.0065999999642372,0.1787000000476837,-0.2974672317504883,-0.2448279857635498,0.2637145817279815,-0.7532608509063721,0.035343050956726,-0.1044662669301033,-0.2120791971683502,0.3299057483673095,-0.5461200475692749,0.4255318939685821,0.412087912087912,True,True,4,9.0,18.56459451103903,-9.56459451103903,9.56459451103903,-106.27327234487811,106.27327234487811,False,<20 NTU
36,Etawah_36_20220401T051651_20220401T052734_T44RKQ.tif,20220401T051651_20220401T052734_T44RKQ,2022-04-01,ETAWAH,01-04-2022 08:05,26.74972222,78.98333333,9.0,0.1065302083333333,0.000189,0.0,0.0,0.0,0.0,0.0357763226047527,0.0314072495303326,0.0,-1.0,2,1,True,OK,36,Etawah_36_20220401T051651_20220401T052734_T44RKQ.tif,13,14,9,EPSG:32644,0.0090395603328943,0.0,0.0217373203486204,0.0,0.1108999997377395,0.0280087906867265,0.0,0.0403205640614032,0.0,0.1697999984025955,0.0292533002793788,0.0049999998882412,0.0467811860144138,0.0,0.1754000037908554,0.1416576951742172,0.0125000001862645,0.1601049602031707,0.0,0.4763999879360199,0.1178972646594047,0.0810500010848045,0.0861077830195427,0.0322999991476535,0.2878000140190124,0.081003300845623,0.0591499991714954,0.0581534802913665,0.0285999998450279,0.2362000048160553,-0.3805609047412872,-0.3622523546218872,0.3848438560962677,-1.0,0.0,-0.8048904538154602,-1.0,0.2328579425811767,-1.0,-0.2461709231138229,0.0,True,True,2,9.0,11.160039117034007,-2.1600391170340068,2.1600391170340068,-24.000434633711187,24.000434633711187,False,<20 NTU
171,Etawah_171_20230322T051659_20230322T052301_T44RKQ.tif,20230322T051659_20230322T052301_T44RKQ,2023-03-22,ETAWAH,21-03-2023 09:20,26.74972222,78.98333333,8.0,0.841392199074074,0.165298,0.0289357260741641,0.0385225505771551,0.0224706925916368,0.0278372043009054,0.0165251126934497,0.012554743732032,0.1621208613946077,0.4033151325121573,2,1,True,OK,171,Etawah_171_20230322T051659_20230322T052301_T44RKQ.tif,14,14,9,EPSG:32644,0.1110469475388526,0.1081499978899955,0.0777839347720146,0.0185000002384185,0.2148000001907348,0.1560959070920944,0.1572500020265579,0.0923747643828392,0.0427000001072883,0.2779000103473663,0.1835954040288925,0.1935000121593475,0.1289795339107513,0.0230000000447034,0.3452999889850616,0.1884061098098755,0.2271499931812286,0.1551800519227981,0.0,0.3745999932289123,0.235665813088417,0.2590500116348266,0.1972286403179168,0.0054000001400709,0.4855999946594238,0.2353479415178299,0.2441000044345855,0.2014770805835724,0.0073000001721084,0.4950999915599823,0.2153048813343048,-0.1484632343053817,0.4913367331027984,-0.1895604580640792,1.0,0.0817004144191742,-0.2365880310535431,0.424310028553009,-0.3104816973209381,0.8232405781745911,0.3928571428571428,True,True,2,8.0,24.013682701422827,-16.013682701422827,16.013682701422827,-200.17103376778533,200.17103376778533,False,<20 NTU
66,Etawah_66_20230322T051659_20230322T052301_T44RKQ.tif,20230322T051659_20230322T052301_T44RKQ,2023-03-22,ETAWAH,21-03-2023 09:20,26.74972222,78.98333333,8.0,0.841392199074074,0.165298,0.0289357260741641,0.0385225505771551,0.0224706925916368,0.0278372043009054,0.0165251126934497,0.012554743732032,0.1621208613946077,0.4033151325121573,2,1,True,OK,66,Etawah_66_20230322T051659_20230322T052301_T44RKQ.tif,13,14,9,EPSG:32644,0.0369335152208805,0.032549999654293,0.0105817448347806,0.0220999997109174,0.0732000023126602,0.053821425884962,0.0526000000536441,0.0157416332513093,0.0340000018477439,0.1027000024914741,0.0373412109911441,0.0305499993264675,0.016817444935441,0.0198999997228384,0.0892999991774559,0.1457659304141998,0.095499999821186,0.1225371807813644,0.0208000000566244,0.3666999936103821,0.0891895592212677,0.0714000016450882,0.0691001340746879,0.0120999999344348,0.2234999984502792,0.0554049462080001,0.0494499988853931,0.0409010462462902,0.0086000002920627,0.1571000069379806,-0.2314451485872268,-0.1577978879213333,0.351902037858963,-0.7196162343025208,0.2504504323005676,-0.0493368953466415,-0.1449600160121917,0.3703652024269104,-0.5282555222511292,0.5488215684890747,0.4395604395604395,True,True,2,8.0,20.426509349430468,-12.426509349430468,12.426509349430468,-155.33136686788086,155.33136686788086,False,<20 NTU
142,Etawah_142_20220421T051701_20220421T052440_T44RKQ.tif,20220421T051701_20220421T052440_T44RKQ,2022-04-21,ETAWAH,21-04-2022 07:50,26.74972222,78.98333333,8.0,0.0960862962962963,24.838729,0.0,0.0006726632887376,0.0190150055621104,0.0196728743608833,0.092605996134414,0.072293077019748,-0.9434620732324078,-0.9860476265485224,2,1,True,OK,142,Etawah_142_20220421T051701_20220421T052440_T44RKQ.tif,14,14,9,EPSG:32644,0.1064102053642273,0.1069499999284744,0.084855742752552,0.0,0.225600004196167,0.1843234598636627,0.1850000023841858,0.0888975784182548,0.0549000017344951,0.3138999938964844,0.2460168600082397,0.2526000142097473,0.1117573976516723,0.0645999982953071,0.4000999927520752,0.2214540690183639,0.2430999875068664,0.1295286566019058,0.0212999992072582,0.3828999996185303,0.2882265150547027,0.3172999918460846,0.1339073777198791,0.0974999964237213,0.4530999958515167,0.2516607046127319,0.2717999815940857,0.1267738044261932,0.0797000005841255,0.4090000092983246,-0.02181794680655,-0.1118473261594772,0.1732902526855468,-0.2185618430376052,0.4409449100494385,-0.2207836210727691,-0.2125974595546722,0.050047680735588,-0.4189013540744781,-0.0457574538886547,0.0,True,True,5,8.0,17.005181616075706,-9.005181616075706,9.005181616075706,-112.56477020094633,112.56477020094633,False,<20 NTU
4,Etawah_4_20210322T051649_20210322T052843_T44RKQ.tif,20210322T051649_20210322T052843_T44RKQ,2021-03-22,ETAWAH,22-03-2021 08:30,26.74972222,78.98333333,8.0,0.1239266203703703,9.910906,0.0666223673521214,0.0755822639031386,0.064375197704722,0.0918483244420893,0.0660862340570872,0.0495098680672068,-0.09711592260702,0.0677355557270054,2,1,True,OK,4,Etawah_4_20210322T051649_20210322T052843_T44RKQ.tif,13,14,9,EPSG:32644,0.0722587928175926,0.0696000009775161,0.0082201240584254,0.062399998307228,0.1062999963760376,0.0855966955423355,0.0804999992251396,0.0124626085162162,0.0712999999523162,0.1305000036954879,0.0777318626642227,0.0715000033378601,0.0174901001155376,0.0617999993264675,0.1357000023126602,0.1572291254997253,0.1112999990582466,0.0681132897734642,0.0892999991774559,0.2797999978065491,0.1250291168689727,0.1056500002741813,0.0596695840358734,0.0626000016927719,0.2494000047445297,0.0882796645164489,0.0754999965429306,0.0420042648911476,0.0452999994158744,0.1977999955415725,-0.2480527907609939,-0.1703760027885437,0.1540918499231338,-0.5223068594932556,-0.0800942182540893,-0.1290651708841323,-0.1190895289182663,0.1852335631847381,-0.3840177655220032,0.106049820780754,0.4340659340659341,True,True,2,8.0,16.976889129587594,-8.976889129587594,8.976889129587594,-112.21111411984492,112.21111411984492,False,<20 NTU
108,Etawah_108_20210322T051649_20210322T052843_T44RKQ.tif,20210322T051649_20210322T052843_T44RKQ,2021-03-22,ETAWAH,22-03-2021 08:30,26.74972222,78.98333333,8.0,0.1239266203703703,9.910906,0.0666223673521214,0.0755822639031386,0.064375197704722,0.0918483244420893,0.0660862340570872,0.0495098680672068,-0.09711592260702,0.0677355557270054,2,1,True,OK,108,Etawah_108_20210322T051649_20210322T052843_T44RKQ.tif,14,14,9,EPSG:32644,0.1308663189411163,0.1430500000715255,0.0384268090128898,0.0671000033617019,0.1748999953269958,0.172149509191513,0.1873500049114227,0.0490425191819667,0.0895000025629997,0.2287999987602234,0.1974755078554153,0.2225999981164932,0.0741146355867385,0.0715000033378601,0.2809999883174896,0.2300005108118057,0.2643499970436096,0.0933193638920784,0.0728000029921531,0.33160001039505,0.2777775228023529,0.3203999996185303,0.1315000504255294,0.0588000006973743,0.431300014257431,0.2767989635467529,0.3215000033378601,0.1404843777418136,0.0458000004291534,0.4424000084400177,-0.1058851927518844,-0.1706193685531616,0.1157664656639099,-0.1891794204711914,0.1299165934324264,-0.1620211452245712,-0.2653064131736755,0.1945680975914001,-0.3233151435852051,0.2323759943246841,0.2244897959183673,True,True,2,8.0,16.94475700762637,-8.944757007626372,8.944757007626372,-111.80946259532965,111.80946259532965,False,<20 NTU
38,Etawah_38_20220421T051701_20220421T052440_T44RKQ.tif,20220421T051701_20220421T052440_T44RKQ,2022-04-21,ETAWAH,21-04-2022 07:50,26.74972222,78.98333333,8.0,0.0960862962962963,24.838729,0.0,0.0006726632887376,0.0190150055621104,0.0196728743608833,0.092605996134414,0.072293077019748,-0.9434620732324078,-0.9860476265485224,2,1,True,OK,38,Etawah_38_20220421T051701_20220421T052440_T44RKQ.tif,13,14,9,EPSG:32644,0.0123093416914343,0.0,0.027596665546298,0.0,0.124899998307228,0.0415802225470542,0.0309500005096197,0.05063496530056,0.0,0.2113000005483627,0.0579214319586753,0.0322999991476535,0.0581682026386261,0.0143999997526407,0.2955999970436096,0.1707494556903839,0.091849997639656,0.1559173017740249,0.0124000003561377,0.4598000049591064,0.1711131781339645,0.1489000022411346,0.0820198059082031,0.0872000008821487,0.4140999913215637,0.1203835234045982,0.1081999987363815,0.0577250607311725,0.0690999999642372,0.3397000133991241,-0.7272329926490784,-0.7686326503753662,0.2296577394008636,-1.0,-0.2352116703987121,-0.7413957118988037,-0.7235745191574097,0.234941154718399,-1.0,-0.2714285850524902,0.0,True,True,5,8.0,14.75832700833827,-6.75832700833827,6.75832700833827,-84.47908760422837,84.47908760422837,False,<20 NTU
141,Etawah_141_20220411T051651_20220411T052901_T44RKQ.tif,20220411T051651_20220411T052901_T44RKQ,2022-04-11,ETAWAH,11-04-2022 08:10,26.74972222,78.98333333,7.0,0.1100047106481481,0.045846,0.0215292653296486,0.0362630634341045,0.0344095863281279,0.0472920326026248,0.0555702001758356,0.0437557850759854,-0.1320257542931752,-0.2102421145206569,2,1,True,OK,141,Etawah_141_20220411T051651_20220411T052901_T44RKQ.tif,14,14,9,EPSG:32644,0.1096724495291709,0.096900001168251,0.0648494809865951,0.0284000001847744,0.201100006699562,0.1599025577306747,0.1439999938011169,0.0750926509499549,0.0631000027060508,0.2662000060081482,0.1969326585531234,0.1841000020503997,0.1010273247957229,0.0579999983310699,0.3382000029087066,0.2075648009777069,0.2085999995470047,0.1263258755207061,0.036200001835823,0.3732999861240387,0.2388418167829513,0.2363499999046325,0.1535775363445282,0.0516999997198581,0.4368999898433685,0.2189520299434662,0.2018499970436096,0.1515479385852813,0.0441000014543533,0.4183999896049499,-0.0595382675528526,-0.1624125242233276,0.1534105241298675,-0.1976904273033142,0.2774451076984405,-0.115263745188713,-0.2279796600341797,0.1652702242136001,-0.3403933644294739,0.2301639467477798,0.3163265306122449,True,True,1,7.0,29.04321035577632,-22.04321035577632,22.04321035577632,-314.90300508251886,314.90300508251886,False,<20 NTU
59,Etawah_59_20230111T052159_20230111T052604_T44RKQ.tif,20230111T052159_20230111T052604_T44RKQ,2023-01-11,ETAWAH,11-01-2023 09:00,26.74972222,78.98333333,7.0,0.1447965972222222,36.526528,0.8403443645199277,0.770153379160072,0.7264291116263013,0.6832671161522872,0.560398869694689,0.456939075079218,0.0598321104656091,0.1578300388043259,2,1,True,OK,59,Etawah_59_20230111T052159_20230111T052604_T44RKQ.tif,13,14,9,EPSG:32644,0.8248593807220459,0.8291000127792358,0.0358858443796634,0.756600022315979,0.9182000160217284,0.7592604756355286,0.7640999555587769,0.0380640104413032,0.6872000098228455,0.8626000285148621,0.719757080078125,0.7236999869346619,0.0407891422510147,0.645799994468689,0.83160001039505,0.67411208152771,0.6762999892234802,0.0481950677931308,0.5924999713897705,0.8077999949455261,0.5665500164031982,0.5679999589920044,0.043279830366373,0.490200012922287,0.692300021648407,0.4695631563663482,0.4732999801635742,0.0369729958474636,0.3928000032901764,0.5724999904632568,0.0600329563021659,0.0620297044515609,0.0119581101462244,0.0291926264762878,0.0863591134548187,0.1461165100336074,0.1460950374603271,0.0160609688609838,0.1044697761535644,0.1823940724134445,1.0,True,True,4,7.0,28.66523013033944,-21.66523013033944,21.66523013033944,-309.5032875762777,309.5032875762777,False,<20 NTU
164,Etawah_164_20230111T052159_20230111T052604_T44RKQ.tif,20230111T052159_20230111T052604_T44RKQ,2023-01-11,ETAWAH,11-01-2023 09:00,26.74972222,78.98333333,7.0,0.1447965972222222,36.526528,0.8403443645199277,0.770153379160072,0.7264291116263013,0.6832671161522872,0.560398869694689,0.456939075079218,0.0598321104656091,0.1578300388043259,2,1,True,OK,164,Etawah_164_20230111T052159_20230111T052604_T44RKQ.tif,14,14,9,EPSG:32644,1.2931357622146606,1.2890000343322754,0.0373329445719718,1.222599983215332,1.3833999633789062,1.1564306020736694,1.1520999670028689,0.035233199596405,1.090399980545044,1.2425999641418457,1.0925040245056152,1.090499997138977,0.0335037186741828,1.0255999565124512,1.1712000370025637,0.9550326466560364,0.9508999586105348,0.0406599640846252,0.8849999904632568,1.054800033569336,0.8006545901298523,0.7994999885559082,0.0291594229638576,0.7437999844551086,0.8701000213623047,0.6849545836448669,0.6857500076293945,0.0255057327449321,0.631600022315979,0.7491999864578247,0.095594935119152,0.0964428633451461,0.0064143231138587,0.0809996724128723,0.1058148369193077,0.181875854730606,0.1824312806129455,0.0068452931009233,0.1643862426280975,0.1980646550655365,1.0,True,True,4,7.0,22.43365201748279,-15.433652017482789,15.433652017482789,-220.480743106897,220.480743106897,False,<20 NTU
166,Etawah_166_20230131T052039_20230131T052214_T44RKQ.tif,20230131T052039_20230131T052214_T44RKQ,2023-01-31,ETAWAH,01-02-2023 08:30,26.74972222,78.98333333,7.0,1.1239480671296296,49.962077,0.0705525760642706,0.0822191452198485,0.0712500283770422,0.096638696479007,0.0386008729716146,0.0240959881475564,-0.0746323611526456,0.375767350125521,2,1,True,OK,166,Etawah_166_20230131T052039_20230131T052214_T44RKQ.tif,14,14,9,EPSG:32644,0.1382484585046768,0.1154499948024749,0.0495359897613525,0.0842999964952468,0.2226999998092651,0.1721229553222656,0.1442500054836273,0.0593510009348392,0.1075000017881393,0.2696999907493591,0.1799015253782272,0.1478500068187713,0.0921396017074585,0.0775000005960464,0.3215999901294708,0.1720132678747177,0.1337000131607055,0.1252496838569641,0.0337000004947185,0.3535999953746795,0.2016642838716507,0.1155499964952468,0.1819460093975067,0.025900000706315,0.4756999909877777,0.2009194195270538,0.092299997806549,0.1967725455760955,0.0175999999046325,0.5047000050544739,0.1315042376518249,0.0539130493998527,0.2631029486656189,-0.1843575090169906,0.5256140232086182,0.1514428555965423,0.164477527141571,0.3748759031295776,-0.3144314587116241,0.6273381114006042,0.5714285714285714,True,True,2,7.0,21.69726532688482,-14.697265326884821,14.697265326884821,-209.96093324121173,209.96093324121173,False,<20 NTU
61,Etawah_61_20230131T052039_20230131T052214_T44RKQ.tif,20230131T052039_20230131T052214_T44RKQ,2023-01-31,ETAWAH,01-02-2023 08:30,26.74972222,78.98333333,7.0,1.1239480671296296,49.962077,0.0705525760642706,0.0822191452198485,0.0712500283770422,0.096638696479007,0.0386008729716146,0.0240959881475564,-0.0746323611526456,0.375767350125521,2,1,True,OK,61,Etawah_61_20230131T052039_20230131T052214_T44RKQ.tif,13,14,9,EPSG:32644,0.0644142851233482,0.0627000033855438,0.0094185816124081,0.0474000014364719,0.1086999997496604,0.0781439617276191,0.0730499997735023,0.0137714482843875,0.0595999993383884,0.1340000033378601,0.0640989020466804,0.0604500025510787,0.0124354772269725,0.0461999997496604,0.1229000017046928,0.1516252607107162,0.1086999997496604,0.0920061022043228,0.061099998652935,0.3808999955654144,0.0868769213557243,0.0637000054121017,0.0617060363292694,0.0209999997168779,0.2151000052690506,0.05624395981431,0.0419500023126602,0.041267555207014,0.0105999996885657,0.1523000001907348,-0.2332576364278793,-0.1192577183246612,0.2137799561023712,-0.6115930080413818,0.0408163182437419,0.0853910967707634,0.0847617983818054,0.3500402271747589,-0.4039215445518493,0.5548841953277588,0.5274725274725275,True,True,2,7.0,19.24157041223766,-12.24157041223766,12.24157041223766,-174.87957731768086,174.87957731768086,False,<20 NTU
37,Etawah_37_20220411T051651_20220411T052901_T44RKQ.tif,20220411T051651_20220411T052901_T44RKQ,2022-04-11,ETAWAH,11-04-2022 08:10,26.74972222,78.98333333,7.0,0.1100047106481481,0.045846,0.0215292653296486,0.0362630634341045,0.0344095863281279,0.0472920326026248,0.0555702001758356,0.0437557850759854,-0.1320257542931752,-0.2102421145206569,2,1,True,OK,37,Etawah_37_20220411T051651_20220411T052901_T44RKQ.tif,13,14,9,EPSG:32644,0.0394027456641197,0.0299500003457069,0.0250957142561674,0.0176999997347593,0.121299996972084,0.0640060454607009,0.0474499985575675,0.034236803650856,0.0340999998152256,0.1645999997854232,0.062903843820095,0.045499999076128,0.0423429124057292,0.0308999996632337,0.2230000048875808,0.1692862659692764,0.0734499990940094,0.1317524909973144,0.0425000004470348,0.4390999972820282,0.1355802118778228,0.1019499972462654,0.0839158445596695,0.0513000003993511,0.36039999127388,0.093315377831459,0.0758000016212463,0.0594980046153068,0.0383000001311302,0.2829999923706054,-0.3240157067775726,-0.2314873933792114,0.2133899331092834,-0.7042062282562256,-0.0820451527833938,-0.3199279904365539,-0.3036420941352844,0.1035982891917228,-0.5101274847984314,-0.1729489862918853,0.0,True,True,1,7.0,13.930104155195743,-6.9301041551957425,6.9301041551957425,-99.00148793136775,99.00148793136775,False,<20 NTU
138,Etawah_138_20220312T051651_20220312T052910_T44RKQ.tif,20220312T051651_20220312T052910_T44RKQ,2022-03-12,ETAWAH,11-03-2022 08:45,26.74972222,78.98333333,3.0,0.865714537037037,8e-05,0.0088536739011131,0.0224632319738891,0.0154391751780126,0.0237157095164933,0.0227061794010968,0.0177841355403002,-0.026763642220029,-0.0029792052705201,2,1,True,OK,138,Etawah_138_20220312T051651_20220312T052910_T44RKQ.tif,14,14,9,EPSG:32644,0.0923066362738609,0.0501499995589256,0.0683032497763633,0.0245999991893768,0.2032999992370605,0.1398418396711349,0.089149996638298,0.0796016380190849,0.0577999986708164,0.2712000012397766,0.1611387580633163,0.0982000008225441,0.1129702106118202,0.0386000014841556,0.3397000133991241,0.1618556082248687,0.0837000012397766,0.1492656916379928,0.0102000003680586,0.3858000040054321,0.1908601969480514,0.0901000052690506,0.1821247935295105,0.0175000000745058,0.4634000062942505,0.1803923398256302,0.0690999999642372,0.1789029836654663,0.0154999997466802,0.4533999860286712,0.1618528515100479,0.0349934622645378,0.3496991991996765,-0.2112168818712234,0.7077363729476929,0.1075542494654655,-0.0093209780752658,0.3648927211761474,-0.3130449652671814,0.5947315096855164,0.4948979591836734,True,True,4,3.0,26.430758846885517,-23.430758846885517,23.430758846885517,-781.0252948961839,781.0252948961839,False,<20 NTU
34,Etawah_34_20220312T051651_20220312T052910_T44RKQ.tif,20220312T051651_20220312T052910_T44RKQ,2022-03-12,ETAWAH,11-03-2022 08:45,26.74972222,78.98333333,3.0,0.865714537037037,8e-05,0.0088536739011131,0.0224632319738891,0.0154391751780126,0.0237157095164933,0.0227061794010968,0.0177841355403002,-0.026763642220029,-0.0029792052705201,2,1,True,OK,34,Etawah_34_20220312T051651_20220312T052910_T44RKQ.tif,13,14,9,EPSG:32644,0.0256543941795825,0.0144999995827674,0.0264171119779348,0.0044999998062849,0.123599998652935,0.0489318668842315,0.0327500030398368,0.0339494384825229,0.0200999993830919,0.1677999943494796,0.0406428538262844,0.0241499990224838,0.0382377952337265,0.0131999999284744,0.1773000061511993,0.1482928544282913,0.0502500012516975,0.1351236850023269,0.0187999997287988,0.4801999926567077,0.0976730808615684,0.0697499960660934,0.0781038254499435,0.0188999995589256,0.2651999890804291,0.0665549412369728,0.0467500016093254,0.0585649795830249,0.0131999999284744,0.2294999957084655,-0.3021897375583648,-0.2308329194784164,0.2795572876930237,-0.8324747085571289,0.0533333681523799,-0.2254038602113723,-0.2538813948631286,0.2019698172807693,-0.5497435927391052,0.1105882674455642,0.1868131868131868,True,True,4,3.0,18.63838831781498,-15.638388317814979,15.638388317814979,-521.2796105938327,521.2796105938327,False,<20 NTU
109,Etawah_109_20210406T051651_20210406T052529_T44RKQ.tif,20210406T051651_20210406T052529_T44RKQ,2021-04-06,ETAWAH,05-04-2021 08:00,26.74972222,78.98333333,2.0,0.8968722685185185,2.423715,0.0401551245936184,0.0738486342975316,0.0749406530154734,0.1183406808256247,0.1305999290932238,0.1004455117666087,-0.2315825475149091,-0.2776991854304331,2,1,True,OK,109,Etawah_109_20210406T051651_20210406T052529_T44RKQ.tif,14,14,9,EPSG:32644,0.152790829539299,0.17739999294281,0.0619744025170803,0.0370999984443187,0.2233999967575073,0.2152173519134521,0.238750010728836,0.0660736188292503,0.0899000018835067,0.2915999889373779,0.252413272857666,0.284850001335144,0.0854480639100074,0.0888999998569488,0.3479999899864197,0.2764096856117248,0.3144000172615051,0.0943731293082237,0.0980999991297721,0.3785000145435333,0.3131484389305115,0.343500018119812,0.0949587002396583,0.1298000067472458,0.4226999878883362,0.2800775468349457,0.3090500235557556,0.0939084812998771,0.1044000014662742,0.3921000063419342,-0.1127999350428581,-0.1282131373882293,0.0424623303115367,-0.1726276576519012,-0.0103480713441967,-0.1848886907100677,-0.1820925772190094,0.024787999689579,-0.272582858800888,-0.1330861300230026,0.0,True,True,1,2.0,21.874113908299808,-19.874113908299808,19.874113908299808,-993.7056954149904,993.7056954149904,False,<20 NTU
5,Etawah_5_20210406T051651_20210406T052529_T44RKQ.tif,20210406T051651_20210406T052529_T44RKQ,2021-04-06,ETAWAH,05-04-2021 08:00,26.74972222,78.98333333,2.0,0.8968722685185185,2.423715,0.0401551245936184,0.0738486342975316,0.0749406530154734,0.1183406808256247,0.1305999290932238,0.1004455117666087,-0.2315825475149091,-0.2776991854304331,2,1,True,OK,5,Etawah_5_20210406T051651_20210406T052529_T44RKQ.tif,13,14,9,EPSG:32644,0.0560445040464401,0.0449000000953674,0.0246018879115581,0.0351000018417835,0.1327999979257583,0.0941280201077461,0.0815500020980835,0.0282216444611549,0.0697999969124794,0.1861000061035156,0.1013703271746635,0.0844499990344047,0.0389695540070533,0.0732000023126602,0.2368000000715255,0.1924010962247848,0.139299988746643,0.0778091549873352,0.1136000007390976,0.3217999935150146,0.1882159411907196,0.1626000106334686,0.0620914958417415,0.1269000023603439,0.3499000072479248,0.1389417499303817,0.1202500015497207,0.0463720485568046,0.0976999998092651,0.2836999893188476,-0.3171278238296509,-0.2650231420993805,0.1110112518072128,-0.5604450106620789,-0.2025249600410461,-0.325802594423294,-0.3083440065383911,0.0570795051753521,-0.4460245668888092,-0.2396100461483001,0.0,True,True,1,2.0,19.074653382985097,-17.074653382985097,17.074653382985097,-853.7326691492549,853.7326691492549,False,<20 NTU
128,Etawah_128_20211112T052051_20211112T052922_T44RKQ.tif,20211112T052051_20211112T052922_T44RKQ,2021-11-12,ETAWAH,11-11-2021 08:30,26.74972222,78.98333333,1.0,0.8761067824074074,23.322425,0.1535981686089423,0.1592855019041815,0.1365079954350451,0.1805198769869601,0.0884747742129875,0.0625236204322973,-0.0624362017853428,0.2858248747138491,2,1,True,OK,128,Etawah_128_20211112T052051_20211112T052922_T44RKQ.tif,14,14,9,EPSG:32644,0.1583341807126999,0.1543000042438507,0.0091961957514286,0.1491000056266784,0.1852000057697296,0.1718387752771377,0.1653999984264373,0.0135372895747423,0.1599999964237213,0.2108000069856643,0.1552551090717315,0.1403500139713287,0.0270855892449617,0.1354999989271164,0.2267999947071075,0.1722285598516464,0.1450999975204467,0.0483364090323448,0.1395999938249588,0.2939000129699707,0.1264867484569549,0.0768499970436096,0.0904481709003448,0.0722000002861023,0.3625999987125397,0.1034275442361831,0.0566999986767768,0.0898524075746536,0.0504000000655651,0.3537999987602234,0.0138305071741342,0.0622681155800819,0.0849120244383812,-0.17226043343544,0.0767204239964485,0.2298940122127533,0.3632867336273193,0.2274615466594696,-0.2753468453884125,0.3838340938091278,0.7908163265306123,True,True,4,1.0,76.49515053527549,-75.49515053527549,75.49515053527549,-7549.515053527549,7549.515053527549,False,<20 NTU
24,Etawah_24_20211112T052051_20211112T052922_T44RKQ.tif,20211112T052051_20211112T052922_T44RKQ,2021-11-12,ETAWAH,11-11-2021 08:30,26.74972222,78.98333333,1.0,0.8761067824074074,23.322425,0.1535981686089423,0.1592855019041815,0.1365079954350451,0.1805198769869601,0.0884747742129875,0.0625236204322973,-0.0624362017853428,0.2858248747138491,2,1,True,OK,24,Etawah_24_20211112T052051_20211112T052922_T44RKQ.tif,13,14,9,EPSG:32644,0.1538252830505371,0.1524000018835067,0.0047974600456655,0.1468999981880188,0.1678999960422516,0.1628241837024688,0.1598999947309494,0.0072169578634202,0.1544000059366226,0.185599997639656,0.1419769078493118,0.1378500014543533,0.0115736778825521,0.1280000060796737,0.1808000057935714,0.2242587953805923,0.1915999948978424,0.055874790996313,0.1722999960184097,0.3402999937534332,0.1344522088766098,0.1106999963521957,0.049089852720499,0.0860999971628189,0.2653999924659729,0.0931835174560546,0.0768499970436096,0.0404174849390983,0.0588999986648559,0.2313999980688095,-0.1430445462465286,-0.0868728458881378,0.1083767041563987,-0.3611892759799957,-0.0403128862380981,0.1233786046504974,0.1821919232606887,0.1581325381994247,-0.1769401282072067,0.2994304597377777,0.6648351648351648,True,True,4,1.0,24.797898130881762,-23.797898130881762,23.797898130881762,-2379.7898130881763,2379.7898130881763,False,<20 NTU
1,Etawah_1_20210101T052219_20210101T052222_T44RKQ.tif,20210101T052219_20210101T052222_T44RKQ,2021-01-01,ETAWAH,01-01-2021 08:00,26.74972222,78.98333333,1.0,0.103102037037037,0.001948,0.1002675814413558,0.0995498036898605,0.0813770271346879,0.0995831789673297,0.0400851629155285,0.023399915513142,-0.000175604936885,0.4264642591378442,2,1,True,OK,1,Etawah_1_20210101T052219_20210101T052222_T44RKQ.tif,13,14,9,EPSG:32644,0.1053604260087013,0.1030500009655952,0.007166426628828,0.0935999974608421,0.1340000033378601,0.1093412116169929,0.1058499962091445,0.011010150425136,0.0939000025391578,0.1474000066518783,0.0913686826825141,0.0877500027418136,0.0115623623132705,0.0763999968767166,0.1379999965429306,0.1739543825387954,0.125,0.0784940794110298,0.0970999971032142,0.3986999988555908,0.1007829681038856,0.0795000046491622,0.0603424310684204,0.0370999984443187,0.2213999927043914,0.0635368153452873,0.0513999983668327,0.0413536690175533,0.0196000002324581,0.1718000024557113,-0.1787822395563125,-0.0887161344289779,0.1696396619081497,-0.5300271511077881,0.0130130099132657,0.1281112283468246,0.1154661625623703,0.2822459638118744,-0.2364072948694229,0.4800280332565307,0.5494505494505495,True,True,5,1.0,24.6963111543372,-23.6963111543372,23.6963111543372,-2369.63111543372,2369.63111543372,False,<20 NTU
143,Etawah_143_20220501T051701_20220501T052759_T44RKQ.tif,20220501T051701_20220501T052759_T44RKQ,2022-05-01,ETAWAH,02-05-2022 08:20,26.74972222,78.98333333,1.0,1.116912476851852,25.296843,0.0992459745449433,0.111145382929543,0.0917409347477243,0.1618301800372465,0.173346045758441,0.190966046992102,-0.1844669036663699,-0.1977410480716457,2,1,True,OK,143,Etawah_143_20220501T051701_20220501T052759_T44RKQ.tif,14,14,9,EPSG:32644,0.1547510027885437,0.155799999833107,0.0461886189877986,0.0816000029444694,0.2138999998569488,0.2144785672426223,0.2162500023841858,0.0521491952240467,0.1378999948501587,0.2842999994754791,0.2641943693161011,0.2754499912261963,0.0721784085035324,0.1439999938011169,0.3560999929904938,0.2701775431632995,0.2917500138282776,0.089525818824768,0.1099999994039535,0.3743000030517578,0.320497453212738,0.3617500066757202,0.1144520044326782,0.125,0.4438999891281128,0.2861320972442627,0.3183000087738037,0.1115690991282463,0.1061000004410743,0.4093999862670898,-0.0972488671541214,-0.1372466385364532,0.0778082311153411,-0.1750272661447525,0.1341991275548935,-0.1732136905193328,-0.2225037664175033,0.100674532353878,-0.3472821414470672,0.0639147758483886,0.1479591836734693,True,True,4,1.0,23.858865733209008,-22.858865733209008,22.858865733209008,-2285.886573320901,2285.886573320901,False,<20 NTU
39,Etawah_39_20220501T051701_20220501T052759_T44RKQ.tif,20220501T051701_20220501T052759_T44RKQ,2022-05-01,ETAWAH,02-05-2022 08:20,26.74972222,78.98333333,1.0,1.116912476851852,25.296843,0.0992459745449433,0.111145382929543,0.0917409347477243,0.1618301800372465,0.173346045758441,0.190966046992102,-0.1844669036663699,-0.1977410480716457,2,1,True,OK,39,Etawah_39_20220501T051701_20220501T052759_T44RKQ.tif,13,14,9,EPSG:32644,0.120571993291378,0.0823500007390976,0.0738324597477912,0.0557000003755092,0.3316999971866607,0.1595368087291717,0.1176500022411346,0.0737191215157508,0.0744000002741813,0.3336000144481659,0.1517010927200317,0.1154499948024749,0.076357714831829,0.0672999992966651,0.3172999918460846,0.263723611831665,0.2769500017166137,0.1099162921309471,0.1085999980568885,0.4232999980449676,0.2450725436210632,0.2450499981641769,0.0812492445111274,0.1159999966621398,0.4180000126361847,0.181673064827919,0.1773499995470047,0.0598980262875556,0.0926000028848648,0.3537999987602234,-0.2343270182609558,-0.1722072660923004,0.1796927005052566,-0.6047582626342773,0.2589073479175567,-0.2256025373935699,-0.2200981974601745,0.1183950081467628,-0.4998784959316253,0.0702138021588325,0.0219780219780219,True,True,4,1.0,23.52569973601529,-22.52569973601529,22.52569973601529,-2252.569973601529,2252.569973601529,False,<20 NTU
105,Etawah_105_20210101T052219_20210101T052222_T44RKQ.tif,20210101T052219_20210101T052222_T44RKQ,2021-01-01,ETAWAH,01-01-2021 08:00,26.74972222,78.98333333,1.0,0.103102037037037,0.001948,0.1002675814413558,0.0995498036898605,0.0813770271346879,0.0995831789673297,0.0400851629155285,0.023399915513142,-0.000175604936885,0.4264642591378442,2,1,True,OK,105,Etawah_105_20210101T052219_20210101T052222_T44RKQ.tif,14,14,9,EPSG:32644,0.1580071300268173,0.1611500084400177,0.0226424690335989,0.1174999997019767,0.1931000053882599,0.1798326522111892,0.1838499903678894,0.0304466560482978,0.1257999986410141,0.2242999970912933,0.1934530735015869,0.2027499973773956,0.0488429553806781,0.1080999970436096,0.261599987745285,0.2226704210042953,0.2396000027656555,0.0721051320433616,0.1005999967455864,0.3181999921798706,0.2482984662055969,0.2685000002384186,0.1290654689073562,0.0445999987423419,0.4248999953269958,0.2497688829898834,0.2687999904155731,0.1446437686681747,0.0264999996870756,0.4537000060081482,-0.0811749845743179,-0.1321408152580261,0.1031220853328704,-0.1792039573192596,0.1220311149954795,-0.0604358986020088,-0.1874431073665619,0.2813973128795624,-0.3174677193164825,0.4980863928794861,0.2755102040816326,True,True,5,1.0,16.25021023649588,-15.250210236495882,15.250210236495882,-1525.0210236495882,1525.0210236495882,False,<20 NTU
