patch_number,patch_filename,sentinel2_id,turbidity_NTU,water_pixel_count,total_pixel_count,water_fraction,B2_water_mean,B2_water_median,B2_water_std,B3_water_mean,B3_water_median,B3_water_std,B4_water_mean,B4_water_median,B4_water_std,B8_water_mean,B8_water_median,B8_water_std,B11_water_mean,B11_water_median,B11_water_std,B12_water_mean,B12_water_median,B12_water_std,NDWI_water_mean,NDWI_water_median,NDWI_water_std,MNDWI_water_mean,MNDWI_water_median,MNDWI_water_std
1,Etawah_1_20210101T052219_20210101T052222_T44RKQ.tif,20210101T052219_20210101T052222_T44RKQ,1.0,100,182.0,0.5494505494505495,0.10319399990141392,0.10225000232458115,0.004537021582390857,0.103632999882102,0.10270000249147415,0.00527226780090272,0.08510200016200542,0.0840499997138977,0.005184341290438138,0.11237100012600422,0.10745000094175339,0.01879443667965409,0.049707999974489214,0.04105000011622906,0.018719068837116052,0.03070199992507696,0.024050000123679638,0.015397993230938285,-0.035464302727486935,-0.017474329099059105,0.051405198405430126,0.36782498271204533,0.4293936938047409,0.12398856710616098
2,Etawah_2_20210131T052039_20210131T052539_T44RKQ.tif,20210131T052039_20210131T052539_T44RKQ,9.0,75,182.0,0.41208791208791207,0.017970666736364365,0.017799999564886093,0.0012904545652412524,0.023502666677037876,0.023099999874830246,0.0017213152716267555,0.015018666697045168,0.014800000004470348,0.001135099900931863,0.025363999952872595,0.023800000548362732,0.0044911955156308,0.013826666735112667,0.012900000438094139,0.003178399379459431,0.010698666715373596,0.010300000198185444,0.002634716663888647,-0.03290944912470877,-0.018433190882205963,0.048745274301190196,0.2664058285454909,0.2788732647895813,0.07657096941025014
3,Etawah_3_20210302T051729_20210302T052733_T44RKQ.tif,20210302T051729_20210302T052733_T44RKQ,10.0,81,182.0,0.44505494505494503,0.02585925916094839,0.025200000032782555,0.0025428077438220415,0.03682962938407321,0.03579999879002571,0.003451048999822247,0.022709876620843086,0.021800000220537186,0.00311945717856629,0.03790987655520439,0.03550000116229057,0.007473386595886156,0.023045679048439602,0.02160000056028366,0.005492689731618015,0.019134567970019063,0.017899999395012856,0.00415867870963978,-0.008487605256959796,0.004184067249298096,0.047380501604218694,0.23818543178523766,0.26349207758903503,0.07930258185219301
4,Etawah_4_20210322T051649_20210322T052843_T44RKQ.tif,20210322T051649_20210322T052843_T44RKQ,8.0,79,182.0,0.4340659340659341,0.06700379759827747,0.06729999929666519,0.002037151790094753,0.07621772115743614,0.07620000094175339,0.0020780199642505214,0.06546582267442837,0.06539999693632126,0.0017943573603603831,0.09325949347849134,0.09279999881982803,0.0027034678997685142,0.06709873402797722,0.06629999727010727,0.0033247248224365137,0.04971012680590907,0.04910000041127205,0.003048327625963777,-0.10052060835723635,-0.09843938797712326,0.012164241195638078,0.0640004497858448,0.07026262581348419,0.021641575218910778
5,Etawah_5_20210406T051651_20210406T052529_T44RKQ.tif,20210406T051651_20210406T052529_T44RKQ,2.0,0,,0.0,,,,,,,,,,,,,,,,,,,,,,,,
6,Etawah_6_20210411T051649_20210411T052917_T44RKQ.tif,20210411T051649_20210411T052917_T44RKQ,17.0,0,,0.0,,,,,,,,,,,,,,,,,,,,,,,,
7,Etawah_7_20210421T051649_20210421T053100_T44RKQ.tif,20210421T051649_20210421T053100_T44RKQ,21.0,163,182.0,0.8956043956043956,0.5378484657388524,0.57669997215271,0.13536380717134508,0.5299907983994923,0.5543000102043152,0.10933746289952447,0.5041963184720899,0.5336999893188477,0.11468014106033922,0.5359460089835653,0.5618000030517578,0.10105400340013776,0.4241177922377557,0.44929999113082886,0.086261027857701,0.3772834343778575,0.4041999876499176,0.08334768306424059,-0.008355367495756928,-0.00258767232298851,0.03682771537441503,0.11145713447987393,0.10929762572050095,0.05387127628092727
8,Etawah_8_20210521T051649_20210521T053105_T44RKQ.tif,20210521T051649_20210521T053105_T44RKQ,14.0,167,182.0,0.9175824175824175,0.5079712578636444,0.48240000009536743,0.07114718640330696,0.4644335322751256,0.43700000643730164,0.07382146240684656,0.4156718571742852,0.3849000036716461,0.08385715556461311,0.39960838399247495,0.36090001463890076,0.09875028016311124,0.30761317453698483,0.2574000060558319,0.13463284407158874,0.23631077786227186,0.18860000371932983,0.12070531283052172,0.08262395402409616,0.08868265151977539,0.04213550829670485,0.23439087668534167,0.24247033894062042,0.12918304982807674
9,Etawah_9_20210531T051649_20210531T052809_T44RKQ.tif,20210531T051649_20210531T052809_T44RKQ,17.0,3,182.0,0.016483516483516484,0.08209999899069469,0.08259999752044678,0.009192385440735846,0.10326666633288066,0.10239999741315842,0.009572646817128522,0.09353333463271458,0.09300000220537186,0.01160038471004199,0.11166666448116302,0.11029999703168869,0.010292500100604637,0.10080000013113022,0.09719999879598618,0.009335238111531204,0.08566666642824809,0.08590000122785568,0.006901366814896339,-0.03911425545811653,-0.03953390195965767,0.0014696850550038505,0.012030335686480006,0.007860264740884304,0.010182584452217968
10,Etawah_10_20210610T051649_20210610T053106_T44RKQ.tif,20210610T051649_20210610T053106_T44RKQ,19.0,173,182.0,0.9505494505494505,0.7360664728404469,0.7782999873161316,0.11821992952454691,0.689465892452725,0.7197999954223633,0.09727288767717243,0.6487572255162145,0.673799991607666,0.08861445586140111,0.6787618529589879,0.7037000060081482,0.08613657917627571,0.5425809244544519,0.5541999936103821,0.0537513396789283,0.5222098274382553,0.5342000126838684,0.05706998383497696,0.006707420418539617,0.01076871994882822,0.013210247695532657,0.11619576119489408,0.13009531795978546,0.04409514333722917
11,Etawah_11_20210620T051649_20210620T053110_T44RKQ.tif,20210620T051649_20210620T053110_T44RKQ,28.0,4,182.0,0.02197802197802198,0.4340500012040138,0.4356499910354614,0.010368820781310744,0.411700002849102,0.4133000075817108,0.0074538644909279425,0.3859499990940094,0.3885999917984009,0.009159829545239199,0.42705000191926956,0.4268999993801117,0.005770832427251805,0.4099250063300133,0.412200003862381,0.008663246873728627,0.3912250027060509,0.3929000049829483,0.011903030130564323,-0.018337778747081757,-0.016891466453671455,0.003060687659641051,0.0021906174661125988,0.0013321483274921775,0.0016427398614227088
12,Etawah_12_20210630T051649_20210630T051915_T44RKQ.tif,20210630T051649_20210630T051915_T44RKQ,30.0,98,182.0,0.5384615384615384,0.2209928569440939,0.22049999982118607,0.002739739033838824,0.23010408178884156,0.22954999655485153,0.0028794817118489636,0.21711122457470214,0.21615000069141388,0.003734556917211309,0.27968979581278197,0.27900001406669617,0.005495145128795609,0.21940510233446042,0.21824999898672104,0.00473814995345463,0.20494081703375797,0.20399999618530273,0.0041384913873753395,-0.09720313070075852,-0.09476189315319061,0.008531403261242335,0.023874872023173208,0.026829995214939117,0.007773793157557018
13,Etawah_13_20210710T051649_20210710T053111_T44RKQ.tif,20210710T051649_20210710T053111_T44RKQ,41.0,63,182.0,0.34615384615384615,0.15229999995420848,0.15139999985694885,0.06626184924047393,0.14628730264921036,0.1339000016450882,0.05712529668761255,0.08940317464755877,0.07569999992847443,0.05881969736726022,0.14449682556802318,0.1428000032901764,0.06546949620006648,0.11057301646187193,0.10350000113248825,0.054859998325948664,0.09144920710888174,0.08510000258684158,0.040345181803863664,0.034465705136036764,0.00043456864659674466,0.11037019926858302,0.1645760637512135,0.12789829075336456,0.11501086358766596
16,Etawah_16_20210824T051651_20210824T052626_T44RKQ.tif,20210824T051651_20210824T052626_T44RKQ,15.0,105,182.0,0.5769230769230769,0.17268571427890234,0.15199999511241913,0.05420219727912293,0.17561142898741222,0.1574999988079071,0.04481527585826509,0.14037238132385982,0.12540000677108765,0.038830137753836806,0.19154952452296303,0.15629999339580536,0.07414358255109815,0.11263714297896339,0.08410000056028366,0.05767343210493243,0.07303047613019036,0.05779999867081642,0.03537108332136938,-0.02846587237574914,0.0030333681497722864,0.06442270572313931,0.24640871035323167,0.30351966619491577,0.10571301362618842
17,Etawah_17_20210903T051651_20210903T052534_T44RKQ.tif,20210903T051651_20210903T052534_T44RKQ,33.0,182,182.0,1.0,0.2763598898609916,0.2761000096797943,0.007397415214320144,0.25879999978856727,0.25644999742507935,0.009567090467817741,0.22405384628327338,0.2223000004887581,0.011932412921839117,0.2972939562994045,0.2869500070810318,0.029915166510984182,0.17103186871979262,0.16565000265836716,0.014512467964783154,0.14329340701902304,0.1412000060081482,0.008262104772309367,-0.06693442782469011,-0.042714664712548256,0.05187370533785342,0.20515916083048988,0.2144305631518364,0.04077598079432245
18,Etawah_18_20210913T051651_20210913T053059_T44RKQ.tif,20210913T051651_20210913T053059_T44RKQ,35.0,64,182.0,0.3516483516483517,0.6313250021776184,0.7274499833583832,0.2695402796067955,0.6167171897832304,0.7014000117778778,0.2485350195126798,0.5910484388004988,0.6847500205039978,0.2405564153574501,0.6008781250566244,0.6869499981403351,0.24223187667426915,0.5692078112042509,0.6672499775886536,0.23911019100453787,0.5046953142737038,0.586899995803833,0.21578450770823115,0.018760454980110808,0.016795335337519646,0.0316825136362893,0.06490954283617612,0.04066450148820877,0.08190841172873886
19,Etawah_19_20210923T051651_20210923T053101_T44RKQ.tif,20210923T051651_20210923T053101_T44RKQ,26.0,122,182.0,0.6703296703296703,0.11777131094551477,0.11789999902248383,0.005012777974984328,0.1406786891891331,0.14095000177621841,0.005653161597420761,0.13142786883428448,0.13449999690055847,0.00874293380050048,0.1375868849944873,0.12489999830722809,0.030305979947317485,0.056190163660489144,0.04234999977052212,0.03013210284072459,0.036126229530353035,0.02879999950528145,0.017608873450360992,0.021112534839690465,0.06359264999628067,0.0956822616862182,0.4573080839635041,0.5409797430038452,0.1856179841995748
20,Etawah_20_20211003T051701_20211003T052600_T44RKQ.tif,20211003T051701_20211003T052600_T44RKQ,94.0,121,182.0,0.6648351648351648,0.0767603309686519,0.07699999958276749,0.003138364867339551,0.10604628095449495,0.10599999874830246,0.004068810002157727,0.10937685944324682,0.11050000041723251,0.004799927019637993,0.08773057864717215,0.08150000125169754,0.01771616328311588,0.03220826452059194,0.02250000089406967,0.019203540396417234,0.021777685970252703,0.016599999740719795,0.011953992301421568,0.10137994545088573,0.12922251224517822,0.08958794284874247,0.5584496216894674,0.6499614715576172,0.17564266000818143
21,Etawah_21_20211013T051751_20211013T052103_T44RKQ.tif,20211013T051751_20211013T052103_T44RKQ,104.0,105,182.0,0.5769230769230769,0.05855333340309915,0.05820000171661377,0.003317287053321999,0.08610857143288567,0.08579999953508377,0.0033078292299429466,0.08607809536513827,0.08630000054836273,0.005137870019740006,0.06591904784242313,0.06120000034570694,0.016161229735297315,0.035824762018663546,0.028699999675154686,0.01603697393817034,0.026257142885809853,0.021900000050663948,0.012655838803434502,0.14245482609341187,0.17046980559825897,0.09314357187877374,0.43179095908999443,0.5004351735115051,0.14409671426467371
22,Etawah_22_20211023T051901_20211023T052038_T44RKQ.tif,20211023T051901_20211023T052038_T44RKQ,34.0,97,182.0,0.532967032967033,0.04224742280760991,0.04230000078678131,0.0022070688173266976,0.06833195886046615,0.06840000301599503,0.002522335190717013,0.06358453689008645,0.06340000033378601,0.003570536608502602,0.044820618614093546,0.04230000078678131,0.008902830802772002,0.02952577311968066,0.024700000882148743,0.0111108590050087,0.021419587708318356,0.018799999728798866,0.007866274787577643,0.21357355524123328,0.23587442934513092,0.07369703360378763,0.4109274937708853,0.4685777425765991,0.12310656455979332
23,Etawah_23_20211102T052001_20211102T052127_T44RKQ.tif,20211102T052001_20211102T052127_T44RKQ,21.0,99,182.0,0.5439560439560439,0.06367070698226342,0.06369999796152115,0.0029041331308204683,0.08392222180511012,0.08389999717473984,0.0034334527895575387,0.07551616181929906,0.07590000331401825,0.004132494959558079,0.06481111106095892,0.061400000005960464,0.012364562435504827,0.035235353830185806,0.02979999966919422,0.013041684126081452,0.024943434435761337,0.02199999988079071,0.009710830761900309,0.13393094057141983,0.15851274132728577,0.07725933157977839,0.4218942224132744,0.4784810245037079,0.12642464774158987
24,Etawah_24_20211112T052051_20211112T052922_T44RKQ.tif,20211112T052051_20211112T052922_T44RKQ,1.0,121,182.0,0.6648351648351648,0.15325537213116638,0.1527000069618225,0.002825648088174612,0.16061900814702687,0.15960000455379486,0.004185518377432035,0.13993057916479662,0.13910000026226044,0.006017493237445348,0.19111404906619678,0.17949999868869781,0.02679909133404973,0.10428512410437765,0.0917000025510788,0.024260410973498736,0.07354545454717865,0.06430000066757202,0.01922996976038269,-0.08239474098298176,-0.0619683712720871,0.05447619177123701,0.22179269241573182,0.26690393686294556,0.08918990818436406
25,Etawah_25_20211122T052121_20211122T052810_T44RKQ.tif,20211122T052121_20211122T052810_T44RKQ,28.0,95,182.0,0.521978021978022,0.04546210526635772,0.04560000076889992,0.0023918800609506958,0.06228315787095773,0.0625,0.002638605997585463,0.05056421070506698,0.05090000107884407,0.002791940342770972,0.0540915789964952,0.052400000393390656,0.0061409524093915925,0.0264336842455362,0.02239999920129776,0.010177153390267871,0.017687368412551127,0.01510000042617321,0.007446881841243563,0.07235058221573892,0.08826052397489548,0.04851577980333569,0.41886308727001675,0.47151514887809753,0.12844437528323693
26,Etawah_26_20211212T052221_20211212T052221_T44RKQ.tif,20211212T052221_20211212T052221_T44RKQ,25.0,97,182.0,0.532967032967033,0.05854226787065722,0.05820000171661377,0.0023552892441084214,0.07788865982564454,0.07750000059604645,0.002967864767067519,0.05745154634578941,0.05689999833703041,0.002610214236463483,0.08165463958818887,0.07859999686479568,0.009522019954462056,0.034115463917710115,0.02800000086426735,0.013514118608670512,0.022286598090581672,0.01810000091791153,0.009882366212086541,-0.021108702755264323,-0.006097573321312666,0.0428079613725767,0.407507347423084,0.4685445725917816,0.13197766465006558
27,Etawah_27_20211222T052231_20211222T052230_T44RKQ.tif,20211222T052231_20211222T052230_T44RKQ,13.0,85,182.0,0.46703296703296704,0.02336823530495167,0.02319999970495701,0.0019141706598716029,0.04226705883355702,0.041999999433755875,0.0014675619492211553,0.029002352891599432,0.02889999933540821,0.0014825236982173523,0.02912117652595043,0.028200000524520874,0.0041639373265762725,0.02167764715850353,0.019500000402331352,0.006272355343129194,0.01554235301035292,0.014299999922513962,0.004075244526932989,0.18776224218308926,0.19667592644691467,0.058358635252135034,0.3325776081340497,0.3696369528770447,0.10609567563807847
28,Etawah_28_20220101T052231_20220101T053051_T44RKQ.tif,20220101T052231_20220101T053051_T44RKQ,9.0,102,182.0,0.5604395604395604,0.0823696079645671,0.08204999938607216,0.003054208990106843,0.0873205880177956,0.08649999648332596,0.004100725014760734,0.06715588282574625,0.06610000133514404,0.004046411430638945,0.08630196114673334,0.07989999651908875,0.01896929949530905,0.041876470560536665,0.03400000184774399,0.01795231229932006,0.027059804045540446,0.021650000475347042,0.012547965062896752,0.014429202362639355,0.035889169201254845,0.06806725412870752,0.37359350893473,0.43429526686668396,0.13540162658198823
29,Etawah_29_20220111T052201_20220111T052204_T44RKQ.tif,20220111T052201_20220111T052204_T44RKQ,16.0,102,182.0,0.5604395604395604,0.07430686290357627,0.07355000078678131,0.0032307729775951258,0.07992058838991557,0.07919999957084656,0.00371653317111183,0.06747843157134804,0.06689999997615814,0.0030497709782759453,0.09267254882291251,0.0877000018954277,0.014413910457002205,0.03779019612599822,0.030500000342726707,0.015497118838128128,0.020291176487636918,0.015799999237060547,0.010376633840711934,-0.06921831920158629,-0.05592783913016319,0.05163194924482671,0.37720132638545084,0.43992653489112854,0.13015280375480345
30,Etawah_30_20220131T052041_20220131T052041_T44RKQ.tif,20220131T052041_20220131T052041_T44RKQ,12.0,105,182.0,0.5769230769230769,0.08495714302573885,0.08470000326633453,0.0027346056429878862,0.0886666666893732,0.08829999715089798,0.002921045574447239,0.07578190515438715,0.0754999965429306,0.0024540254571183686,0.06796095247069994,0.0608999989926815,0.018834464109613668,0.034172380946221804,0.026100000366568565,0.017679320452966264,0.02304476190003611,0.017899999395012856,0.011898203054398206,0.1447015247706856,0.1783355325460434,0.10260863215304544,0.4671591706130476,0.5422793626785278,0.16136335958196435
31,Etawah_31_20220210T051941_20220210T052038_T44RKQ.tif,20220210T051941_20220210T052038_T44RKQ,15.0,78,182.0,0.42857142857142855,0.011214102582576184,0.011500000022351742,0.0018497904043372501,0.02765769234452492,0.02754999976605177,0.0012689101757598486,0.025464102554206666,0.025499999523162842,0.0010421838390287845,0.01986538475522628,0.019500000402331352,0.0023456904193321975,0.01654358974729593,0.016150000505149364,0.0024833078953780947,0.012835897529163422,0.012600000016391277,0.0015257595782109641,0.1664138211367222,0.17270871996879578,0.047398190945694675,0.25485872104763985,0.26748713850975037,0.06494393943616748
32,Etawah_32_20220220T051841_20220220T051840_T44RKQ.tif,20220220T051841_20220220T051840_T44RKQ,17.0,80,182.0,0.43956043956043955,0.013981250021606684,0.013899999670684338,0.0014659548187713443,0.03103875000961125,0.031199999153614044,0.0011684921596136913,0.02468250007368624,0.02459999918937683,0.0009671834039947463,0.028224999993108214,0.027849999256432056,0.0023357813956484093,0.01863750001648441,0.017899999395012856,0.0030288767361329643,0.015021250024437905,0.014750000089406967,0.002115106177042045,0.0487300700013293,0.0522706750780344,0.03674602134433047,0.2534357624826953,0.26848186552524567,0.0700496983770548
33,Etawah_33_20220302T051731_20220302T052536_T44RKQ.tif,20220302T051731_20220302T052536_T44RKQ,19.0,74,182.0,0.4065934065934066,0.021879729915510963,0.021700000390410423,0.0016717024525788572,0.03528513537870871,0.03519999980926514,0.0017345988453742924,0.02698378378172984,0.026850000023841858,0.0012442329511619396,0.04639324329390719,0.046150000765919685,0.00283164206972524,0.02719459463716359,0.02674999926239252,0.0023639689335634485,0.020720270311308873,0.020550000481307507,0.001921217169466543,-0.13563308643328176,-0.13547615706920624,0.01980732304418319,0.1304885435446694,0.13228288292884827,0.03362472972410294
34,Etawah_34_20220312T051651_20220312T052910_T44RKQ.tif,20220312T051651_20220312T052910_T44RKQ,3.0,34,182.0,0.18681318681318682,0.008447058882345171,0.00865000020712614,0.0013977366421550487,0.02311764723237823,0.02285000029951334,0.0013340496515468951,0.015541176393847255,0.015449999831616879,0.0012530240972246057,0.023882352856590468,0.023749999701976776,0.0022921182776892424,0.021552941159290427,0.02135000005364418,0.0016183208144146938,0.016485293998437768,0.016599999740719795,0.001386729560138489,-0.014744620544233304,-0.015735109336674213,0.02643710962647717,0.03557070780901567,0.037388019263744354,0.02340647387995411
35,Etawah_35_20220322T051651_20220322T052554_T44RKQ.tif,20220322T051651_20220322T052554_T44RKQ,10.0,0,,0.0,,,,,,,,,,,,,,,,,,,,,,,,
36,Etawah_36_20220401T051651_20220401T052734_T44RKQ.tif,20220401T051651_20220401T052734_T44RKQ,9.0,0,,0.0,,,,,,,,,,,,,,,,,,,,,,,,
37,Etawah_37_20220411T051651_20220411T052901_T44RKQ.tif,20220411T051651_20220411T052901_T44RKQ,7.0,0,,0.0,,,,,,,,,,,,,,,,,,,,,,,,
38,Etawah_38_20220421T051701_20220421T052440_T44RKQ.tif,20220421T051701_20220421T052440_T44RKQ,8.0,0,,0.0,,,,,,,,,,,,,,,,,,,,,,,,
39,Etawah_39_20220501T051701_20220501T052759_T44RKQ.tif,20220501T051701_20220501T052759_T44RKQ,1.0,4,182.0,0.02197802197802198,0.1472249999642372,0.1519000008702278,0.018685737230877252,0.2971000000834465,0.30629999935626984,0.024571720829715996,0.24382499605417252,0.24854999035596848,0.04465530807180485,0.23690000176429749,0.21720000356435776,0.054244587380428685,0.2748750038444996,0.2721000015735626,0.02537818085066447,0.2080250047147274,0.20750000327825546,0.006896149178945013,0.12092389538884163,0.17080452293157578,0.1474054430240908,0.03915274527389556,0.03931649588048458,0.02281358572964032
40,Etawah_40_20220511T051651_20220511T053033_T44RKQ.tif,20220511T051651_20220511T053033_T44RKQ,14.0,0,,0.0,,,,,,,,,,,,,,,,,,,,,,,,
41,Etawah_41_20220521T051701_20220521T052917_T44RKQ.tif,20220521T051701_20220521T052917_T44RKQ,41.0,0,,0.0,,,,,,,,,,,,,,,,,,,,,,,,
42,Etawah_42_20220531T051701_20220531T052755_T44RKQ.tif,20220531T051701_20220531T052755_T44RKQ,42.0,0,,0.0,,,,,,,,,,,,,,,,,,,,,,,,
43,Etawah_43_20220610T051701_20220610T052518_T44RKQ.tif,20220610T051701_20220610T052518_T44RKQ,28.0,0,,0.0,,,,,,,,,,,,,,,,,,,,,,,,
44,Etawah_44_20220620T051701_20220620T052701_T44RKQ.tif,20220620T051701_20220620T052701_T44RKQ,13.0,56,182.0,0.3076923076923077,0.06953214301860758,0.06994999945163727,0.02207079647630194,0.09006964308874947,0.09035000205039978,0.023217072946641926,0.06950357130595616,0.06840000301599503,0.022709665689710185,0.08597499996955905,0.08760000020265579,0.02266208480676135,0.07939107157289982,0.07934999838471413,0.01759265542834845,0.06593035700331841,0.06554999947547913,0.016084763294249297,0.02417047872274582,0.02451432403177023,0.012707710433641288,0.05864138260637576,0.06020101346075535,0.036230083257384374
45,Etawah_45_20220710T051701_20220710T052850_T44RKQ.tif,20220710T051701_20220710T052850_T44RKQ,61.0,90,182.0,0.4945054945054945,0.06417666690217125,0.06390000134706497,0.0022149518370773486,0.07827000013656087,0.07800000160932541,0.0023447557800162994,0.05742444462246365,0.05719999969005585,0.0024848124154561884,0.0707533337175846,0.06960000097751617,0.00499219839469069,0.03831000021762318,0.03219999931752682,0.013498601295131422,0.028881111078792147,0.024449999444186687,0.009667562092752317,0.051329547704921825,0.05820473097264767,0.027920256897968513,0.3577998140671601,0.4100654274225235,0.13556801629671597
46,Etawah_46_20220809T051701_20220809T052911_T44RKQ.tif,20220809T051701_20220809T052911_T44RKQ,42.0,54,182.0,0.2967032967032967,0.041646296054952674,0.02845000009983778,0.045343950644954924,0.05386111160947217,0.03959999978542328,0.04278173034668312,0.0534851852528475,0.039899999275803566,0.037300051841511396,0.02724074111621896,0.0063500001560896635,0.06458344839276178,0.03293148136732203,0.017400000244379044,0.046653663305793854,0.026774073994063115,0.014750000089406967,0.033444387581038584,0.6466799667450013,0.7337822914123535,0.3772735002431071,0.3697613034078299,0.42228463292121887,0.2331871815863767
47,Etawah_47_20220824T051649_20220824T052826_T44RKQ.tif,20220824T051649_20220824T052826_T44RKQ,89.0,182,182.0,1.0,0.7928670340186947,0.7885999977588654,0.11172992837894101,0.7135280226613139,0.7125000059604645,0.09524955914101067,0.6522703300138096,0.663100004196167,0.08852918470144717,0.662062637098543,0.6689500212669373,0.06883490049100438,0.48037912049791315,0.4886000007390976,0.06046539388787492,0.3994906606909993,0.40700000524520874,0.06348467862005248,0.0356038659913363,0.03401515446603298,0.019873637261244595,0.19432450458407402,0.18805406242609024,0.050912193114897225
48,Etawah_48_20220903T051649_20220903T052701_T44RKQ.tif,20220903T051649_20220903T052701_T44RKQ,167.0,109,182.0,0.5989010989010989,0.07618807351917302,0.07599999755620956,0.0025455027054492774,0.10559082578081604,0.10520000010728836,0.0026822740017035406,0.10974311924308812,0.10989999771118164,0.0031063817637377216,0.05407706405454819,0.04879999905824661,0.014686663741002557,0.04056972480558474,0.03200000151991844,0.01875649621407569,0.029058715584901494,0.022600000724196434,0.01397187331152628,0.3318188092372286,0.3632228970527649,0.10342486302150011,0.4643734806994779,0.53665691614151,0.15128084226742772
49,Etawah_49_20221003T051649_20221003T052253_T44RKQ.tif,20221003T051649_20221003T052253_T44RKQ,344.0,132,182.0,0.7252747252747253,0.09905606056704666,0.09960000216960907,0.004411112820980242,0.12370757589286024,0.1242000013589859,0.0057629780054917375,0.1316742425163587,0.13359999656677246,0.00671740862841135,0.11642499939736092,0.11205000057816505,0.015954386894140752,0.04398333350422256,0.03545000031590462,0.019502778065215037,0.031172727192328734,0.026200000196695328,0.012160991444229146,0.033845043982816576,0.05069316551089287,0.07919461297762923,0.4903292706603128,0.5532894730567932,0.1488153024696348
50,Etawah_50_20221013T051749_20221013T052416_T44RKQ.tif,20221013T051749_20221013T052416_T44RKQ,66.0,125,182.0,0.6868131868131868,0.09519599997997284,0.09560000151395798,0.004955859493025412,0.12741040021181108,0.12809999287128448,0.006145669077711448,0.1451720006465912,0.14820000529289246,0.008933994777100059,0.11541919952630997,0.1096000000834465,0.01815554421594393,0.030211200073361397,0.0203000009059906,0.021692167204494427,0.02023600006848574,0.014399999752640724,0.01294642124971047,0.05386464261356741,0.07942971587181091,0.088486851694355,0.6389744896888733,0.7291527390480042,0.18952261887491786
51,Etawah_51_20221023T051849_20221023T052729_T44RKQ.tif,20221023T051849_20221023T052729_T44RKQ,123.0,113,182.0,0.6208791208791209,0.0898752212524414,0.09049999713897705,0.0033993110054137445,0.11150707970414542,0.11190000176429749,0.0031072770442162998,0.12120176983618103,0.12250000238418579,0.005415023247941844,0.10240973459672084,0.09769999980926514,0.015297839552557932,0.040163716828796714,0.03020000085234642,0.020963558688888804,0.028432743393082535,0.0215000007301569,0.01583699845632859,0.04677773872905502,0.06974460184574127,0.06610714120129758,0.49279721227136597,0.5746731162071228,0.1697288059734829
52,Etawah_52_20221102T051949_20221102T052958_T44RKQ.tif,20221102T051949_20221102T052958_T44RKQ,63.0,104,182.0,0.5714285714285714,0.08002115334742345,0.07979999855160713,0.0036795084346632058,0.10070480764485322,0.10010000318288803,0.0040803087594662125,0.10175769253132436,0.10100000351667404,0.005324177124933396,0.08304711517233115,0.07910000160336494,0.011464158007615001,0.043882692590928994,0.03645000047981739,0.01692483649423965,0.03251538465086084,0.026900000870227814,0.014420870039132347,0.09938404924245194,0.11967790126800537,0.05143584520515816,0.4087059610845664,0.465726837515831,0.12628748625361283
53,Etawah_53_20221112T052049_20221112T052220_T44RKQ.tif,20221112T052049_20221112T052220_T44RKQ,45.0,114,182.0,0.6263736263736264,0.11635877211627207,0.11555000022053719,0.008937333669439593,0.1279692992960152,0.1261500045657158,0.010651951650940385,0.11021228043133752,0.10724999755620956,0.01454498266569703,0.06973508797716677,0.05784999951720238,0.03144370100909803,0.035509649149485324,0.017849999479949474,0.03586550640722888,0.02743684225143832,0.01344999996945262,0.029830807536138176,0.3191863814146225,0.377519816160202,0.13750925471626532,0.6247885471144528,0.75,0.2417645154047661
54,Etawah_54_20221122T052119_20221122T052433_T44RKQ.tif,20221122T052119_20221122T052433_T44RKQ,56.0,106,182.0,0.5824175824175825,0.07344434009689205,0.0731000006198883,0.0046233425945424785,0.09049622651259855,0.08959999680519104,0.005717845479043913,0.08406037752920727,0.08320000022649765,0.007642923479389815,0.0705962267546159,0.06419999897480011,0.018236123848282857,0.02771886791331026,0.017549999989569187,0.02250628441009505,0.020799056486279336,0.01269999984651804,0.019890499610700933,0.13351081857756483,0.16200752556324005,0.0800210791987143,0.5735723768308196,0.6713440418243408,0.20617572379546895
55,Etawah_55_20221202T052159_20221202T052600_T44RKQ.tif,20221202T052159_20221202T052600_T44RKQ,58.0,104,182.0,0.5714285714285714,0.0792769228752989,0.07895000278949738,0.005096062363740108,0.10102980798826768,0.10054999962449074,0.005541588320784278,0.08697692312013644,0.08630000054836273,0.007045610102857539,0.08778269266566405,0.08269999921321869,0.014660120739065004,0.0378394231128578,0.028999999165534973,0.020052505430711146,0.024378846193520494,0.01769999973475933,0.01587411192037912,0.0748744912024659,0.0971575677394867,0.061128042649930873,0.4789588195988192,0.5522175133228302,0.16093233064408288
56,Etawah_56_20221212T052219_20221212T052632_T44RKQ.tif,20221212T052219_20221212T052632_T44RKQ,39.0,98,182.0,0.5384615384615384,0.04486836755306137,0.043699998408555984,0.004196952282532133,0.06523265332287671,0.06379999965429306,0.004891720986244424,0.04318469413080994,0.041200000792741776,0.006557677405953759,0.04398061243855223,0.040049999952316284,0.013414564239701431,0.018798979521938125,0.012550000101327896,0.015400552887871356,0.014310204096100464,0.009099999908357859,0.01369282161493797,0.2064750573350763,0.2283191978931427,0.07777480870184245,0.5922387814225287,0.6739743053913116,0.192127943807408
57,Etawah_57_20221222T052229_20221222T052753_T44RKQ.tif,20221222T052229_20221222T052753_T44RKQ,38.0,87,182.0,0.47802197802197804,0.02593563212317297,0.02669999934732914,0.004074421985559627,0.04550229882200559,0.04529999941587448,0.00488605759562266,0.02827701150257697,0.02800000086426735,0.0038890562877157506,0.02749655179508116,0.027899999171495438,0.00566892006002081,0.016801149423780113,0.014700000174343586,0.00602419438265777,0.01306551718420681,0.011599999852478504,0.004747820422265032,0.2530526511114219,0.2520107328891754,0.06173721132047838,0.4694465725072499,0.5088339447975159,0.1242566436798703
58,Etawah_58_20230101T052229_20230101T052722_T44RKQ.tif,20230101T052229_20230101T052722_T44RKQ,13.0,182,182.0,1.0,1.3437472549113598,1.3418999910354614,0.022619925891144584,1.18524395437031,1.1833999752998352,0.020930840496461683,1.099951649105156,1.0982000231742859,0.021286651655146517,0.9855670309983767,0.9839000105857849,0.021748575978446063,0.7131978011393285,0.7120999991893768,0.01984721469884764,0.5775950554308,0.5775499939918518,0.02080934837906109,0.09202542237855577,0.09203321114182472,0.003206442647594675,0.24874843444143022,0.24812770634889603,0.0061741336328190385
59,Etawah_59_20230111T052159_20230111T052604_T44RKQ.tif,20230111T052159_20230111T052604_T44RKQ,7.0,182,182.0,1.0,0.8248593394572918,0.8291000127792358,0.03588584418459379,0.7592604389557471,0.7640999853610992,0.03806401424317989,0.7197571436127463,0.7236999869346619,0.04078913864326778,0.6741120874226748,0.6762999892234802,0.04819506606537701,0.566550000847041,0.5679999887943268,0.04327982894418552,0.4695631871511648,0.4732999950647354,0.03697299560137999,0.06003295615888559,0.062029704451560974,0.011958109984541736,0.14611649386339134,0.14609503000974655,0.016060967976802627
60,Etawah_60_20230121T052129_20230121T052439_T44RKQ.tif,20230121T052129_20230121T052439_T44RKQ,12.0,105,182.0,0.5769230769230769,0.1071742858915102,0.10779999941587448,0.0049497868543644475,0.10975523775532132,0.10949999839067459,0.005530521198906108,0.09063142843189693,0.09030000120401382,0.0056472550023636955,0.11250952397074018,0.10679999738931656,0.020415795069853013,0.04736190512776375,0.037700001150369644,0.020445198984872077,0.02979904760917028,0.02160000056028366,0.0172505540844701,-0.006978842580602282,0.00868767686188221,0.05371446168829926,0.41637152072840505,0.4847501516342163,0.13924836354282372
61,Etawah_61_20230131T052039_20230131T052214_T44RKQ.tif,20230131T052039_20230131T052214_T44RKQ,7.0,96,182.0,0.5274725274725275,0.06223750036830703,0.06185000017285347,0.005545761453082063,0.07191249992077549,0.07050000131130219,0.007569651887046573,0.06134583327608804,0.05925000086426735,0.0075508541716624925,0.08093645819462836,0.0759500004351139,0.01908001824871501,0.03230312511247272,0.02630000002682209,0.013551041504566512,0.02038333339927097,0.015749999321997166,0.010752951862062836,-0.05040915821761397,-0.03535914421081543,0.060753083076671134,0.3985015114303678,0.45044176280498505,0.1288281884909751
62,Etawah_62_20230210T051949_20230210T052635_T44RKQ.tif,20230210T051949_20230210T052635_T44RKQ,23.0,76,182.0,0.4175824175824176,0.020388158038258553,0.020550000481307507,0.0016527463612537477,0.035385526275556335,0.03545000031590462,0.002067270269882599,0.02839342105251394,0.028150000609457493,0.0018126990939476566,0.039447368563790074,0.038600001484155655,0.0034973099989299068,0.029405263154522368,0.02879999950528145,0.0023198737795262826,0.022802631615808134,0.02239999920129776,0.0019765715504614827,-0.053221494976529164,-0.04890606738626957,0.029821667642720526,0.09269294131081551,0.09875259175896645,0.04801345343137135
63,Etawah_63_20230220T051839_20230220T052919_T44RKQ.tif,20230220T051839_20230220T052919_T44RKQ,15.0,74,182.0,0.4065934065934066,0.01728783789518717,0.016200000420212746,0.003851463595458555,0.037252703027145284,0.0357000008225441,0.005612539475506769,0.02044324330180078,0.01850000023841858,0.005731187248055025,0.03295000020817325,0.030400000512599945,0.008560172977196072,0.02047567576723727,0.017849999479949474,0.0070695926258107535,0.016160810857105093,0.014549999963492155,0.005176997457937372,0.06965593583693074,0.0813889130949974,0.05822356510912858,0.30365719993573587,0.33023543655872345,0.12083810064431962
64,Etawah_64_20230302T051729_20230302T052948_T44RKQ.tif,20230302T051729_20230302T052948_T44RKQ,10.0,65,182.0,0.35714285714285715,0.024810769179692636,0.024399999529123306,0.0043773585894549,0.04861230792907568,0.04729999974370003,0.005629251020693424,0.033484615500156696,0.031300000846385956,0.006182661264692107,0.03832307698634955,0.03550000116229057,0.01192437427932784,0.033469230882250345,0.029899999499320984,0.008493127120659553,0.025647692267711346,0.023600000888109207,0.006252829766471921,0.13189270344491189,0.14695340394973755,0.07916921181324978,0.19246065754156846,0.21944445371627808,0.07404515629337964
65,Etawah_65_20230312T051659_20230312T052443_T44RKQ.tif,20230312T051659_20230312T052443_T44RKQ,14.0,72,182.0,0.3956043956043956,0.028062500033734575,0.026950000785291195,0.004038475738602616,0.040755555551085204,0.03850000165402889,0.006297792684818348,0.02534722231535448,0.023149999789893627,0.005795711250191916,0.03530416668703159,0.031599998474121094,0.011773740021631533,0.023881944556099672,0.020599999465048313,0.009092248405609515,0.01841805564860503,0.015350000001490116,0.0073713660957322735,0.08583930447639432,0.0963158831000328,0.07096059533729611,0.2793824936347341,0.32172948122024536,0.11597958049280688
66,Etawah_66_20230322T051659_20230322T052301_T44RKQ.tif,20230322T051659_20230322T052301_T44RKQ,8.0,80,182.0,0.43956043956043955,0.029811250022612513,0.028699999675154686,0.005432448582559626,0.04103750023059547,0.03945000097155571,0.007136339624906538,0.025096249976195396,0.02370000071823597,0.006785286050517033,0.03309374998789281,0.031249999068677425,0.011635176676529704,0.021117500017862768,0.017500000074505806,0.009217616115847118,0.015579999994952232,0.012949999887496233,0.007032876418047322,0.12064480767585337,0.12029599025845528,0.06871049462355311,0.33948896783404053,0.37907402217388153,0.12323570284761914
67,Etawah_67_20230401T051659_20230401T052512_T44RKQ.tif,20230401T051659_20230401T052512_T44RKQ,26.0,83,182.0,0.45604395604395603,0.02260481925254845,0.02329999953508377,0.0024872157106368966,0.031554216720971716,0.03150000050663948,0.002539248701821834,0.0181734940508403,0.01860000006854534,0.0021532874850506267,0.01569759039522474,0.01510000042617321,0.004486498632569641,0.01553975909679051,0.0142000000923872,0.0046450633442136225,0.011700000058500522,0.01119999960064888,0.0034086354233129946,0.34763458398092223,0.3522975742816925,0.09629175555967828,0.35049605276575874,0.3741794228553772,0.10804099114763703
68,Etawah_68_20230411T051649_20230411T052709_T44RKQ.tif,20230411T051649_20230411T052709_T44RKQ,39.0,77,182.0,0.4230769230769231,0.019925974115922854,0.020099999383091927,0.0018947228106419715,0.028851948049548385,0.028599999845027924,0.0017334456610397777,0.02047272730473574,0.0203000009059906,0.0015472335959499665,0.02221428578743687,0.02239999920129776,0.0027433846838343396,0.022090909107551945,0.021900000050663948,0.0027295963266469095,0.018477922232894153,0.018300000578165054,0.0022682233239014094,0.13250984302298588,0.13523808121681213,0.04210859121679791,0.13512083660666044,0.13913044333457947,0.048358677309835334
69,Etawah_69_20230421T051649_20230421T052441_T44RKQ.tif,20230421T051649_20230421T052441_T44RKQ,9.0,0,,0.0,,,,,,,,,,,,,,,,,,,,,,,,
70,Etawah_70_20230501T051649_20230501T052839_T44RKQ.tif,20230501T051649_20230501T052839_T44RKQ,20.0,28,182.0,0.15384615384615385,0.023699999853436435,0.022450000047683716,0.015484946333297934,0.0382000003675265,0.03515000082552433,0.018611728348183323,0.016814285684501686,0.012549999635666609,0.016225789021345624,0.014457142820382225,0.0,0.024544368141674974,0.03197857133844601,0.027350000105798244,0.017401218171220666,0.03162500009472881,0.029849999584257603,0.011520746010547549,0.7305897248110601,1.0,0.36904911445945776,0.09516241880399841,0.06117146275937557,0.08465532498287362
71,Etawah_71_20230511T051649_20230511T052839_T44RKQ.tif,20230511T051649_20230511T052839_T44RKQ,32.0,73,182.0,0.4010989010989011,0.03654657559443827,0.03590000048279762,0.004111730002773106,0.04981506860827747,0.04859999939799309,0.005047789924122087,0.03548630133067092,0.03400000184774399,0.005318623800164264,0.05129315101937072,0.04879999905824661,0.009370740579324896,0.040786301385458204,0.039799999445676804,0.005643138865001108,0.03362054806457807,0.03280000016093254,0.004206679482769661,-0.010484766428779862,-0.001027766615152359,0.03641397847982822,0.1011781815171548,0.10217393934726715,0.03637715645783475
72,Etawah_72_20230521T051659_20230521T052824_T44RKQ.tif,20230521T051659_20230521T052824_T44RKQ,29.0,2,182.0,0.01098901098901099,0.10474999994039536,0.10474999994039536,0.004050001502037048,0.12804999947547913,0.12804999947547913,0.005750000476837158,0.11580000072717667,0.11580000072717667,0.005599997937679291,0.1449500024318695,0.1449500024318695,0.005449995398521423,0.12050000205636024,0.12050000205636024,0.0018999986350536346,0.10119999945163727,0.10119999945163727,0.002800002694129944,-0.06205429881811142,-0.06205429881811142,0.0036447346210479736,0.02992776781320572,0.02992776781320572,0.014568716287612915
73,Etawah_73_20230531T051659_20230531T052823_T44RKQ.tif,20230531T051659_20230531T052823_T44RKQ,51.0,46,182.0,0.25274725274725274,0.02438913048852397,0.016899999231100082,0.017974888504984982,0.051780435054198555,0.044600000604987144,0.016731220458908378,0.03601521739493246,0.028900000266730785,0.01745449949872022,0.05326956542937652,0.04635000042617321,0.016385357580920874,0.04828478225871273,0.04259999841451645,0.013049803341849506,0.037493478587788086,0.03305000066757202,0.010960866994239074,-0.01567631234090937,-0.016469468362629414,0.024583006987341047,0.02980473515091707,0.02352806180715561,0.0278779760516579
74,Etawah_74_20230610T051659_20230610T052824_T44RKQ.tif,20230610T051659_20230610T052824_T44RKQ,37.0,0,,0.0,,,,,,,,,,,,,,,,,,,,,,,,
75,Etawah_75_20230720T051659_20230720T052825_T44RKQ.tif,20230720T051659_20230720T052825_T44RKQ,148.0,141,182.0,0.7747252747252747,0.1433879425022619,0.14949999749660492,0.021054102551659,0.17302411319093502,0.17919999361038208,0.02272234831101732,0.1913106383901116,0.19930000603199005,0.028671763731243395,0.14289645385657643,0.1492999941110611,0.020648910041855043,0.05177163158325439,0.05779999867081642,0.01729254901813031,0.04403971650816025,0.04740000143647194,0.016177288807522713,0.09616972823422534,0.10982661694288254,0.07998907582756015,0.5501348752502009,0.524350643157959,0.11317000173696175
77,Etawah_77_20230903T051701_20230903T053110_T44RKQ.tif,20230903T051701_20230903T053110_T44RKQ,230.0,112,182.0,0.6153846153846154,0.08635714264320475,0.0868000015616417,0.0026307831787500445,0.12394732130425316,0.12439999729394913,0.0025858806700665127,0.14281339324744685,0.14419999718666077,0.004812233364283246,0.10521249978670053,0.10090000182390213,0.014152618786363891,0.05307678588932114,0.045900000259280205,0.0163537947034064,0.037680357129180005,0.03370000049471855,0.01077697470933351,0.08511398294857438,0.10475752502679825,0.06458007860426036,0.4100584339051108,0.459612175822258,0.11718204727318643
78,Etawah_78_20230923T051651_20230923T052212_T44RKQ.tif,20230923T051651_20230923T052212_T44RKQ,55.0,182,182.0,1.0,1.692261537352761,1.6956000328063965,0.05975022249730371,1.4058351621523009,1.4336999654769897,0.0869808700573792,1.1578835124497886,1.2037000060081482,0.15325867017448355,1.119575825366345,1.1277999877929688,0.038507041785206905,0.13578351638228683,0.1184999980032444,0.06813722839051135,0.19141263748099516,0.19200000166893005,0.060140158371017556,0.11256834903506788,0.12001464888453484,0.023368110849100544,0.8266906269959041,0.84104123711586,0.08030245382267905
79,Etawah_79_20230923T051651_20230923T052212_T44RKQ.tif,20230923T051651_20230923T052212_T44RKQ,55.0,182,182.0,1.0,1.692261537352761,1.6956000328063965,0.05975022249730371,1.4058351621523009,1.4336999654769897,0.0869808700573792,1.1578835124497886,1.2037000060081482,0.15325867017448355,1.119575825366345,1.1277999877929688,0.038507041785206905,0.13578351638228683,0.1184999980032444,0.06813722839051135,0.19141263748099516,0.19200000166893005,0.060140158371017556,0.11256834903506788,0.12001464888453484,0.023368110849100544,0.8266906269959041,0.84104123711586,0.08030245382267905
80,Etawah_80_20231003T051651_20231003T052230_T44RKQ.tif,20231003T051651_20231003T052230_T44RKQ,26.0,93,182.0,0.510989010989011,0.032802150554714665,0.03269999846816063,0.0014200543108452374,0.05443225809002435,0.054099999368190765,0.0017015590879006998,0.040175269007362346,0.03999999910593033,0.0018878022971427018,0.056906451661420124,0.05649999901652336,0.0031783817627450616,0.03317204332079298,0.031700000166893005,0.0044308151047716664,0.023339785014589626,0.022700000554323196,0.0023821982953467673,-0.021675011688863398,-0.01618705689907074,0.026861335541973928,0.2454654473851445,0.2680756151676178,0.057446404604741784
81,Etawah_81_20231013T051741_20231013T052432_T44RKQ.tif,20231013T051741_20231013T052432_T44RKQ,60.0,91,182.0,0.5,0.029729670302553492,0.029600000008940697,0.0014177443546701631,0.05056923095669065,0.050200000405311584,0.0019215204215305552,0.040204395550292926,0.039799999445676804,0.0018726436168077965,0.05524175831086033,0.05530000105500221,0.003029744893342079,0.0374967033800843,0.03579999879002571,0.004562254292543822,0.02761648353803289,0.026799999177455902,0.0032118689804889024,-0.04373640110102165,-0.03782734274864197,0.027463731546293318,0.15099659085703585,0.16317014396190643,0.049852827088020246
82,Etawah_82_20231023T051851_20231023T052716_T44RKQ.tif,20231023T051851_20231023T052716_T44RKQ,26.0,99,182.0,0.5439560439560439,0.04833535360868531,0.04809999838471413,0.00277591789182681,0.06889899014824569,0.06870000064373016,0.0029497986768879845,0.05561515150798692,0.054999999701976776,0.0032944816675608453,0.05171414141101067,0.05050000175833702,0.006706547571095664,0.03331717173333722,0.029100000858306885,0.011486356032667401,0.024150505078711894,0.021800000220537186,0.007289876478468498,0.1454102886520853,0.16087308526039124,0.054488635878485965,0.36183724003947443,0.4067460298538208,0.11600484612877174
83,Etawah_83_20231102T051951_20231102T052415_T44RKQ.tif,20231102T051951_20231102T052415_T44RKQ,16.0,102,182.0,0.5604395604395604,0.05676764709984555,0.05700000002980232,0.002544434920571781,0.07731274493476924,0.07715000212192535,0.0030372093750499077,0.06029215703407923,0.06014999933540821,0.0033125930717308573,0.059854901706178985,0.05739999935030937,0.009251376439528752,0.031706862662937124,0.026000000536441803,0.01331469212465316,0.020941176515656943,0.017899999395012856,0.008093078218667699,0.13108002519527195,0.14730732142925262,0.06199276249229624,0.4356040660447131,0.4928777813911438,0.14017092701855732
84,Etawah_84_20231107T052019_20231107T052323_T44RKQ.tif,20231107T052019_20231107T052323_T44RKQ,37.0,95,182.0,0.521978021978022,0.05113578960299492,0.05119999870657921,0.004150888704831803,0.07640315819727747,0.07580000162124634,0.004195045960487058,0.0681747369860348,0.06809999793767929,0.0044356205222041,0.05958105274721196,0.05860000103712082,0.005499058407042591,0.04890421060355086,0.04580000042915344,0.008783943571679137,0.03368631577805469,0.031700000166893005,0.006942934402491866,0.12467938895631385,0.13750003278255463,0.049816506651669416,0.22398292094371036,0.24808184802532196,0.07073633968488298
85,Etawah_85_20231112T052041_20231112T052318_T44RKQ.tif,20231112T052041_20231112T052318_T44RKQ,27.0,99,182.0,0.5439560439560439,0.04591212113096257,0.045899998396635056,0.002524397037527136,0.06698484861790532,0.06710000336170197,0.0032541927772530084,0.052826262671839104,0.05249999836087227,0.0036116976130117096,0.05857373758999988,0.0568000003695488,0.005948781179575299,0.028402020270475233,0.023600000888109207,0.011874546001550268,0.018768686923490027,0.016300000250339508,0.007950867427066674,0.06860557508024603,0.0821678563952446,0.0463211155494459,0.42118688716995295,0.4779735803604126,0.13860869859219183
86,Etawah_86_20231122T052121_20231122T052116_T44RKQ.tif,20231122T052121_20231122T052116_T44RKQ,46.0,103,182.0,0.5659340659340659,0.05710970892489535,0.05700000002980232,0.006646723468278214,0.08223009731584383,0.08070000261068344,0.007376949402497223,0.06386213626676393,0.061900001019239426,0.00823731887288626,0.06284854401951855,0.05530000105500221,0.019320073205586936,0.035462136063905594,0.026200000196695328,0.020592170830511177,0.024600000066447605,0.017899999395012856,0.015324439536297104,0.14897366257348252,0.17397883534431458,0.09990911040984689,0.4336520760247791,0.512558102607727,0.1795652900381001
87,Etawah_87_20231122T052121_20231122T052116_T44RKQ.tif,20231122T052121_20231122T052116_T44RKQ,46.0,103,182.0,0.5659340659340659,0.05710970892489535,0.05700000002980232,0.006646723468278214,0.08223009731584383,0.08070000261068344,0.007376949402497223,0.06386213626676393,0.061900001019239426,0.00823731887288626,0.06284854401951855,0.05530000105500221,0.019320073205586936,0.035462136063905594,0.026200000196695328,0.020592170830511177,0.024600000066447605,0.017899999395012856,0.015324439536297104,0.14897366257348252,0.17397883534431458,0.09990911040984689,0.4336520760247791,0.512558102607727,0.1795652900381001
88,Etawah_88_20231202T052151_20231202T052152_T44RKQ.tif,20231202T052151_20231202T052152_T44RKQ,19.0,97,182.0,0.532967032967033,0.04930927831026697,0.04919999837875366,0.0057007699629139565,0.07899381466133078,0.07840000092983246,0.0061919438503076196,0.061058762992165755,0.06069999933242798,0.00657592847817121,0.0862041238656978,0.08370000123977661,0.008841687909692286,0.042209278657725176,0.03629999980330467,0.014588104873061178,0.023253608446990707,0.01940000057220459,0.010611228167735588,-0.0427007464885222,-0.0352369025349617,0.03706103305039623,0.31861011480394097,0.3715308606624603,0.11509689312442548
89,Etawah_89_20231212T052221_20231212T052217_T44RKQ.tif,20231212T052221_20231212T052217_T44RKQ,18.0,92,182.0,0.5054945054945055,0.04500543488108594,0.04469999857246876,0.0038758271012369395,0.06521521727352039,0.06459999829530716,0.004623755376327008,0.047559782619709556,0.0466499999165535,0.00468039475225179,0.06257173913004606,0.06004999950528145,0.009196151577965777,0.032447826117277145,0.027000000700354576,0.012407987416855771,0.020618478281666405,0.01730000041425228,0.009494723217879433,0.024071149277480563,0.03519368730485439,0.046182557057830406,0.35367530526127666,0.4092329889535904,0.12634071909807407
90,Etawah_90_20240111T052201_20240111T052201_T44RKQ.tif,20240111T052201_20240111T052201_T44RKQ,9.0,182,182.0,1.0,0.7535681325000722,0.7507999837398529,0.08707829076701198,0.7392774731903285,0.73785001039505,0.07983434834814682,0.7394368160556961,0.7398999929428101,0.07844329963595706,0.7694785712839483,0.7720000147819519,0.07585932584999444,0.670181869150518,0.6699999868869781,0.06389536302272655,0.5753989008429287,0.576200008392334,0.05753182552047847,-0.02049854671093891,-0.019965123385190964,0.00877268004561607,0.048382200536082734,0.047941530123353004,0.011865694077927919
91,Etawah_91_20240210T051951_20240210T052850_T44RKQ.tif,20240210T051951_20240210T052850_T44RKQ,22.0,97,182.0,0.532967032967033,0.03575567010137224,0.035999998450279236,0.004774933966957309,0.048522680344962585,0.04839999973773956,0.004881851728985976,0.038870103119574874,0.03880000114440918,0.004100695608848734,0.03629793802794722,0.03629999980330467,0.00662069509141912,0.017037113369970592,0.013899999670684338,0.009151962512682348,0.012731958809548739,0.010499999858438969,0.006947216850456889,0.14916309192968705,0.1533018946647644,0.051583470960482096,0.5010670052934918,0.550143301486969,0.14955537458199517
92,Etawah_92_20240220T051841_20240220T052240_T44RKQ.tif,20240220T051841_20240220T052240_T44RKQ,19.0,1,182.0,0.005494505494505495,0.03920000046491623,0.03920000046491623,0.0,0.06710000336170197,0.06710000336170197,0.0,0.06210000067949295,0.06210000067949295,0.0,0.08290000259876251,0.08290000259876251,0.0,0.06379999965429306,0.06379999965429306,0.0,0.04610000178217888,0.04610000178217888,0.0,-0.10533332079648972,-0.10533332079648972,0.0,0.02521011233329773,0.02521011233329773,0.0
93,Etawah_93_20240321T051651_20240321T053116_T44RKQ.tif,20240321T051651_20240321T053116_T44RKQ,9.0,93,182.0,0.510989010989011,0.03129247315628554,0.03139999881386757,0.001180325884532252,0.05356559137343078,0.05339999869465828,0.0011210108876650994,0.03995914008187991,0.04010000079870224,0.0011272038823305804,0.03270215062444569,0.031700000166893005,0.0031350252768154946,0.022219354967756937,0.0203000009059906,0.005269842389328358,0.01693870977408463,0.01640000008046627,0.003120588382684562,0.24333118278813617,0.2544802725315094,0.04269195706671019,0.41952858216339545,0.44459640979766846,0.08776062285662321
94,Etawah_94_20240331T051651_20240331T052929_T44RKQ.tif,20240331T051651_20240331T052929_T44RKQ,14.0,85,182.0,0.46703296703296704,0.03662352973923964,0.03480000048875809,0.004697850461346989,0.05376588255167007,0.051500000059604645,0.006712193473258488,0.03937294132569257,0.03689999878406525,0.006373241542449384,0.061877647042274476,0.058800000697374344,0.010919129252882546,0.03817529417574406,0.03519999980926514,0.008663852119596572,0.02747058820198564,0.025599999353289604,0.006287107724759803,-0.06720143574125627,-0.05951381102204323,0.029050524078624917,0.17589975065168212,0.194774329662323,0.06510227943340025
95,Etawah_95_20240410T051651_20240410T053057_T44RKQ.tif,20240410T051651_20240410T053057_T44RKQ,25.0,63,182.0,0.34615384615384615,0.023433333410630152,0.0215000007301569,0.006135946646411728,0.042292063434918724,0.039500001817941666,0.008780141565604478,0.030596825368111095,0.027799999341368675,0.008498944495070042,0.032690476300934,0.02889999933540821,0.013208146745324863,0.035276190510817935,0.032499998807907104,0.008700678901508123,0.028858730096429114,0.027899999171495438,0.005779812784038066,0.14354812129888506,0.16100440919399261,0.062148702106852645,0.09271543545071922,0.09329830855131149,0.0453312899061581
96,Etawah_96_20240420T051651_20240420T052641_T44RKQ.tif,20240420T051651_20240420T052641_T44RKQ,27.0,0,,0.0,,,,,,,,,,,,,,,,,,,,,,,,
97,Etawah_97_20240430T051651_20240430T053056_T44RKQ.tif,20240430T051651_20240430T053056_T44RKQ,29.0,1,182.0,0.005494505494505495,0.07540000230073929,0.07540000230073929,0.0,0.09589999914169312,0.09589999914169312,0.0,0.08820000290870667,0.08820000290870667,0.0,0.11330000311136246,0.11330000311136246,0.0,0.09359999746084213,0.09359999746084213,0.0,0.07750000059604645,0.07750000059604645,0.0,-0.08317401260137558,-0.08317401260137558,0.0,0.012137211859226227,0.012137211859226227,0.0
98,Etawah_98_20240510T051651_20240510T052922_T44RKQ.tif,20240510T051651_20240510T052922_T44RKQ,25.0,4,182.0,0.02197802197802198,0.04617500025779009,0.04450000077486038,0.007923186459703779,0.07117499876767397,0.06949999928474426,0.009434610258242373,0.06452500075101852,0.06330000050365925,0.010040013655775316,0.04674999974668026,0.04299999959766865,0.014025424091557935,0.06535000167787075,0.0633500013500452,0.007766112552128335,0.05792500078678131,0.05770000070333481,0.006085383236905584,0.22176171094179153,0.2352331280708313,0.07557155224488349,0.04178491560742259,0.04638629965484142,0.010043836472703032
99,Etawah_99_20240530T051651_20240530T053020_T44RKQ.tif,20240530T051651_20240530T053020_T44RKQ,19.4,0,,0.0,,,,,,,,,,,,,,,,,,,,,,,,
100,Etawah_100_20240609T051701_20240609T052940_T44RKQ.tif,20240609T051701_20240609T052940_T44RKQ,14.0,0,,0.0,,,,,,,,,,,,,,,,,,,,,,,,
101,Etawah_101_20240619T051701_20240619T052437_T44RKQ.tif,20240619T051701_20240619T052437_T44RKQ,16.3,0,,0.0,,,,,,,,,,,,,,,,,,,,,,,,
102,Etawah_102_20240709T051651_20240709T053028_T44RKQ.tif,20240709T051651_20240709T053028_T44RKQ,109.0,109,182.0,0.5989010989010989,0.08648165158175547,0.08590000122785568,0.005784321760140007,0.11108256869633264,0.11140000075101852,0.006287790079418353,0.08252568816373107,0.08269999921321869,0.005985079422754274,0.09822201851857912,0.09480000287294388,0.020529594946810645,0.04514220208271381,0.03680000081658363,0.019902658811890187,0.029123853328167845,0.023800000548362732,0.013013302370678746,0.06952237456592672,0.09099481254816055,0.08491279171146704,0.44104270794249456,0.509833574295044,0.14897976408704358
103,Etawah_103_20240823T051649_20240823T052843_T44RKQ.tif,20240823T051649_20240823T052843_T44RKQ,18.4,118,182.0,0.6483516483516484,0.1469898306591026,0.14149999618530273,0.01711963518466326,0.15969915321822895,0.15469999611377716,0.015684540509822764,0.1434855930254621,0.13920000195503235,0.014299041503744723,0.14272627120806,0.12725000083446503,0.04203015547216918,0.06901864410709527,0.053199999034404755,0.0351114545021293,0.0463101695907318,0.036399999633431435,0.02365630483856934,0.07025365628227118,0.10109943896532059,0.09733830375313805,0.423942549903956,0.4974951297044754,0.15699912302023836
104,Etawah_104_20240922T051649_20240922T052326_T44RKQ.tif,20240922T051649_20240922T052326_T44RKQ,128.4,126,182.0,0.6923076923076923,0.09623968222784618,0.09629999846220016,0.0061267185457258245,0.12088333306804536,0.12060000002384186,0.007797127535268948,0.13354444468305224,0.13444999605417252,0.010307275558915491,0.0829992067837526,0.07405000180006027,0.02764128649454764,0.024302380965165203,0.010600000154227018,0.031463237318899676,0.018204762023829278,0.009049999993294477,0.02324037244719963,0.20126005438052946,0.23895788192749023,0.12555690642416917,0.7199315001138501,0.8374709486961365,0.24885298318661542
105,Etawah_105_20210101T052219_20210101T052222_T44RKQ.tif,20210101T052219_20210101T052222_T44RKQ,1.0,54,196.0,0.2755102040816326,0.12747222226527002,0.1251000016927719,0.008342692522148726,0.1388574085301823,0.1348000019788742,0.011718419098348622,0.12598148126293113,0.11755000054836273,0.018907838135498803,0.12228148168435803,0.11010000109672546,0.027173182949144677,0.07005555555224419,0.051900001242756844,0.03603111074703371,0.05372037048693056,0.03425000049173832,0.04037407652337439,0.07180935817046298,0.09798528999090195,0.05729853763766606,0.36283359776630447,0.44159217178821564,0.14998720708924643
106,Etawah_106_20210131T052039_20210131T052539_T44RKQ.tif,20210131T052039_20210131T052539_T44RKQ,9.0,45,196.0,0.22959183673469388,0.047524444510539374,0.04529999941587448,0.007951636251488294,0.07826444473531512,0.07599999755620956,0.011065103601312331,0.06453333306643698,0.05739999935030937,0.021987066527802614,0.03415555535919136,0.021299999207258224,0.025846155702118196,0.0288777778752976,0.017400000244379044,0.02181591545044963,0.02596666659745905,0.01769999973475933,0.018425440937255344,0.4512651492738061,0.5525209903717041,0.18705295168614008,0.5140591105653181,0.6201372742652893,0.18911539343248268
107,Etawah_107_20210302T051729_20210302T052733_T44RKQ.tif,20210302T051729_20210302T052733_T44RKQ,10.0,47,196.0,0.23979591836734693,0.04667872341072306,0.04520000144839287,0.007506335291194326,0.08282978769312514,0.08160000294446945,0.009376473106157916,0.06164680825586014,0.05550000071525574,0.020678077702167813,0.02594255307253371,0.016300000250339508,0.027742928934786894,0.032074468210339546,0.02410000003874302,0.018517645116841647,0.03150212768703065,0.02590000070631504,0.015894887311392446,0.5914456711170522,0.6697061657905579,0.21045308904540475,0.4741999936547685,0.5233069062232971,0.14609018601993573
108,Etawah_108_20210322T051649_20210322T052843_T44RKQ.tif,20210322T051649_20210322T052843_T44RKQ,8.0,44,196.0,0.22448979591836735,0.07084318165752021,0.07014999911189079,0.0030276298928561592,0.09547499990598722,0.09450000151991844,0.004911355955363145,0.07859772765500979,0.07580000162124634,0.007711605351216744,0.0778863633220846,0.0747000016272068,0.00808479453599488,0.06616818168285218,0.06214999966323376,0.00974860739766825,0.055204545401714065,0.05049999989569187,0.01181603208739315,0.10304792847653682,0.10952571034431458,0.02369165708824116,0.18481796133247289,0.1966463327407837,0.04582755275282491
109,Etawah_109_20210406T051651_20210406T052529_T44RKQ.tif,20210406T051651_20210406T052529_T44RKQ,2.0,0,,0.0,,,,,,,,,,,,,,,,,,,,,,,,
110,Etawah_110_20210411T051649_20210411T052917_T44RKQ.tif,20210411T051649_20210411T052917_T44RKQ,17.0,33,196.0,0.1683673469387755,0.04729393926082236,0.04749999940395355,0.0019873748482289308,0.08400909105936687,0.08550000190734863,0.00421212951869538,0.07012424222899205,0.0714000016450882,0.005709695660532535,0.05883333290165121,0.05860000103712082,0.003367461509014991,0.06362727284431458,0.06199999898672104,0.005503677152652712,0.05371515170642824,0.05260000005364418,0.006486355221314591,0.17635770413008603,0.18047340214252472,0.014723788272687976,0.13889069652015512,0.15059444308280945,0.03551446895703
111,Etawah_111_20210421T051649_20210421T053100_T44RKQ.tif,20210421T051649_20210421T053100_T44RKQ,21.0,60,196.0,0.30612244897959184,0.35432166457176206,0.37675000727176666,0.06420356407331092,0.3547149995962779,0.372749999165535,0.052676880635852324,0.33477666626373925,0.34595000743865967,0.06337339259803595,0.3959800019860268,0.41540001332759857,0.048857613112516365,0.32594166745742165,0.3447500020265579,0.0607022888758357,0.28175999969244003,0.28634999692440033,0.06058326923967462,-0.056771700146297614,-0.05215747840702534,0.028425604457472966,0.04628446933250719,0.03264215961098671,0.047351625758847535
112,Etawah_112_20210521T051649_20210521T053105_T44RKQ.tif,20210521T051649_20210521T053105_T44RKQ,14.0,196,196.0,1.0,0.9442801037613227,0.9541000127792358,0.05879797087751259,0.8844780636077024,0.8944000005722046,0.05310935861044876,0.8397602028384501,0.8454000055789948,0.05080524872421949,0.8287316338748348,0.8348999917507172,0.05171973820474992,0.7307709193959528,0.7393499910831451,0.052156175420041466,0.6654459174190249,0.6793000102043152,0.06405446491364242,0.03260724395703601,0.03180236555635929,0.004992778400540723,0.09545830135442773,0.09289983659982681,0.02445378701202526
113,Etawah_113_20210531T051649_20210531T052809_T44RKQ.tif,20210531T051649_20210531T052809_T44RKQ,17.0,35,196.0,0.17857142857142858,0.11540285753352302,0.11670000106096268,0.006775058217434708,0.15706571425710406,0.15839999914169312,0.009724225790586474,0.13990000039339065,0.1404999941587448,0.010024770866565178,0.12365142788205828,0.12439999729394913,0.007149680245705241,0.13574285677501133,0.1356000006198883,0.005852584335662149,0.11753714276211602,0.11729999631643295,0.005771955616782156,0.11888098865747451,0.1196964681148529,0.008630328908345858,0.07224813609250955,0.07778509706258774,0.021775779462240283
114,Etawah_114_20210610T051649_20210610T053106_T44RKQ.tif,20210610T051649_20210610T053106_T44RKQ,19.0,196,196.0,1.0,1.299390818999738,1.3091999888420105,0.11414451361763293,1.199657142162323,1.189799964427948,0.11152948981506772,1.1197234702353576,1.1043999791145325,0.10745783889951686,1.129395921619571,1.123799979686737,0.11895936821009877,0.6700418360379278,0.6658999919891357,0.05862098103288914,0.5524683676812113,0.559799998998642,0.052417987933723424,0.03078461545448256,0.02957594208419323,0.011507275361947667,0.28256601467728615,0.2766813337802887,0.03967940468143805
115,Etawah_115_20210620T051649_20210620T053110_T44RKQ.tif,20210620T051649_20210620T053110_T44RKQ,28.0,182,196.0,0.9285714285714286,0.6439510978512711,0.6646499931812286,0.08699081226300233,0.6245032943539567,0.6466000080108643,0.0857682702331792,0.6026137348387267,0.6263499855995178,0.08907106748118622,0.607743406688774,0.6292499899864197,0.08029132190549607,0.5602967046446853,0.5767500102519989,0.07981168579331584,0.46598076803998634,0.47804999351501465,0.0781496153695962,0.013125187797573585,0.012694225646555424,0.017972516911730848,0.05442673400934187,0.049858905375003815,0.028339302680796926
116,Etawah_116_20210630T051649_20210630T051915_T44RKQ.tif,20210630T051649_20210630T051915_T44RKQ,30.0,6,196.0,0.030612244897959183,0.17403333137432733,0.17364999651908875,0.0018336359100205681,0.1980333353082339,0.19850000739097595,0.0011308776843583957,0.1925666704773903,0.19315000623464584,0.0025044384694093503,0.2261833349863688,0.2268500030040741,0.0017620231531250605,0.19735000282526016,0.19735000282526016,0.0012803003608183906,0.1820166657368342,0.18200000375509262,0.0011809839815965129,-0.066350016122063,-0.06738552078604698,0.002864361033633198,0.0017306183726759627,0.0013942880323156714,0.001673621774613289
117,Etawah_117_20210710T051649_20210710T053111_T44RKQ.tif,20210710T051649_20210710T053111_T44RKQ,41.0,196,196.0,1.0,0.9033413261783366,0.9123499989509583,0.10875589042803097,0.7498775510763636,0.7587999999523163,0.08471137659665472,0.6291576509877127,0.6371999979019165,0.07268815467891235,0.5931520407297173,0.5969499945640564,0.04880006192040333,0.45689030539016334,0.46015000343322754,0.03325268255035094,0.41366326535234643,0.41750000417232513,0.03630539600402987,0.11507387795694629,0.1157948412001133,0.019384057471649847,0.2405628108096366,0.23988115787506104,0.037644010368377424
120,Etawah_120_20210824T051651_20210824T052626_T44RKQ.tif,20210824T051651_20210824T052626_T44RKQ,15.0,196,196.0,1.0,0.20236122494145314,0.20234999805688858,0.00943361492925927,0.21789693847602729,0.21819999814033508,0.009399868932506255,0.21580561242845595,0.21559999883174896,0.009177691575326958,0.22192448924998848,0.21940000355243683,0.01634059964157564,0.12762040846353892,0.12335000187158585,0.025285227869912257,0.09035561214752343,0.0868000015616417,0.020522034234430848,-0.008394601400846578,-0.005361900199204683,0.021624960854818607,0.2670596705521552,0.2811083197593689,0.06562073329943581
121,Etawah_121_20210903T051651_20210903T052534_T44RKQ.tif,20210903T051651_20210903T052534_T44RKQ,33.0,196,196.0,1.0,1.2156336715026779,1.2222999930381775,0.09108996047401376,1.138274488704545,1.1439000368118286,0.09120773554370207,1.07087142765522,1.0770000219345093,0.08899990645047773,1.012044899317683,1.0170999765396118,0.07574933894165771,0.5889892833573478,0.5873499810695648,0.03186068643000966,0.4545010206650715,0.4551499933004379,0.02246703953316196,0.05848449829856542,0.059817900881171227,0.013182400065532127,0.31684257667891835,0.31996171176433563,0.03161897038195686
122,Etawah_122_20210913T051651_20210913T053059_T44RKQ.tif,20210913T051651_20210913T053059_T44RKQ,35.0,196,196.0,1.0,0.09691224509508026,0.0945499986410141,0.010684332487247088,0.1393913269347074,0.1379999965429306,0.009809510586353428,0.1456811226600287,0.14509999752044678,0.009167299310760449,0.08700153056760224,0.08240000158548355,0.018614415756006444,0.03310051022515613,0.026499999687075615,0.01722763410495157,0.026210714321659535,0.02285000029951334,0.010997246313177571,0.23835343459373987,0.24823063611984253,0.06150015895316804,0.6330424934169467,0.674597829580307,0.11485869925734234
123,Etawah_123_20210923T051651_20210923T053101_T44RKQ.tif,20210923T051651_20210923T053101_T44RKQ,26.0,196,196.0,1.0,0.06969897967896291,0.0669500008225441,0.011632804538069781,0.08188979593770844,0.07569999992847443,0.02022661648104405,0.08771173454517005,0.07649999856948853,0.029840333710055445,0.06769642855363842,0.05830000154674053,0.02498863487530694,0.016008673459101393,0.015699999406933784,0.002247442124890218,0.01137346937796291,0.010999999940395355,0.002100585492746771,0.10719532903868287,0.12573044747114182,0.043464432009254296,0.6674739310936052,0.6571070849895477,0.0319028933867382
124,Etawah_124_20211003T051701_20211003T052600_T44RKQ.tif,20211003T051701_20211003T052600_T44RKQ,94.0,196,196.0,1.0,0.0670352043317897,0.06719999760389328,0.001653640086754615,0.1059107141835349,0.10620000213384628,0.0016201971409449852,0.08387755119830978,0.08429999649524689,0.0015446436252097595,0.028596428546066185,0.02850000001490116,0.0011084727860352118,0.014685714260998125,0.014600000344216824,0.0006366366173925318,0.01111938778729159,0.010999999940395355,0.0010179669770758915,0.5748748107224094,0.5751612186431885,0.012430790693211187,0.7564499402532772,0.7571491301059723,0.009949939034572024
125,Etawah_125_20211013T051751_20211013T052103_T44RKQ.tif,20211013T051751_20211013T052103_T44RKQ,104.0,194,196.0,0.9897959183673469,0.05165051553667206,0.050700001418590546,0.004263792014020738,0.0810340205495505,0.07890000194311142,0.006315990087381521,0.05775618574284401,0.052400000393390656,0.01493949978947051,0.022623195965803162,0.018300000578165054,0.016824050828051926,0.02342628866203667,0.020500000566244125,0.01049987621186031,0.01795979383276756,0.01644999999552965,0.006475985017791469,0.5904064405464673,0.6235657930374146,0.12376333371130255,0.5635396062022018,0.5839996039867401,0.07988830243935077
126,Etawah_126_20211023T051901_20211023T052038_T44RKQ.tif,20211023T051901_20211023T052038_T44RKQ,34.0,196,196.0,1.0,0.06426734735771102,0.06430000066757202,0.0011792659553359751,0.10678265304589758,0.10679999738931656,0.0010049900382644423,0.15713316361818994,0.15719999372959137,0.0009167783474828522,0.1327663263191982,0.13259999454021454,0.0015225146473239989,0.01571020408419474,0.015599999576807022,0.0007838276416631389,0.012130102071416925,0.012199999764561653,0.0009355572293820748,-0.10845237073241448,-0.10829316824674606,0.007540295517150475,0.7435442625868077,0.7455138564109802,0.01130971482728314
127,Etawah_127_20211102T052001_20211102T052127_T44RKQ.tif,20211102T052001_20211102T052127_T44RKQ,21.0,175,196.0,0.8928571428571429,0.06309542873076031,0.0617000013589859,0.0045536398908394195,0.086447428720338,0.0835999995470047,0.007594552821987411,0.06395085713693074,0.05889999866485596,0.013886000311199945,0.033672000148466656,0.027799999341368675,0.019438235498312417,0.026316571491105216,0.0215000007301569,0.01579619862731305,0.01869485720459904,0.01590000092983246,0.009826252046624745,0.4647342181046094,0.4999999701976776,0.11627512640717992,0.5558027386292815,0.5920397639274597,0.11229642003625126
128,Etawah_128_20211112T052051_20211112T052922_T44RKQ.tif,20211112T052051_20211112T052922_T44RKQ,1.0,155,196.0,0.7908163265306123,0.1541496778688123,0.1534000039100647,0.0029405800855909037,0.16559806446875294,0.16449999809265137,0.004275322645139761,0.14241354859644367,0.13899999856948853,0.008264952278019908,0.14890645117528978,0.1437000036239624,0.013690442208188205,0.08257999987371506,0.07590000331401825,0.018399379990423074,0.06032258067880907,0.05559999868273735,0.015478919900458505,0.054710856302558716,0.0653594583272934,0.030789241479529595,0.3408204672677863,0.366863876581192,0.07193211006532929
129,Etawah_129_20211122T052121_20211122T052810_T44RKQ.tif,20211122T052121_20211122T052810_T44RKQ,28.0,132,196.0,0.673469387755102,0.04465909093392618,0.04259999841451645,0.006283238081777511,0.07091136378320781,0.06669999659061432,0.009730992611706223,0.05228333327580582,0.045099999755620956,0.01646853799407752,0.03309696980498054,0.024299999698996544,0.023405445008237193,0.023274242461687238,0.01679999940097332,0.016385907646796892,0.017601515166461468,0.013399999588727951,0.011014522008248259,0.4078928427347405,0.46150876581668854,0.14316333099493636,0.5409771133757507,0.5954387187957764,0.13367909683424908
130,Etawah_130_20211212T052221_20211212T052221_T44RKQ.tif,20211212T052221_20211212T052221_T44RKQ,25.0,124,196.0,0.6326530612244898,0.06896854870982709,0.06669999659061432,0.005975573865850236,0.08902903219624873,0.0848499983549118,0.01010661541098037,0.07233951622319798,0.065700002014637,0.01524059583984105,0.06669596774924186,0.054999999701976776,0.0253630264844559,0.03474596767656265,0.02500000037252903,0.022242723892702678,0.024655645029739506,0.017999999225139618,0.016055097956310178,0.16422913784950768,0.20163226872682571,0.09483128176906239,0.47596865498100316,0.5412473380565643,0.14980475170852414
131,Etawah_131_20211222T052231_20211222T052230_T44RKQ.tif,20211222T052231_20211222T052230_T44RKQ,13.0,117,196.0,0.5969387755102041,0.032288888931019694,0.030700000002980232,0.006195335771415581,0.0606239315154206,0.056299999356269836,0.01027171586504112,0.04591880369390178,0.039500001817941666,0.015070069797087342,0.021512820640117183,0.014100000262260437,0.02021696680154661,0.022388888881183587,0.01679999940097332,0.01568160652001748,0.01938290601898717,0.015599999576807022,0.012114477326357283,0.5359416756078473,0.5965166687965393,0.16964324258033642,0.4968327814235519,0.5337930917739868,0.1290908652900783
132,Etawah_132_20220101T052231_20220101T053051_T44RKQ.tif,20220101T052231_20220101T053051_T44RKQ,9.0,124,196.0,0.6326530612244898,0.08621854821760808,0.08434999734163284,0.005297768305781076,0.09783951607683013,0.09470000118017197,0.008657802666089225,0.08029032276282387,0.07524999976158142,0.012731859000741103,0.05969596807394297,0.053599998354911804,0.016855067440305436,0.03481129026641288,0.027250000275671482,0.01806368281730086,0.026151613046925877,0.02065000031143427,0.014594030604966559,0.2529187781525956,0.27393636107444763,0.07090617418259136,0.4986824363830589,0.546347975730896,0.12242125935962272
133,Etawah_133_20220111T052201_20220111T052204_T44RKQ.tif,20220111T052201_20220111T052204_T44RKQ,16.0,129,196.0,0.6581632653061225,0.09209069782911344,0.08980000019073486,0.006382588281426609,0.10189457410989805,0.09889999777078629,0.008898299897827347,0.0882496126284895,0.08399999886751175,0.012823579620117043,0.07736821703670561,0.07069999724626541,0.017884291633158016,0.037634108749817506,0.03099999949336052,0.016987772614743296,0.022920930303286676,0.01850000023841858,0.012806525101484244,0.14440114425076533,0.16110137104988098,0.05450099618881936,0.478353055425046,0.5169692039489746,0.10234689540191257
134,Etawah_134_20220131T052041_20220131T052041_T44RKQ.tif,20220131T052041_20220131T052041_T44RKQ,12.0,127,196.0,0.6479591836734694,0.09544881920176228,0.09399999678134918,0.005975051332726792,0.11639448818494016,0.11339999735355377,0.008817871408530228,0.09374488174445986,0.08640000224113464,0.017641914267658623,0.053641732459462535,0.043299999088048935,0.026006642268975057,0.034159055097013946,0.024399999529123306,0.023765416011139715,0.026574015830034815,0.01940000057220459,0.018363496201635982,0.39410966149289306,0.4449511468410492,0.12593036044925332,0.5783121962774926,0.6434456706047058,0.15371138667270162
135,Etawah_135_20220210T051941_20220210T052038_T44RKQ.tif,20220210T051941_20220210T052038_T44RKQ,15.0,117,196.0,0.5969387755102041,0.028474359016897332,0.025800000876188278,0.008815401839241156,0.06936923080147842,0.06459999829530716,0.01195429676368703,0.051146153997407,0.043299999088048935,0.021025546485083757,0.014027350404885355,0.0032999999821186066,0.02618094042705139,0.02225897442867868,0.015200000256299973,0.018464103275541224,0.019343589902178854,0.014399999752640724,0.013355490691488338,0.7821488319935962,0.8984615206718445,0.2729894047737557,0.5592705857955939,0.6092895865440369,0.1544545626405949
136,Etawah_136_20220220T051841_20220220T051840_T44RKQ.tif,20220220T051841_20220220T051840_T44RKQ,17.0,111,196.0,0.5663265306122449,0.02866306313657546,0.026100000366568565,0.007462687114749793,0.06497297298398104,0.062199998646974564,0.010977576785023023,0.05224324350018759,0.04729999974370003,0.01742528786386431,0.022254054006692524,0.013700000010430813,0.01984405762874232,0.025022522487618902,0.019300000742077827,0.014632597698684661,0.02315675688756479,0.01979999989271164,0.010410923295145988,0.552589610596565,0.6258412003517151,0.18559846105408667,0.4705883378565714,0.49937424063682556,0.1176056362553923
137,Etawah_137_20220302T051731_20220302T052536_T44RKQ.tif,20220302T051731_20220302T052536_T44RKQ,19.0,106,196.0,0.5408163265306123,0.03393867924668879,0.033000001683831215,0.006367689266755812,0.06627075504160153,0.0653499998152256,0.008306509890436495,0.05706132087364511,0.05355000123381615,0.015121505110629058,0.03348490565944955,0.026950000785291195,0.0176708947545787,0.03176509437836566,0.026399999856948853,0.012707649237450021,0.026085849148484896,0.022700000554323196,0.008771528188936135,0.36258919139058804,0.41077950596809387,0.13538951534921273,0.3689620371837661,0.39176811277866364,0.10533992078676803
138,Etawah_138_20220312T051651_20220312T052910_T44RKQ.tif,20220312T051651_20220312T052910_T44RKQ,3.0,97,196.0,0.49489795918367346,0.03307628875463894,0.032499998807907104,0.005145066196571274,0.07119484506931502,0.07050000131130219,0.006781757784904805,0.06218041260678744,0.06019999831914902,0.015245088360318626,0.0269649483205885,0.022099999710917473,0.018237454509304203,0.027453608215623294,0.022700000554323196,0.012903736271587116,0.023089690882827817,0.019999999552965164,0.009649875689406156,0.49147442292383653,0.5324947834014893,0.16909987141438299,0.4629544114175531,0.49775785207748413,0.1192209402924748
139,Etawah_139_20220322T051651_20220322T052554_T44RKQ.tif,20220322T051651_20220322T052554_T44RKQ,10.0,96,196.0,0.4897959183673469,0.03928229177836329,0.03889999911189079,0.004436754507165888,0.0765093748147289,0.07615000009536743,0.005569786416317368,0.06668958316246669,0.06419999897480011,0.012126447274009296,0.03903020834938312,0.03420000150799751,0.014401280887598372,0.03802187484689057,0.03384999930858612,0.011884751988780067,0.030108333313061546,0.027000000700354576,0.009138741401786048,0.3407963717666765,0.3762224018573761,0.10176602235051924,0.34701459614007035,0.369322806596756,0.08931457107289996
140,Etawah_140_20220401T051651_20220401T052734_T44RKQ.tif,20220401T051651_20220401T052734_T44RKQ,9.0,62,196.0,0.3163265306122449,0.0018516129224031652,0.0,0.00413454148007714,0.05290967742762258,0.051100000739097595,0.00836457012512365,0.05392419345556728,0.048899998888373375,0.01578167264115986,0.005075806459870129,0.0,0.011258211144887342,0.04436774221399138,0.04415000043809414,0.006389779615494993,0.041791935601542075,0.04150000028312206,0.005401651322432126,0.8929065852876632,1.0,0.21742974896951203,0.08644296347554173,0.08036122471094131,0.05606950541507832
141,Etawah_141_20220411T051651_20220411T052901_T44RKQ.tif,20220411T051651_20220411T052901_T44RKQ,7.0,62,196.0,0.3163265306122449,0.03957741953913243,0.03630000166594982,0.009758080439326373,0.07910806457361867,0.07569999992847443,0.01274518607900552,0.08746935469248603,0.07905000075697899,0.02293034735271499,0.06671129010858075,0.0523499995470047,0.03166817866474966,0.0640032257163717,0.058800000697374344,0.01249052482712637,0.05250967750626226,0.04910000041127205,0.008134409264245315,0.12219339724622606,0.17339802533388138,0.12484184263660643,0.10708921791745289,0.10633810237050056,0.053521042036190895
142,Etawah_142_20220421T051701_20220421T052440_T44RKQ.tif,20220421T051701_20220421T052440_T44RKQ,8.0,0,,0.0,,,,,,,,,,,,,,,,,,,,,,,,
143,Etawah_143_20220501T051701_20220501T052759_T44RKQ.tif,20220501T051701_20220501T052759_T44RKQ,1.0,29,196.0,0.14795918367346939,0.0975827587575748,0.09780000150203705,0.009363431033653292,0.1507620693280779,0.1517000049352646,0.00834875125444719,0.1653551736782337,0.1648000031709671,0.013531127788003484,0.13777241470484897,0.13570000231266022,0.015271946319957186,0.14075517294735745,0.14020000398159027,0.008028252680799925,0.1182103444790018,0.1185000017285347,0.0064514820740054785,0.047183924996904256,0.03606101870536804,0.03925486446875746,0.03436034928670089,0.03566121309995651,0.01767547011038547
144,Etawah_144_20220511T051651_20220511T053033_T44RKQ.tif,20220511T051651_20220511T053033_T44RKQ,14.0,18,196.0,0.09183673469387756,0.060666666676600776,0.058250000700354576,0.009886972688762907,0.12507222344477972,0.12290000170469284,0.009234403670791622,0.15182222260369194,0.14994999766349792,0.012144296647535396,0.10753333320220311,0.10774999856948853,0.015177724700162484,0.11987777799367905,0.11730000004172325,0.009153358485149213,0.10050555566946666,0.09834999963641167,0.006427499296859993,0.0788001338692589,0.06942339614033699,0.05201535775639758,0.021277769850308284,0.0197602566331625,0.010363766925731406
145,Etawah_145_20220521T051701_20220521T052917_T44RKQ.tif,20220521T051701_20220521T052917_T44RKQ,41.0,0,,0.0,,,,,,,,,,,,,,,,,,,,,,,,
146,Etawah_146_20220531T051701_20220531T052755_T44RKQ.tif,20220531T051701_20220531T052755_T44RKQ,42.0,3,196.0,0.015306122448979591,0.11583333710829417,0.11110000312328339,0.009355689443726299,0.16509999831517538,0.1589999943971634,0.009560683230016949,0.16820000112056732,0.16599999368190765,0.005923400742481107,0.16113332907358804,0.1589999943971634,0.006465466951848775,0.16393333673477173,0.15780000388622284,0.009173267467681231,0.13363333543141684,0.1274999976158142,0.009607752149164801,0.011737797874957323,0.014354072511196136,0.01201067315800162,0.0034919334187482796,0.0037878488656133413,0.0011926364506137997
147,Etawah_147_20220610T051701_20220610T052518_T44RKQ.tif,20220610T051701_20220610T052518_T44RKQ,28.0,0,,0.0,,,,,,,,,,,,,,,,,,,,,,,,
148,Etawah_148_20220620T051701_20220620T052701_T44RKQ.tif,20220620T051701_20220620T052701_T44RKQ,13.0,41,196.0,0.20918367346938777,0.042860975852463304,0.03889999911189079,0.014641203059847271,0.06672926864972929,0.06449999660253525,0.022360104714956367,0.05802682950729277,0.0544000007212162,0.024037764937580294,0.04544878074127,0.033900000154972076,0.02591967083900934,0.04742195130121417,0.04039999842643738,0.015204532391435618,0.038673170728654394,0.03310000151395798,0.011291871090033982,0.22310487344497587,0.24374999105930328,0.1392243426092214,0.15872677079992506,0.13948342204093933,0.11049151665245152
150,Etawah_150_20220710T051701_20220710T052850_T44RKQ.tif,20220710T051701_20220710T052850_T44RKQ,61.0,153,196.0,0.7806122448979592,0.10014248347165537,0.10000000149011612,0.0062015570243230825,0.11275816971764845,0.11190000176429749,0.008734280568890626,0.09555751645292332,0.09260000288486481,0.015122993738710894,0.0625699346799866,0.05900000035762787,0.01709026031031098,0.05548235299248321,0.05220000073313713,0.017495049239179654,0.04444901978755309,0.04259999841451645,0.012676379962324458,0.29647518390047006,0.3112582862377167,0.07144171201852226,0.3537069797710656,0.3675316870212555,0.08870265434316195
151,Etawah_151_20220809T051701_20220809T052911_T44RKQ.tif,20220809T051701_20220809T052911_T44RKQ,42.0,196,196.0,1.0,0.15801887746368135,0.15805000066757202,0.004160296449085972,0.22173469384409944,0.22220000624656677,0.003973113563374108,0.2696448985715302,0.27000001072883606,0.004442492782162103,0.1197780614756808,0.11955000087618828,0.004351059334577888,0.06973214287843023,0.06994999945163727,0.0035235122189208675,0.06467244893844638,0.06469999998807907,0.0033536542297198974,0.2987315373457208,0.29951347410678864,0.010820219287709442,0.5217821617819824,0.5203820765018463,0.013826523941738323
152,Etawah_152_20220824T051649_20220824T052826_T44RKQ.tif,20220824T051649_20220824T052826_T44RKQ,89.0,196,196.0,1.0,0.14247091886188304,0.15070000290870667,0.022776465497045126,0.16109183666353322,0.17194999754428864,0.03209612375437841,0.1844122447833723,0.1985500007867813,0.043274247057724764,0.17316938784657693,0.18755000084638596,0.047073592783869966,0.05077908172899363,0.04540000110864639,0.02004941911324713,0.04191785714379987,0.037049999460577965,0.016588253074179417,-0.02585608263176923,-0.04067913629114628,0.04554286906263173,0.5278995803804422,0.5673409104347229,0.11131648119213171
153,Etawah_153_20220903T051649_20220903T052701_T44RKQ.tif,20220903T051649_20220903T052701_T44RKQ,167.0,196,196.0,1.0,0.08811785710253278,0.08829999715089798,0.0017490339680958547,0.13678673434318328,0.13689999282360077,0.001295529322369265,0.16437653034013144,0.16459999978542328,0.0015013466584274326,0.05515408175712337,0.05559999868273735,0.0029324596351226187,0.02166989801109445,0.0215000007301569,0.00082273929709099,0.016968877586935247,0.01679999940097332,0.0006991253465927465,0.4256170519760677,0.42112067341804504,0.02194840823948546,0.7265169015344308,0.7281923592090607,0.00915247500011072
154,Etawah_154_20221003T051649_20221003T052253_T44RKQ.tif,20221003T051649_20221003T052253_T44RKQ,344.0,196,196.0,1.0,0.08256938768436714,0.08264999836683273,0.0014763724792204679,0.11429183671669084,0.11420000344514847,0.0013971672828716585,0.09520510215388268,0.09520000219345093,0.0011567790640915367,0.03115867337744151,0.030749999918043613,0.0016772719307938668,0.027057142852216352,0.026599999517202377,0.0011738215429949515,0.023348979632921363,0.02329999953508377,0.0012368693662323765,0.5717642568812078,0.5741446614265442,0.01689062623050736,0.6172364408872566,0.6210462749004364,0.013502249872343624
155,Etawah_155_20221013T051749_20221013T052416_T44RKQ.tif,20221013T051749_20221013T052416_T44RKQ,66.0,196,196.0,1.0,0.10484132649643081,0.10525000095367432,0.00472916209434535,0.15028724515316438,0.15080000460147858,0.0048527803554493,0.19013673439621925,0.19015000015497208,0.0044583421123213915,0.10857857151755265,0.10734999924898148,0.005285024011214865,0.015325000001193613,0.01549999974668026,0.0012187471033298929,0.012017857159811015,0.012000000104308128,0.0014331133079227315,0.16140123677192902,0.16193582862615585,0.013450021359970638,0.8151010557705042,0.8148691952228546,0.010654823305704194
156,Etawah_156_20221023T051849_20221023T052729_T44RKQ.tif,20221023T051849_20221023T052729_T44RKQ,123.0,196,196.0,1.0,0.07130459217088563,0.07129999995231628,0.0018033780557794418,0.08797193846988435,0.08794999867677689,0.0017351639879266605,0.06484285702130624,0.06499999761581421,0.0014785888591945966,0.031728571537425934,0.03134999983012676,0.002004815751271058,0.021385714364219075,0.021299999207258224,0.0009162367344184181,0.015864795919659794,0.015799999237060547,0.0007328553562790194,0.4702326139929343,0.47582587599754333,0.023195108847241158,0.6088997165159303,0.6126673519611359,0.0146468292740893
157,Etawah_157_20221102T051949_20221102T052958_T44RKQ.tif,20221102T051949_20221102T052958_T44RKQ,63.0,181,196.0,0.923469387755102,0.060235911620091336,0.05689999833703041,0.008984128193692683,0.07991381178903316,0.0738999992609024,0.013413441459456723,0.06698729293369457,0.05460000038146973,0.02505903560510339,0.04223149182346973,0.031300000846385956,0.028381527474897843,0.03262983418959939,0.027799999341368675,0.01469287773264483,0.025099447645370473,0.022099999710917473,0.009611943020879815,0.35540530609496923,0.41233137249946594,0.14164691956787712,0.43563517481500275,0.4519941210746765,0.07680018016054165
158,Etawah_158_20221112T052049_20221112T052220_T44RKQ.tif,20221112T052049_20221112T052220_T44RKQ,45.0,149,196.0,0.7602040816326531,0.14028993303943801,0.13660000264644623,0.012508181066726819,0.14709060424126236,0.14219999313354492,0.017779814198570984,0.12250872481389334,0.1111999973654747,0.029575263900486735,0.05259530230006516,0.03709999844431877,0.044753016090963244,0.03145436256898929,0.01679999940097332,0.038937231764805916,0.023456375808423798,0.012600000016391277,0.02975792533699793,0.5302745026705049,0.5897149443626404,0.18900963426255993,0.707630252365598,0.7866324186325073,0.19923169738714938
159,Etawah_159_20221122T052119_20221122T052433_T44RKQ.tif,20221122T052119_20221122T052433_T44RKQ,56.0,123,196.0,0.6275510204081632,0.05966910556322191,0.05490000173449516,0.01088009389270339,0.08078943108155476,0.07460000365972519,0.01564824623606062,0.06425203273936016,0.05130000039935112,0.02772215917915139,0.037583739769349735,0.020999999716877937,0.03348598130083695,0.023813821170933364,0.014299999922513962,0.022336001214196183,0.019217073304078926,0.012000000104308128,0.017943999398722137,0.4468773720649684,0.5395349264144897,0.20349709797513485,0.6018410992801069,0.67136150598526,0.16623565412316557
160,Etawah_160_20221202T052159_20221202T052600_T44RKQ.tif,20221202T052159_20221202T052600_T44RKQ,58.0,113,196.0,0.576530612244898,0.0699079649902023,0.066600002348423,0.009643606303061308,0.09927610604636437,0.09350000321865082,0.013326554069659418,0.08658318577614506,0.07519999891519547,0.02342114172256721,0.055383185979671186,0.039400000125169754,0.03441966633198665,0.03560530997614945,0.023800000548362732,0.026414721580531292,0.025642477956691147,0.016499999910593033,0.021244580045704207,0.3335229870739632,0.4073033630847931,0.1668196556383628,0.5187671185363975,0.5909823179244995,0.16558728850947493
161,Etawah_161_20221212T052219_20221212T052632_T44RKQ.tif,20221212T052219_20221212T052632_T44RKQ,39.0,101,196.0,0.5153061224489796,0.03607425735433503,0.032499998807907104,0.00958807670839456,0.0599831684243561,0.052799999713897705,0.015586336041648507,0.04204455447742845,0.031700000166893005,0.02210039417519346,0.028378218020506128,0.01209999993443489,0.03400877483872174,0.018107920843591488,0.010099999606609344,0.019994141269486926,0.015375247455690758,0.00930000003427267,0.016698558331856024,0.5020839680115333,0.6150845289230347,0.2727615135195712,0.6112951409477408,0.6849315166473389,0.18452519505871676
162,Etawah_162_20221222T052229_20221222T052753_T44RKQ.tif,20221222T052229_20221222T052753_T44RKQ,38.0,98,196.0,0.5,0.03023979596185441,0.027499999850988388,0.009627498301631003,0.06082857168298595,0.05529999919235706,0.014379506618948686,0.043193877484573394,0.033250000327825546,0.02117452140417909,0.023646938783824633,0.0069500000681728125,0.03482304592756372,0.021218367263066525,0.013399999588727951,0.019717589323920575,0.019046938764311527,0.012600000016391277,0.016615699336913082,0.6340184497970099,0.7792112529277802,0.35327451393254067,0.5476951907407872,0.6009950339794159,0.1773377680881701
163,Etawah_163_20230101T052229_20230101T052722_T44RKQ.tif,20230101T052229_20230101T052722_T44RKQ,13.0,196,196.0,1.0,1.3631806148558248,1.3587000370025635,0.027331524059039356,1.2067397960594721,1.204200029373169,0.025478179994366305,1.1251071436064584,1.1220999956130981,0.025124152720136267,0.9985408183871484,0.9973999857902527,0.025611824230721836,0.7450908170062669,0.7430999875068665,0.023215044721045137,0.6116341826867084,0.606799989938736,0.024664186941716338,0.09446068400783199,0.09450015425682068,0.003248484313137591,0.2366253410523035,0.23567186295986176,0.008669715692436164
164,Etawah_164_20230111T052159_20230111T052604_T44RKQ.tif,20230111T052159_20230111T052604_T44RKQ,7.0,196,196.0,1.0,1.293135714774229,1.2890000343322754,0.03733294343761083,1.1564306087639866,1.1520999670028687,0.03523319863725859,1.0925040798527854,1.090499997138977,0.03350371602461808,0.955032653650459,0.9508999884128571,0.04065996436681392,0.8006545925626949,0.7995000183582306,0.029159423841147274,0.6849545924639215,0.6857499778270721,0.02550573375038045,0.09559493036750628,0.09644286707043648,0.0064143233293328175,0.18187585032107878,0.18243128061294556,0.00684529353121588
165,Etawah_165_20230121T052129_20230121T052439_T44RKQ.tif,20230121T052129_20230121T052439_T44RKQ,12.0,99,196.0,0.5051020408163265,0.126722222175261,0.1242000013589859,0.00683877188635222,0.13602222223775556,0.13120000064373016,0.010218180370473224,0.11950000014268991,0.11089999973773956,0.016525517789176773,0.11163636409875119,0.09679999947547913,0.030871523991085396,0.05514545482818527,0.041200000792741776,0.029852709905947943,0.03767373732695676,0.026900000870227814,0.024523806311196807,0.11192543130142218,0.15052294731140137,0.08272031765693101,0.4528305514649761,0.5197174549102783,0.14550729402907517
166,Etawah_166_20230131T052039_20230131T052214_T44RKQ.tif,20230131T052039_20230131T052214_T44RKQ,7.0,112,196.0,0.5714285714285714,0.09976874970431839,0.09200000017881393,0.018997340005506073,0.12552500010601111,0.11679999902844429,0.020144670699592505,0.10595357151968139,0.09510000050067902,0.029828770036429406,0.07054107167225863,0.050450000911951065,0.04115823485047293,0.05416696417211954,0.03374999947845936,0.036963281497822756,0.04226428591313639,0.02484999969601631,0.03242610810619264,0.3293063041091955,0.3945124000310898,0.1713598528464415,0.45053851873879985,0.550089955329895,0.18286709903683943
167,Etawah_167_20230210T051949_20230210T052635_T44RKQ.tif,20230210T051949_20230210T052635_T44RKQ,23.0,90,196.0,0.45918367346938777,0.03649000030838781,0.033150000497698784,0.007276889491135598,0.07243222246567409,0.06750000268220901,0.011074393093127324,0.05283777788281441,0.042899999767541885,0.020501471801273874,0.033124444509545964,0.021750000305473804,0.02504245418816883,0.03633333332836628,0.029450000263750553,0.016662459701637395,0.03098444448163112,0.026000000536441803,0.01277272181997279,0.4303789084932456,0.5078906416893005,0.17365803142538822,0.3553259927339645,0.3892982006072998,0.10255463490172802
168,Etawah_168_20230220T051839_20230220T052919_T44RKQ.tif,20230220T051839_20230220T052919_T44RKQ,15.0,86,196.0,0.4387755102040816,0.0335011629084515,0.02780000027269125,0.01243021919250656,0.06456511640964552,0.05829999968409538,0.017338153661994496,0.053733720963950765,0.041199998930096626,0.029036270999656374,0.027205813846680835,0.008949999697506428,0.03770753844971915,0.02870813960772614,0.019300000742077827,0.02379149354183908,0.025109302176725724,0.017749999649822712,0.01873947790737485,0.577418913285053,0.7282014191150665,0.29823037658297713,0.4457441208407629,0.48992474377155304,0.1586490987456856
169,Etawah_169_20230302T051729_20230302T052948_T44RKQ.tif,20230302T051729_20230302T052948_T44RKQ,10.0,78,196.0,0.3979591836734694,0.025892307587827627,0.02155000064522028,0.010720573951196861,0.06198974364461043,0.056849999353289604,0.01480306247112339,0.05264358981870688,0.04215000011026859,0.024910617919951555,0.021023076918656722,0.008500000461935997,0.027632013760004962,0.03482948730771358,0.0272000003606081,0.017864921261133822,0.0305564104555509,0.02495000045746565,0.014605018590770015,0.6322644883811546,0.7382476329803467,0.28128333931256244,0.30454207413220924,0.31359677016735077,0.1076828208718096
170,Etawah_170_20230312T051659_20230312T052443_T44RKQ.tif,20230312T051659_20230312T052443_T44RKQ,14.0,83,196.0,0.42346938775510207,0.044144578502479805,0.04039999842643738,0.008776601611636054,0.0728481928537409,0.06880000233650208,0.011764971439478748,0.058166264993957724,0.048900000751018524,0.022277576183628054,0.029968674754701465,0.01679999940097332,0.02852642375150451,0.028318072366247695,0.019300000742077827,0.022167403413479062,0.024785542344472493,0.018400000408291817,0.017526758422634087,0.5002787922206055,0.6071856617927551,0.21795848923474853,0.4919765512515084,0.5420219302177429,0.1661603983191608
171,Etawah_171_20230322T051659_20230322T052301_T44RKQ.tif,20230322T051659_20230322T052301_T44RKQ,8.0,77,196.0,0.39285714285714285,0.026348052038387818,0.023499999195337296,0.007724688280116465,0.055083116976084645,0.052299998700618744,0.010182585199644932,0.039979221081578885,0.03240000084042549,0.017811803997754217,0.011640259816330954,0.0031999999191612005,0.021512728375267305,0.016806493579809154,0.011099999770522118,0.015364813546052725,0.016632467526458687,0.012299999594688416,0.01178674624038133,0.7826453613044767,0.8852173686027527,0.28758992902887437,0.5875044468209728,0.6326530575752258,0.17408415707422978
172,Etawah_172_20230401T051659_20230401T052512_T44RKQ.tif,20230401T051659_20230401T052512_T44RKQ,26.0,66,196.0,0.336734693877551,0.01624090913118738,0.012199999764561653,0.010484837168235246,0.04956818208324187,0.04505000077188015,0.013879374060194467,0.038960606043198794,0.02914999984204769,0.027605998818270878,0.011966666665323304,0.0,0.024058762193796542,0.016704545610330322,0.009999999776482582,0.014028525660494142,0.01678939398632131,0.013000000268220901,0.01111833234670687,0.8023260416406574,1.0,0.32859884378484827,0.5478138164193793,0.5980984568595886,0.1960755151159955
173,Etawah_173_20230411T051649_20230411T052709_T44RKQ.tif,20230411T051649_20230411T052709_T44RKQ,39.0,57,196.0,0.29081632653061223,0.04261754397629646,0.03750000149011612,0.011468264752751792,0.07668245622986242,0.07029999792575836,0.014078091651025495,0.06629122800210066,0.053199999034404755,0.02715538314144611,0.0498122808833917,0.030300000682473183,0.033802195662104774,0.04472631604917217,0.03310000151395798,0.01957221943452183,0.039045614239416625,0.032499998807907104,0.015236165499990089,0.28368323150074537,0.3901437222957611,0.19412273990528714,0.28992369084766034,0.3263598084449768,0.10697693057244376
174,Etawah_174_20230421T051649_20230421T052441_T44RKQ.tif,20230421T051649_20230421T052441_T44RKQ,9.0,30,196.0,0.15306122448979592,0.04668000067273776,0.04795000143349171,0.013986598435634849,0.09818666701515516,0.09744999930262566,0.009462337076093258,0.0923233337700367,0.09370000287890434,0.017156237029074983,0.0730166669934988,0.06984999775886536,0.01987611807973271,0.08908999984463056,0.0872500017285347,0.007198765997008978,0.07561666667461395,0.07375000044703484,0.006338142923454517,0.1615341183419029,0.1636873483657837,0.09334727308146794,0.04775968811785181,0.04092835634946823,0.02787169113832913
175,Etawah_175_20230501T051649_20230501T052839_T44RKQ.tif,20230501T051649_20230501T052839_T44RKQ,20.0,74,196.0,0.37755102040816324,0.07123648634532818,0.05595000088214874,0.052284793057889564,0.09703918950430848,0.09995000064373016,0.05067782997491697,0.09490540550895447,0.09225000068545341,0.06254921053179387,0.052816216179446596,0.03500000014901161,0.0542049863063327,0.06997702751510046,0.06589999794960022,0.05863182610866841,0.06498378364532884,0.06444999948143959,0.04776556202512956,0.5540033364369584,0.41451799869537354,0.40566279503442115,0.36263580170674,0.145625539124012,0.35221484756923127
176,Etawah_176_20230511T051649_20230511T052839_T44RKQ.tif,20230511T051649_20230511T052839_T44RKQ,32.0,44,196.0,0.22448979591836735,0.05663181824440306,0.05569999851286411,0.01132781740889511,0.09234318187968298,0.09125000238418579,0.012702064669670764,0.08804772718047554,0.08710000291466713,0.022999026776038146,0.06686818218705329,0.06315000168979168,0.028598194437085417,0.05755681832405654,0.05244999937713146,0.018863268282247367,0.050847727890041744,0.04540000110864639,0.015883031243674406,0.19435078591446986,0.1926877349615097,0.1419908507114327,0.24504363208755173,0.26659445464611053,0.09393625839385529
177,Etawah_177_20230521T051659_20230521T052824_T44RKQ.tif,20230521T051659_20230521T052824_T44RKQ,29.0,34,196.0,0.17346938775510204,0.10902352872140267,0.10850000008940697,0.005873622898159558,0.14693529290311477,0.14559999853372574,0.006729430386388026,0.1468205890234779,0.1456499993801117,0.013566953883466787,0.14588529441286535,0.14395000040531158,0.018634505968464915,0.13256764631060994,0.13289999961853027,0.005647629687392661,0.11327647110995125,0.11425000056624413,0.004624872661671546,0.007057984804679804,0.012338671833276749,0.049138514665246893,0.05131548199364368,0.055500453338027,0.019219107320046388
178,Etawah_178_20230531T051659_20230531T052823_T44RKQ.tif,20230531T051659_20230531T052823_T44RKQ,51.0,37,196.0,0.18877551020408162,0.06707837875630404,0.07150000333786011,0.020539074916059323,0.11035135106460468,0.11100000143051147,0.019158352988514385,0.11077027143658819,0.11249999701976776,0.027789060727247787,0.08356486477360532,0.08709999918937683,0.03249530729376848,0.08069189194891904,0.08100000023841858,0.015640252396664764,0.06607837793794838,0.06759999692440033,0.011699760495761189,0.17094158956378297,0.14432992041110992,0.1472688008944041,0.15690264372608145,0.16048090159893036,0.05365845122050584
179,Etawah_179_20230610T051659_20230610T052824_T44RKQ.tif,20230610T051659_20230610T052824_T44RKQ,37.0,36,196.0,0.1836734693877551,0.07366944414873917,0.07375000044703484,0.010324911468345832,0.1153027777456575,0.11515000090003014,0.009209882862355362,0.11274444373945396,0.1169000007212162,0.019130958821772483,0.10388055567940076,0.103899996727705,0.023486471343389784,0.09882222281561957,0.09724999964237213,0.010241964367663926,0.08177777752280235,0.08150000125169754,0.008256785599366477,0.06356894567660573,0.06456408277153969,0.083665095229189,0.07792400053909256,0.08241010457277298,0.029491408503166974
180,Etawah_180_20230720T051659_20230720T052825_T44RKQ.tif,20230720T051659_20230720T052825_T44RKQ,148.0,192,196.0,0.9795918367346939,0.49364687385968864,0.34870000183582306,0.3332203975237349,0.48807031304265064,0.366799995303154,0.2819185904608356,0.48652864697699744,0.3727000057697296,0.24081601327710817,0.4410489588044584,0.38169999420642853,0.2581601035097952,0.35309895950679976,0.3087500035762787,0.2682214847524661,0.31776302043969434,0.252250000834465,0.247199754789591,0.06132993302897679,0.06398743763566017,0.04748193721755967,0.2633579310859204,0.13934506475925446,0.19460420302982
182,Etawah_182_20230903T051701_20230903T053110_T44RKQ.tif,20230903T051701_20230903T053110_T44RKQ,230.0,133,196.0,0.6785714285714286,0.06396541357936716,0.061900001019239426,0.005380262723762466,0.11018947355057064,0.10809999704360962,0.0057607472988053295,0.09409624046849129,0.08780000358819962,0.012898489825534225,0.021215037477755903,0.015599999576807022,0.014926614759413169,0.04347293260962443,0.03779999911785126,0.01470168597462599,0.033442857206091844,0.029999999329447746,0.009549658743835704,0.6961648311830104,0.7504000067710876,0.12897459554583746,0.4453684257665523,0.4818941354751587,0.09088475842303251
183,Etawah_183_20230923T051651_20230923T052212_T44RKQ.tif,20230923T051651_20230923T052212_T44RKQ,55.0,196,196.0,1.0,1.1151663268707237,1.0902000069618225,0.08217067468203514,0.9531908159961506,0.9167999923229218,0.08019570936103784,0.850238775112191,0.8183000087738037,0.0681112514795924,0.7579147952551745,0.7381000220775604,0.055909387692011155,0.15959540807775088,0.148499995470047,0.027023878595835188,0.20835306100091155,0.2062000036239624,0.014609178569480115,0.11371584690879194,0.11339947581291199,0.015636252271353943,0.7140161209568685,0.7201895117759705,0.03060354273897723
184,Etawah_184_20231003T051651_20231003T052230_T44RKQ.tif,20231003T051651_20231003T052230_T44RKQ,26.0,196,196.0,1.0,0.0706025511406514,0.07050000131130219,0.0014391902835795218,0.11000357127311278,0.11020000278949738,0.0017197050869254677,0.08874642864173772,0.08860000222921371,0.0016598309411164221,0.03100510210521063,0.030500000342726707,0.0018297079871927309,0.02225000007382157,0.022099999710917473,0.000988737506360872,0.016501020497585436,0.01640000008046627,0.0009936528741018682,0.5603977799111483,0.5663006603717804,0.02172800924669701,0.6635735871232286,0.6664154827594757,0.012574693741467425
185,Etawah_185_20231013T051741_20231013T052432_T44RKQ.tif,20231013T051741_20231013T052432_T44RKQ,60.0,130,196.0,0.6632653061224489,0.032876153892049426,0.030500000342726707,0.005822434076586449,0.06108923090191988,0.05625000037252903,0.01082745991199341,0.045180769493946664,0.03914999961853027,0.013498262452276791,0.02708307708112093,0.022700000554323196,0.011283937870744108,0.03535000027085726,0.03189999982714653,0.010104684867409952,0.028193076943548827,0.026200000196695328,0.006131422164090033,0.40109222465409683,0.41948840022087097,0.07398110249750832,0.2727820365188213,0.27528905868530273,0.057680351283725555
186,Etawah_186_20231023T051851_20231023T052716_T44RKQ.tif,20231023T051851_20231023T052716_T44RKQ,26.0,97,196.0,0.49489795918367346,0.04150927850266093,0.03720000013709068,0.00990285895741118,0.06923402050874897,0.061500001698732376,0.015830772916688822,0.05625051559553933,0.04529999941587448,0.022528461206266507,0.029995876402814977,0.016300000250339508,0.029345088680029698,0.034374226691182126,0.026000000536441803,0.018572028911910125,0.02689690722786274,0.021800000220537186,0.012067810289373797,0.48452286443855497,0.5759233832359314,0.20131901203162364,0.3650401651801676,0.398126482963562,0.09805892605120801
187,Etawah_187_20231102T051951_20231102T052415_T44RKQ.tif,20231102T051951_20231102T052415_T44RKQ,16.0,73,196.0,0.37244897959183676,0.05926164413151676,0.05779999867081642,0.006119240733907061,0.08916712307358442,0.08640000224113464,0.008388675709942079,0.07278630117030993,0.06800000369548798,0.014045798728591751,0.04397397274023866,0.03720000013709068,0.017769675818407063,0.03563287667930126,0.027000000700354576,0.020732312165622425,0.026546575460736067,0.02160000056028366,0.013254620126664465,0.35809463114567,0.39491525292396545,0.10041409321747319,0.4608988196984546,0.5221386551856995,0.14371084500665812
188,Etawah_188_20231107T052019_20231107T052323_T44RKQ.tif,20231107T052019_20231107T052323_T44RKQ,37.0,71,196.0,0.3622448979591837,0.059692957661521266,0.058400001376867294,0.00734951044624712,0.09855211242823533,0.09570000320672989,0.009758360513143167,0.0889338031411171,0.08410000056028366,0.01451220922465801,0.050707042269723515,0.04529999941587448,0.01526196876919883,0.05820845083241731,0.05139999836683273,0.017177136195103835,0.04528873256394561,0.03920000046491623,0.015736998095601716,0.3314197469555156,0.3550173342227936,0.07340545663090475,0.2684612040945762,0.2934707999229431,0.07397756004017253
189,Etawah_189_20231112T052041_20231112T052318_T44RKQ.tif,20231112T052041_20231112T052318_T44RKQ,27.0,69,196.0,0.3520408163265306,0.06007391316951185,0.05849999934434891,0.004504639793108796,0.08747101488752641,0.08540000021457672,0.007028227309279854,0.07416666655436806,0.07039999961853027,0.012112583649149418,0.05334058004444924,0.04910000041127205,0.01315740114415542,0.03550579693114412,0.027699999511241913,0.018615583912182775,0.026172463741639385,0.020800000056624413,0.014476896849885582,0.2504829700708902,0.2717795968055725,0.0628063235428058,0.448821770945105,0.5045372247695923,0.13269784107989113
190,Etawah_190_20231122T052121_20231122T052116_T44RKQ.tif,20231122T052121_20231122T052116_T44RKQ,46.0,71,196.0,0.3622448979591837,0.08759295803980088,0.0869000032544136,0.007468474996202254,0.11462535205441461,0.11219999939203262,0.009392545030149036,0.10588591566807787,0.1005999967455864,0.016124351611155708,0.0659816903127751,0.05920000001788139,0.02069147834133626,0.04390704248782615,0.03189999982714653,0.02917162121293041,0.0321211267367635,0.02290000021457672,0.023544072776183804,0.28204812906997306,0.3084004819393158,0.08085674894764627,0.4851499984670483,0.5558510422706604,0.16767808685780197
191,Etawah_191_20231202T052151_20231202T052152_T44RKQ.tif,20231202T052151_20231202T052152_T44RKQ,19.0,93,196.0,0.4744897959183674,0.05404193559160796,0.051899999380111694,0.01019296964150814,0.09702580638470189,0.09290000051259995,0.011954608309732523,0.08796344112644913,0.07980000227689743,0.019553036786207765,0.05438602162945655,0.04470000043511391,0.02178409998340049,0.0408967740593418,0.031199999153614044,0.02040863934401602,0.025051613017836566,0.01850000023841858,0.014089976877883761,0.30257050666560026,0.33630290627479553,0.10391546390607927,0.43331573609392887,0.478688508272171,0.12328831447983213
192,Etawah_192_20231212T052221_20231212T052217_T44RKQ.tif,20231212T052221_20231212T052217_T44RKQ,18.0,95,196.0,0.4846938775510204,0.054085263296177515,0.05119999870657921,0.007806595892994121,0.08298421039393074,0.07859999686479568,0.01131621383270456,0.07264421052838627,0.06480000168085098,0.018432281397658935,0.05296526312043792,0.04100000113248825,0.027069993859674974,0.03453789482775487,0.025200000032782555,0.019880787706783736,0.024375789514497707,0.018699999898672104,0.012951258540050796,0.2560551723955493,0.31475409865379333,0.12949860025479007,0.44685297245649913,0.5142594575881958,0.13677095480385956
193,Etawah_193_20231212T052221_20231212T052217_T44RKQ.tif,20231212T052221_20231212T052217_T44RKQ,18.0,95,196.0,0.4846938775510204,0.054085263296177515,0.05119999870657921,0.007806595892994121,0.08298421039393074,0.07859999686479568,0.01131621383270456,0.07264421052838627,0.06480000168085098,0.018432281397658935,0.05296526312043792,0.04100000113248825,0.027069993859674974,0.03453789482775487,0.025200000032782555,0.019880787706783736,0.024375789514497707,0.018699999898672104,0.012951258540050796,0.2560551723955493,0.31475409865379333,0.12949860025479007,0.44685297245649913,0.5142594575881958,0.13677095480385956
194,Etawah_194_20240111T052201_20240111T052201_T44RKQ.tif,20240111T052201_20240111T052201_T44RKQ,9.0,112,196.0,0.5714285714285714,0.2215964287918593,0.22874999791383743,0.0807563584401178,0.23940357153436967,0.2455499991774559,0.07591559779283864,0.23674464265682868,0.23945000022649765,0.07585817961636021,0.22812767772536194,0.22834999859333038,0.08037565706352973,0.18024107102038606,0.17634999752044678,0.07100878038208748,0.13364910766748445,0.12645000219345093,0.061536950584309726,0.030799200362317997,0.03351889178156853,0.03883206592308205,0.1546645214111777,0.16730386763811111,0.06734464320764758
195,Etawah_195_20240210T051951_20240210T052850_T44RKQ.tif,20240210T051951_20240210T052850_T44RKQ,22.0,93,196.0,0.4744897959183674,0.04159354839113451,0.03889999911189079,0.00694727937705859,0.07264623674814419,0.06880000233650208,0.010394048571330076,0.057536559199453684,0.0494999997317791,0.01890841413468981,0.03827634431742212,0.02370000071823597,0.030931413713266853,0.022955913737576494,0.013399999588727951,0.020120418997574458,0.01874731191664293,0.012900000438094139,0.013884319342891728,0.38608251019789064,0.4903225898742676,0.2120706738500664,0.577534552042683,0.6749024987220764,0.2012784282061052
196,Etawah_196_20240220T051841_20240220T052240_T44RKQ.tif,20240220T051841_20240220T052240_T44RKQ,19.0,73,196.0,0.37244897959183676,0.029521917745675127,0.026599999517202377,0.006958472580015459,0.07282739714400409,0.06849999725818634,0.010345950933293305,0.06037534232417198,0.051500000059604645,0.01809515764308212,0.047210959283864665,0.03790000081062317,0.020039595017129458,0.05476301352251066,0.05119999870657921,0.010830164554318128,0.04670821921262022,0.044199999421834946,0.0076781801519301435,0.23630414145348005,0.2808349132537842,0.0949281294475961,0.14383094547131442,0.14261884987354279,0.05504608963104207
198,Etawah_198_20240321T051651_20240321T053116_T44RKQ.tif,20240321T051651_20240321T053116_T44RKQ,9.0,68,196.0,0.3469387755102041,0.05116764691603534,0.049399999901652336,0.010853359843490092,0.08884264704059153,0.08419999852776527,0.013635025675185732,0.06999117672881659,0.05894999951124191,0.024382833828569914,0.0491720589754336,0.04024999961256981,0.02683682654796646,0.04371617646778331,0.03904999978840351,0.014392508536801341,0.03559117660145549,0.03344999998807907,0.009012389134083122,0.3254963200101081,0.34989404678344727,0.13753658454480613,0.3525383098544005,0.37558794021606445,0.08712723377476277
199,Etawah_199_20240331T051651_20240331T052929_T44RKQ.tif,20240331T051651_20240331T052929_T44RKQ,14.0,70,196.0,0.35714285714285715,0.045204285691891395,0.0430000014603138,0.008195580921503236,0.0787042855152062,0.0759500004351139,0.010063405309381688,0.06433714292943478,0.05660000070929527,0.019842818462923142,0.052500000010643685,0.04359999857842922,0.02438826973222035,0.04372285732201168,0.03955000080168247,0.01274523060000866,0.03646714285548244,0.03354999981820583,0.011733793975361877,0.22668683869498116,0.26634062826633453,0.10520132574623187,0.29454613184290274,0.32050125300884247,0.07351341041071414
200,Etawah_200_20240420T051651_20240420T052641_T44RKQ.tif,20240420T051651_20240420T052641_T44RKQ,27.0,46,196.0,0.23469387755102042,0.0646565216390983,0.06359999999403954,0.005292145574486618,0.10781956561233687,0.10734999924898148,0.004666700603402163,0.10154565229364064,0.10119999945163727,0.007901285217164985,0.10007391303129819,0.09860000014305115,0.008912581115230873,0.10084782556995102,0.10020000115036964,0.005421203882024849,0.08325434735287791,0.08320000022649765,0.00414223699635011,0.03866779316803846,0.04260077700018883,0.024045091565079568,0.03365246852373947,0.03133678063750267,0.012028621812882563
201,Etawah_201_20240430T051651_20240430T053056_T44RKQ.tif,20240430T051651_20240430T053056_T44RKQ,29.0,50,196.0,0.25510204081632654,0.06881799951195716,0.0693500004708767,0.006725137401586597,0.11762400016188622,0.11800000071525574,0.006573083365052322,0.11429000020027161,0.11425000056624413,0.012105342084675121,0.08292400047183036,0.08100000023841858,0.013336784391167566,0.0952300001680851,0.09395000338554382,0.00644491292595624,0.08131999999284745,0.08089999854564667,0.005060869326470399,0.17744762890040874,0.18345201015472412,0.051811825409229406,0.10539000395685434,0.10898904502391815,0.03355665552975343
202,Etawah_202_20240510T051651_20240510T052922_T44RKQ.tif,20240510T051651_20240510T052922_T44RKQ,25.0,49,196.0,0.25,0.06737346962398412,0.06920000165700912,0.013220913373330348,0.12112040832942846,0.12540000677108765,0.01685585994815135,0.1287673468492469,0.12710000574588776,0.019396247631268355,0.049312244549545706,0.04800000041723251,0.015237073498332827,0.08623673500759262,0.08810000121593475,0.013031072287095059,0.07984081670946004,0.08240000158548355,0.010660741021249469,0.4328662905157829,0.42506393790245056,0.10789238966057245,0.16837280372879943,0.1755952537059784,0.053886757892599293
203,Etawah_203_20240530T051651_20240530T053020_T44RKQ.tif,20240530T051651_20240530T053020_T44RKQ,19.4,9,196.0,0.04591836734693878,0.1452222251229816,0.14300000667572021,0.008666379018470885,0.19801111353768241,0.1979999989271164,0.004031389489161975,0.197711115082105,0.19740000367164612,0.00423856572713326,0.1890222214990192,0.1834000051021576,0.010507643136366263,0.19310000042120615,0.19249999523162842,0.003858326909314225,0.1990888880358802,0.19169999659061432,0.026449634037612645,0.023874611128121614,0.038176048547029495,0.023144999101715906,0.012551559756199518,0.010558833368122578,0.0049919122088345185
204,Etawah_204_20240609T051701_20240609T052940_T44RKQ.tif,20240609T051701_20240609T052940_T44RKQ,14.0,40,196.0,0.20408163265306123,0.10824999995529652,0.11015000194311142,0.009015375367475561,0.15664499960839748,0.1581999957561493,0.010630801456956527,0.1622699998319149,0.16385000199079514,0.012576250918280792,0.12794999945908786,0.12600000202655792,0.013587365443715017,0.13141500037163495,0.12939999997615814,0.010362131482931249,0.11103749983012676,0.1103999987244606,0.006940558052684141,0.10212144681136123,0.11476505547761917,0.05635926731913626,0.08781070904806257,0.09521742910146713,0.03436100123477781
205,Etawah_205_20240619T051701_20240619T052437_T44RKQ.tif,20240619T051701_20240619T052437_T44RKQ,16.3,34,196.0,0.17346938775510204,0.11654411716496244,0.11679999902844429,0.005844262601421226,0.1615794112577158,0.1622999981045723,0.0063237086272501936,0.1701470582800753,0.17140000313520432,0.00863315265688518,0.1487264698919128,0.14855000376701355,0.012852083657412685,0.14734411809374304,0.14670000225305557,0.007833232314868196,0.12202941166127429,0.12070000171661377,0.007258970980795725,0.04277907190022662,0.04859948717057705,0.047831983803587004,0.04636989254504442,0.04734847508370876,0.021559931275697206
207,Etawah_207_20240709T051651_20240709T053028_T44RKQ.tif,20240709T051651_20240709T053028_T44RKQ,109.0,196,196.0,1.0,0.17603877536496337,0.15519999712705612,0.05841038749028203,0.18912397971262737,0.16875000298023224,0.04869162676776192,0.20189489796757698,0.18709999322891235,0.03905237984329845,0.20956428577097094,0.19009999930858612,0.058933906932163084,0.07184132680829082,0.04389999993145466,0.06265362064760024,0.05205153071853731,0.030749999918043613,0.04692296715591612,-0.048408870881498194,-0.05346508137881756,0.0333974460847788,0.5235224557014144,0.5947278439998627,0.18610714490869779
208,Etawah_208_20240823T051649_20240823T052843_T44RKQ.tif,20240823T051649_20240823T052843_T44RKQ,18.4,196,196.0,1.0,0.12726581651641397,0.1274999976158142,0.005218628680478445,0.16592346914872833,0.16680000722408295,0.006176052676465113,0.1952928574565722,0.19629999995231628,0.006783905693030724,0.13511428582881177,0.13524999469518661,0.005139443183560708,0.028941836749792706,0.0284000001847744,0.0016953069918256443,0.01914438783020085,0.01850000023841858,0.0017143807524750857,0.1023642825608959,0.10245373845100403,0.006202668871095601,0.7030775963651891,0.704892635345459,0.009384802703000973
